nivel,codigo,titulo,segment_code,family_code,class_code
Segment,74000000,Acampada (cámping),74000000,,
Segment,64000000,Accesorios personales,64000000,,
Segment,96000000,Activos monetarios,96000000,,
Segment,10000000,Alimentación/cuidados de animales domésticos,10000000,,
Segment,50000000,Alimentos/Bebidas,50000000,,
Segment,84000000,Almacenamiento de herramientas/artículos de taller,84000000,,
Segment,89000000,Animales vivos,89000000,,
Segment,70000000,Arte/Artesanía/Costura,70000000,,
Segment,81000000,Artículos de jardinería/césped,81000000,,
Segment,62000000,Artículos de papelería/maquinaria de oficina/artículos para celebraciones,62000000,,
Segment,73000000,Artículos domésticos de cocina,73000000,,
Segment,51000000,Asistencia sanitaria,51000000,,
Segment,68000000,Audiovisual/fotografía,68000000,,
Segment,77000000,Automotriz,77000000,,
Segment,53000000,Belleza/cuidado personal/higiene,53000000,,
Segment,11000000,Bombas y sistemas para fluidos industriales,11000000,,
Segment,63000000,Calzado,63000000,,
Segment,65000000,Computación,65000000,,
Segment,66000000,Comunicaciones,66000000,,
Segment,92000000,Contenedores de almacenamiento/transporte,92000000,,
Segment,94000000,Cultivos,94000000,,
Segment,72000000,Electrodomésticos,72000000,,
Segment,75000000,Equipamiento de hogar/mobiliario de oficina/de uso doméstico,75000000,,
Segment,71000000,Equipamientos deportivos,71000000,,
Segment,87000000,Fluidos/Combustibles/Gases,87000000,,
Segment,79000000,Fontanería/calefacción/ventilación/aire acondicionado,79000000,,
Segment,80000000,Herramientas/Equipamiento,80000000,,
Segment,14000000,Iluminación,14000000,,
Segment,86000000,Juguetes/juegos,86000000,,
Segment,88000000,Lubricantes,88000000,,
Segment,60000000,Materiales de referencia/impresos/de texto,60000000,,
Segment,98000000,Materias primas (no alimentarias),98000000,,
Segment,61000000,Música,61000000,,
Segment,93000000,Plantas de horticultura,93000000,,
Segment,67000000,Prendas de vestir,67000000,,
Segment,83000000,Productos de construcción,83000000,,
Segment,47000000,Productos de limpieza/higiene,47000000,,
Segment,13000000,Productos para el control de plagas/plantas,13000000,,
Segment,99000000,Productos Post-Mortem,99000000,,
Segment,85000000,Protección/seguridad – Hágalo usted mismo,85000000,,
Segment,91000000,Protección/seguridad/vigilancia,91000000,,
Segment,58000000,Segmento cruzado,58000000,,
Segment,95000000,Servicios,95000000,,
Segment,78000000,Suministros eléctricos,78000000,,
Segment,12000000,Tabaco/Cannabis,12000000,,
Family,74010000,Acampada (cámping),74000000,74010000,
Family,64010000,Accesorios personales,64000000,64010000,
Family,96010000,Moneda / Gastos de envío / certificados,96000000,96010000,
Family,10110000,Bebidas/alimentación de animales domésticos,10000000,10110000,
Family,10100000,Cuidado de animales domésticos,10000000,10100000,
Family,10120000,Paquetes variados de alimentación/cuidado de animales domésticos,10000000,10120000,
Family,50150000,Aceites/grasas comestibles,50000000,50150000,
Family,50190000,Alimentos preparados/en conserva,50000000,50190000,
Family,50200000,Bebidas,50000000,50200000,
Family,50240000,Carne/carne de ave,50000000,50240000,
Family,50220000,Cereales/productos en grano/legumbres,50000000,50220000,
Family,50170000,Condimentos/conservantes/extractos,50000000,50170000,
Family,50160000,Confitería/productos de azúcar para endulzar,50000000,50160000,
Family,50270000,Frutas – Sin preparar/sin procesar (congeladas),50000000,50270000,
Family,50250000,Frutas – Sin preparar/sin procesar (frescas),50000000,50250000,
Family,50310000,Frutas – Sin preparar/sin procesar (no perecederas),50000000,50310000,
Family,50370000,Frutas / Verduras frescas y recién cortadas,50000000,50370000,
Family,50380000,Frutas/Verduras recién cortadas,50000000,50380000,
Family,50100000,Frutas/Verduras/Frutos secos/Semillas preparados/procesados,50000000,50100000,
Family,50330000,Frutos secos/Semillas – Sin preparar/sin procesar (frescos),50000000,50330000,
Family,50360000,Guarnición fresca (alimentos),50000000,50360000,
Family,50400000,Insectos comestibles,50000000,50400000,
Family,50130000,Leche/mantequilla/nata/yogures/queso/huevos/sustitutos,50000000,50130000,
Family,50340000,Nueces/Semillas - Sin Preparación/Sin Procesar (Sin Cáscara),50000000,50340000,
Family,50180000,Pan/productos de panadería,50000000,50180000,
Family,50230000,Paquetes variados de alimentos/bebidas,50000000,50230000,
Family,50120000,Pescados y Mariscos,50000000,50120000,
Family,50410000,Productos comestibles de origen animal,50000000,50410000,
Family,50390000,Sustitutos de carne/pescado/mariscos,50000000,50390000,
Family,50290000,Verduras – Sin preparar/sin procesar (congeladas),50000000,50290000,
Family,50320000,Verduras – Sin preparar/sin procesar (no perecederas),50000000,50320000,
Family,50350000,Verduras de hoja – Sin preparar/sin procesar (frescas),50000000,50350000,
Family,50260000,Verduras(sin hoja) – Sin preparar/sin procesar (frescas),50000000,50260000,
Family,84010000,Almacenamiento de herramientas/artículos de taller,84000000,84010000,
Family,89020000,Animales vivos,89000000,89020000,
Family,70010000,Artículos de arte/artesanía/costura,70000000,70010000,
Family,81010000,Artículos de jardinería/césped,81000000,81010000,
Family,62060000,Artículos de papelería/maquinaria de oficina,62000000,62060000,
Family,62070000,Paquetes variados de artículos para celebraciones/maquinaria de oficina/artículos de papelería,62000000,62070000,
Family,62050000,Tarjetas de felicitación/papel de regalo/artículos para celebraciones,62000000,62050000,
Family,73040000,Artículos de cocina,73000000,73040000,
Family,73050000,Vajilla,73000000,73050000,
Family,51100000,Ayudas/tratamientos de salud,51000000,51100000,
Family,51130000,Diagnósticos de uso doméstico,51000000,51130000,
Family,51150000,Dispositivos médicos,51000000,51150000,
Family,51160000,Medicamentos farmacéuticos,51000000,51160000,
Family,51120000,Mejora de la salud,51000000,51120000,
Family,51140000,Paquetes variados de cuidados de la salud,51000000,51140000,
Family,51110000,Planificación familiar,51000000,51110000,
Family,51170000,Productos sanitarios veterinarios,51000000,51170000,
Family,68010000,Equipos audiovisuales,68000000,68010000,
Family,68020000,Fotografía/óptica,68000000,68020000,
Family,68040000,Medios de comunicación audiovisual,68000000,68040000,
Family,68050000,Paquetes variados de audiovisual/fotografía,68000000,68050000,
Family,68030000,Productos electrónicos para el coche,68000000,68030000,
Family,77010000,Accesorios y mantenimiento de automóviles,77000000,77010000,
Family,77080000,Accesorios y mantenimiento de motocicletas,77000000,77080000,
Family,77040000,Aeronave,77000000,77040000,
Family,77050000,Automóviles especiales,77000000,77050000,
Family,77030000,Coches y motocicletas,77000000,77030000,
Family,77060000,Equipamiento ferroviario,77000000,77060000,
Family,77070000,Maquinaria agrícola,77000000,77070000,
Family,53160000,Cosméticos/fragancias,53000000,53160000,
Family,53230000,Higiene íntima,53000000,53230000,
Family,53220000,Paquetes variados de belleza/cuidado personal/higiene,53000000,53220000,
Family,53200000,Productos corporales,53000000,53200000,
Family,53180000,Productos de higiene personal,53000000,53180000,
Family,53240000,Productos de maternidad,53000000,53240000,
Family,53140000,Productos para el cabello,53000000,53140000,
Family,53130000,Productos para la piel,53000000,53130000,
Family,53250000,Tatuajes - Permanentes,53000000,53250000,
Family,11020000,Bombas de desplazamiento positivo,11000000,11020000,
Family,11010000,Bombas dinámicas,11000000,11010000,
Family,11040000,Bombas Industriales - Estructuras,11000000,11040000,
Family,11030000,Bombas industriales - Motores,11000000,11030000,
Family,11050000,Bombas industriales: piezas de repuesto/accesorios,11000000,11050000,
Family,63010000,Calzado,63000000,63010000,
Family,65010000,Computadoras/videojuegos,65000000,65010000,
Family,66010000,Comunicaciones,66000000,66010000,
Family,92010000,Botellas/garrafas/barriles de almacenamiento (vacíos),92000000,92010000,
Family,92020000,Cajas/cajones/bandejas de almacenamiento/transporte (vacíos),92000000,92020000,
Family,92030000,Contenedores de almacenamiento/transporte (vacíos),92000000,92030000,
Family,92040000,Material de almacenamiento/transporte,92000000,92040000,
Family,94030000,Césped y otros cultivos para la alimentación animal o para la mejora del suelo,94000000,94030000,
Family,94010000,Cultivos no destinados a la alimentación humana o animal (animales y pescado),94000000,94010000,
Family,94020000,Cultivos para la producción de alimentos,94000000,94020000,
Family,72010000,Grandes electrodomésticos,72000000,72010000,
Family,72020000,Pequeños electrodomésticos,72000000,72020000,
Family,75030000,Decoración para el hogar,75000000,75030000,
Family,75010000,Mobiliario de oficina/uso doméstico,75000000,75010000,
Family,75020000,Mobiliario doméstico/de oficina,75000000,75020000,
Family,75050000,Muebles de bebé,75000000,75050000,
Family,71020000,Ejercitadores para bebé / transportación,71000000,71020000,
Family,71010000,Equipamientos deportivos,71000000,71010000,
Family,87010000,Combustibles/aditivos para combustibles,87000000,87010000,
Family,87030000,Gases no empleados como combustibles,87000000,87030000,
Family,87020000,Líquidos/Combustible Almacenamiento/Transferencia,87000000,87020000,
Family,79010000,Fontanería/calefacción/ventilación/aire acondicionado,79000000,79010000,
Family,80010000,Herramientas/equipos,80000000,80010000,
Family,14010000,Iluminación,14000000,14010000,
Family,86010000,Juguetes/juegos,86000000,86010000,
Family,86020000,Productos para juego,86000000,86020000,
Family,88020000,Lubricantes/almacenamiento y transporte de compuestos protectores,88000000,88020000,
Family,88010000,Lubricantes/compuestos protectores,88000000,88010000,
Family,88030000,Paquetes variados de lubricantes,88000000,88030000,
Family,60010000,Materiales de referencia/impresos/de texto,60000000,60010000,
Family,98020000,Materia prima formada,98000000,98020000,
Family,98010000,Materia prima sin forma,98000000,98010000,
Family,61010000,Instrumentos musicales/accesorios,61000000,61010000,
Family,93080000,Arbustos/árboles,93000000,93080000,
Family,93050000,Bulbos / Cormos / Rizomas / Tubérculos,93000000,93050000,
Family,93010000,Flores cortadas,93000000,93010000,
Family,93020000,Follaje cortado,93000000,93020000,
Family,93060000,Paquetes variados de plantas,93000000,93060000,
Family,93030000,Plantas vivas (Género A-G),93000000,93030000,
Family,93040000,Plantas vivas (Género H-Z),93000000,93040000,
Family,93110000,Plántulas – listas para crecer,93000000,93110000,
Family,93100000,Ramos,93000000,93100000,
Family,93070000,Semillas/esporas,93000000,93070000,
Family,93090000,Verduras/hongos,93000000,93090000,
Family,67010000,Prendas de vestir,67000000,67010000,
Family,67020000,Ropa de dormir,67000000,67020000,
Family,67030000,Ropa Deportiva,67000000,67030000,
Family,67040000,Ropa Interior,67000000,67040000,
Family,67050000,Ropa Protectora,67000000,67050000,
Family,67060000,Trajes de baño,67000000,67060000,
Family,83010000,Productos de construcción,83000000,83010000,
Family,47220000,Limpieza Industrial,47000000,47220000,
Family,47100000,Productos de limpieza,47000000,47100000,
Family,47210000,Productos para la gestión de residuos,47000000,47210000,
Family,47200000,Suministros de higiene/limpieza,47000000,47200000,
Family,47190000,Surtidos de productos de limpieza/higiene,47000000,47190000,
Family,13010000,Productos para el control de plagas y plantas,13000000,13010000,
Family,99010000,Productos Post-Mortem,99000000,99010000,
Family,85010000,Protección/seguridad – Hágalo usted mismo,85000000,85010000,
Family,91040000,Paquetes variados de Seguridad/protección/vigilancia,91000000,91040000,
Family,91020000,Seguridad/protección medioambiental,91000000,91020000,
Family,91010000,Seguridad/protección personal,91000000,91010000,
Family,91030000,Seguridad/protección/vigilancia de hogares/negocios,91000000,91030000,
Family,91050000,Seguridad/vigilancia/protección para bebé,91000000,91050000,
Family,58010000,Segmento cruzado,58000000,58010000,
Family,95010000,Comercios y Servicios Comerciales,95000000,95010000,
Family,95020000,Construcción de edificios y servicios relacionados,95000000,95020000,
Family,95160000,Máquinas dispensadoras / expendedoras,95000000,95160000,
Family,95100000,Servicios científicos y tecnológicos,95000000,95100000,
Family,95130000,Servicios de atención médica y de belleza,95000000,95130000,
Family,95110000,Servicios de comida / bebida y alojamiento,95000000,95110000,
Family,95040000,Servicios de Comunicación,95000000,95040000,
Family,95080000,Servicios de embalaje / almacenamiento,95000000,95080000,
Family,95030000,Servicios de Limpieza,95000000,95030000,
Family,95120000,Servicios de mantenimiento / reparación e instalación,95000000,95120000,
Family,95140000,Servicios de transporte,95000000,95140000,
Family,95150000,Servicios de viaje,95000000,95150000,
Family,95050000,Servicios educativos y de entretenimiento,95000000,95050000,
Family,95060000,Servicios Energéticos y Ambientales,95000000,95060000,
Family,95070000,Servicios Financieros,95000000,95070000,
Family,95090000,Servicios postales,95000000,95090000,
Family,78040000,Cableado/tendido eléctrico,78000000,78040000,
Family,78050000,Componentes de comunicación electrónica,78000000,78050000,
Family,78060000,Componentes eléctricos generales,78000000,78060000,
Family,78020000,Conexión/distribución eléctrica,78000000,78020000,
Family,12010000,Tabaco/Cannabis/Accesorios para fumadores,12000000,12010000,
Class,74010400,Equipo de comida/bebida/cocina para acampada,74000000,74010000,74010400
Class,74010200,Equipo de iluminación/calefacción para acampada,74000000,74010000,74010200
Class,74010500,Equipo sanitario/de limpieza para acampada,74000000,74010000,74010500
Class,74010300,Mobiliario/muebles para acampada,74000000,74010000,74010300
Class,74010600,Paquetes variados de artículos para acampada,74000000,74010000,74010600
Class,74010100,Tiendas de campaña / estructuras para protegerse del clima,74000000,74010000,74010100
Class,64010100,Joyas,64000000,64010000,64010100
Class,64010200,Objetos para el transporte/accesorios personales,64000000,64010000,64010200
Class,64010400,Paquetes variados de accesorios personales,64000000,64010000,64010400
Class,64010300,Relojes de pulsera,64000000,64010000,64010300
Class,96010100,Moneda / Certificados,96000000,96010000,96010100
Class,96010200,Tarjetas prepagas / tarjetas de regalo / vales,96000000,96010000,96010200
Class,10111600,Alimentos para animales domésticos,10000000,10110000,10111600
Class,10111500,Bebidas para animales domésticos,10000000,10110000,10111500
Class,10111700,Paquetes variados de bebidas/alimentos para animales domésticos,10000000,10110000,10111700
Class,10101700,Accesorios para animales domésticos,10000000,10100000,10101700
Class,10101600,Complementos nutricionales para animales domésticos,10000000,10100000,10101600
Class,10101500,Higiene/bienestar de animales domésticos,10000000,10100000,10101500
Class,10101800,Paquetes variados de cuidados para animales domésticos,10000000,10100000,10101800
Class,10120100,Paquetes variados de alimentos/productos para el cuidado de animales domésticos,10000000,10120000,10120100
Class,50151500,Aceites comestibles,50000000,50150000,50151500
Class,50151600,Grasas comestibles,50000000,50150000,50151600
Class,50151700,Paquetes variados de aceites/grasas comestibles,50000000,50150000,50151700
Class,50192400,Alimentos dulces para untar,50000000,50190000,50192400
Class,50192100,Bocadillos,50000000,50190000,50192100
Class,50193800,Combinación de comidas preparadas/listas para consumir,50000000,50190000,50193800
Class,50193400,Paquetes variados de alimentos en conserva/preparados,50000000,50190000,50193400
Class,50192900,Pasta/fideos,50000000,50190000,50192900
Class,50192300,Postres/Sustitutos de postres/Salsas para postres/Coberturas (toppings),50000000,50190000,50192300
Class,50193200,Productos hechos con cereales,50000000,50190000,50193200
Class,50193500,Productos hechos con huevos/lácteos,50000000,50190000,50193500
Class,50193300,Productos hechos con masas,50000000,50190000,50193300
Class,50193100,Productos hechos con verduras,50000000,50190000,50193100
Class,50193000,Productos infantiles/para bebés – Alimentos/bebidas,50000000,50190000,50193000
Class,50192500,Sándwiches/rollitos rellenos/alimentos envueltos,50000000,50190000,50192500
Class,50191500,Sopas preparadas,50000000,50190000,50191500
Class,50202200,Bebidas alcohólicas (incluye variantes sin alcohol),50000000,50200000,50202200
Class,50202300,Bebidas no alcohólicas – Listas para beber,50000000,50200000,50202300
Class,50202400,Bebidas no alcohólicas – Necesitan preparación,50000000,50200000,50202400
Class,50202600,Café/Sustitutos del café,50000000,50200000,50202600
Class,50201700,Café/té/sustitutos,50000000,50200000,50201700
Class,50202500,Paquetes variados de bebidas,50000000,50200000,50202500
Class,50202700,Tés e Infusiones/Tisanas,50000000,50200000,50202700
Class,50240100,Carne/carne de ave- preparada/procesada,50000000,50240000,50240100
Class,50240200,Carne/carne de ave- sin preparar/sin procesar,50000000,50240000,50240200
Class,50240300,Salchichas de carne/ave – Preparadas/procesadas,50000000,50240000,50240300
Class,50221000,Cereales/Harinas,50000000,50220000,50221000
Class,50221300,Paquetes variados de cereales/productos en grano/legumbres,50000000,50220000,50221300
Class,50221200,Productos de cereales procesados,50000000,50220000,50221200
Class,50171900,Encurtidos/Condimentos/Chutneys/Aceitunas,50000000,50170000,50171900
Class,50172100,Envoltura para alimentos,50000000,50170000,50172100
Class,50171500,Hierbas/especias/extractos,50000000,50170000,50171500
Class,50172000,Paquetes variados de condimentos/conservantes/extractos,50000000,50170000,50172000
Class,50171800,Salsas/alimentos para untar/alimentos para mojar/condimentos,50000000,50170000,50171800
Class,50171700,Vinos de cocina/vinagres,50000000,50170000,50171700
Class,50161900,Paquetes variados de confitería/productos edulcorantes,50000000,50160000,50161900
Class,50161800,Productos de confitería,50000000,50160000,50161800
Class,50161500,Productos sustitutos del azúcar/azúcares,50000000,50160000,50161500
Class,50270100,Frutas – Sin preparar/sin procesar (congeladas),50000000,50270000,50270100
Class,50251400,Aguacates,50000000,50250000,50251400
Class,50251300,Anona,50000000,50250000,50251300
Class,50251000,Bayas/Fruta pequeña,50000000,50250000,50251000
Class,50251500,Caquis,50000000,50250000,50251500
Class,50250600,Cítricos,50000000,50250000,50250600
Class,50250900,Drupa,50000000,50250000,50250900
Class,50251900,Fruta variada,50000000,50250000,50251900
Class,50252000,Frutas – Surtidos sin preparar/sin procesar (frescas),50000000,50250000,50252000
Class,50250800,Frutas de pepita,50000000,50250000,50250800
Class,50251200,Kiwis,50000000,50250000,50251200
Class,50251600,Maracuyás,50000000,50250000,50251600
Class,50251700,Papayas,50000000,50250000,50251700
Class,50251100,Piñas,50000000,50250000,50251100
Class,50251800,Pitayas,50000000,50250000,50251800
Class,50250700,Plátanos,50000000,50250000,50250700
Class,50310100,Frutas – Sin preparar/sin procesar (no perecederas),50000000,50310000,50310100
Class,50370200,Paquete Variado de Verduras / Frutas - Recién cortadas,50000000,50370000,50370200
Class,50370100,Paquetes variados de frutas / verduras sin preparar / sin procesar (frescos),50000000,50370000,50370100
Class,50380100,Frutas - Recién cortada,50000000,50380000,50380100
Class,50380200,Verduras - Recién cortadas,50000000,50380000,50380200
Class,50101900,Combinación de frutas/frutos secos/semillas,50000000,50100000,50101900
Class,50102000,Fruta – Preparada/procesada,50000000,50100000,50102000
Class,50101800,Frutos secos/semillas – Preparados/procesados,50000000,50100000,50101800
Class,50102200,Paquetes variados de semillas/frutos secos/verduras/frutas,50000000,50100000,50102200
Class,50102100,Verduras – Preparadas/procesadas,50000000,50100000,50102100
Class,50330100,Frutos secos/Semillas – Sin preparar/sin procesar (frescos),50000000,50330000,50330100
Class,50360100,Guarnición fresca (alimentos),50000000,50360000,50360100
Class,50400100,Insectos comestibles - Preparados/Procesados,50000000,50400000,50400100
Class,50400200,Insectos comestibles - Sin Preparar/Sin procesar,50000000,50400000,50400200
Class,50132600,Derivados de leche/por producto,50000000,50130000,50132600
Class,50132300,Huevos/Extractos de huevos (proceso industrial),50000000,50130000,50132300
Class,50132500,Huevos/sustitutos de huevos,50000000,50130000,50132500
Class,50131700,Leche/sustitutos de la leche,50000000,50130000,50131700
Class,50131900,Mantequilla/sustitutos de la mantequilla,50000000,50130000,50131900
Class,50132000,Nata / sustitutos de la nata,50000000,50130000,50132000
Class,50132200,Paquetes variados de leche/mantequilla/nata/yogures/queso/huevos/sustitutos,50000000,50130000,50132200
Class,50131800,Queso/sustitutos del queso,50000000,50130000,50131800
Class,50132100,Yogur/sustitutos del yogurt,50000000,50130000,50132100
Class,50340100,Nueces/Semillas - Sin Preparación/Sin Procesar (Sin Cáscara),50000000,50340000,50340100
Class,50182100,Bizcochos/galletas,50000000,50180000,50182100
Class,50181900,Pan,50000000,50180000,50181900
Class,50181700,Panadería/mezclas de cocina/complementos,50000000,50180000,50181700
Class,50182300,Paquetes variados de productos de panadería/pan,50000000,50180000,50182300
Class,50182000,Productos de panadería dulces,50000000,50180000,50182000
Class,50182200,Productos de panadería salados,50000000,50180000,50182200
Class,50230100,Paquetes variados de alimentos/bebidas,50000000,50230000,50230100
Class,50122500,Combinación de mariscos/moluscos/pescado/invertebrados acuáticos,50000000,50120000,50122500
Class,50122000,Invertebrados acuáticos – Preparados/procesados,50000000,50120000,50122000
Class,50122300,Invertebrados acuáticos – Sin preparar/sin procesar,50000000,50120000,50122300
Class,50122100,Moluscos – Preparado/procesado,50000000,50120000,50122100
Class,50121700,Moluscos – Sin preparar/sin procesar,50000000,50120000,50121700
Class,50122400,Paquetes variados de mariscos,50000000,50120000,50122400
Class,50121900,Pescado – Preparado/procesado,50000000,50120000,50121900
Class,50121500,Pescado – Sin preparar/sin procesar,50000000,50120000,50121500
Class,50122200,Plantas acuáticas – Preparadas/procesadas,50000000,50120000,50122200
Class,50121800,Plantas acuáticas – Sin preparar/sin procesar,50000000,50120000,50121800
Class,50410200,Productos comestibles de origen animal - No preparados/No procesados,50000000,50410000,50410200
Class,50410100,Productos comestibles de origen animal - Preparados/Procesados,50000000,50410000,50410100
Class,50390100,Sustitutos de carne,50000000,50390000,50390100
Class,50390300,Sustitutos de mariscos,50000000,50390000,50390300
Class,50390200,Sustitutos de pescado,50000000,50390000,50390200
Class,50290100,Verduras – Sin preparar/sin procesar (congeladas),50000000,50290000,50290100
Class,50320100,Verduras – Sin preparar/sin procesar (no perecederas),50000000,50320000,50320100
Class,50350100,Endivias,50000000,50350000,50350100
Class,50350400,Ensalada verde de una hoja,50000000,50350000,50350400
Class,50350300,Ensalada verde multihoja,50000000,50350000,50350300
Class,50350500,Espinacas (fresca),50000000,50350000,50350500
Class,50350600,Hortalizas de hoja – Envases de variedades no preparados/no procesados,50000000,50350000,50350600
Class,50350200,Lechuga,50000000,50350000,50350200
Class,50350700,Lechuga de tallo,50000000,50350000,50350700
Class,50261100,Brasicáceas,50000000,50260000,50261100
Class,50261600,Brotes,50000000,50260000,50261600
Class,50260200,Bulbos,50000000,50260000,50260200
Class,50262600,Cañas de azúcar,50000000,50260000,50262600
Class,50260700,Cucurbitáceas – Piel comestible,50000000,50260000,50260700
Class,50260900,Cucurbitáceas – Piel no comestible,50000000,50260000,50260900
Class,50262000,Flores comestibles,50000000,50260000,50262000
Class,50261400,Frijoles (con vainas),50000000,50260000,50261400
Class,50262200,Garbanzos,50000000,50260000,50262200
Class,50261500,Guisantes (con vainas),50000000,50260000,50261500
Class,50262400,Helechos,50000000,50260000,50262400
Class,50261300,Hierbas,50000000,50260000,50261300
Class,50260300,Jitomates,50000000,50260000,50260300
Class,50262300,Jugosos,50000000,50260000,50262300
Class,50262700,Juncos,50000000,50260000,50262700
Class,50260800,Melones,50000000,50260000,50260800
Class,50261900,Micro vegetales,50000000,50260000,50261900
Class,50261000,Otras verduras,50000000,50260000,50261000
Class,50260600,Pepinos,50000000,50260000,50260600
Class,50260400,Pimientos,50000000,50260000,50260400
Class,50262500,Sapote,50000000,50260000,50262500
Class,50261700,Setas,50000000,50260000,50261700
Class,50260500,Solanácea/Otros,50000000,50260000,50260500
Class,50262100,Vegetales de tierras inundadas por la marea,50000000,50260000,50262100
Class,50261800,Verduras – Surtidos sin preparar/sin procesar (frescas),50000000,50260000,50261800
Class,50260100,Verduras de raíz/Tubérculos,50000000,50260000,50260100
Class,84010100,Almacenamiento de herramientas,84000000,84010000,84010100
Class,84010200,Artículos de taller,84000000,84010000,84010200
Class,89020100,Invertebrados,89000000,89020000,89020100
Class,89020200,Vertebrados,89000000,89020000,89020200
Class,70011600,Artes/Manualidades/Costura - Almacenamiento/Organizadores,70000000,70010000,70011600
Class,70011500,Artes/Manualidades/Herramientas de costura,70000000,70010000,70011500
Class,70011400,Artes/Manualidades/Suministros de Costura,70000000,70010000,70011400
Class,70010100,Artículos de dibujo/pintura para artistas,70000000,70010000,70010100
Class,70010700,Artículos para fabricar tarjetas/papel,70000000,70010000,70010700
Class,70011300,Paquetes variados de artes/manualidades/costura,70000000,70010000,70011300
Class,81011800,Accesorios Césped / Flores de jardín/Plantas Accesorios,81000000,81010000,81011800
Class,81010800,Aparatos de calefacción/cocina para jardín/césped,81000000,81010000,81010800
Class,81011900,Césped/Jardín Azulejos,81000000,81010000,81011900
Class,81010300,Césped/muebles de jardín/mobiliario,81000000,81010000,81010300
Class,81011500,Complementos para tierra/tierra para jardín/césped,81000000,81010000,81011500
Class,81010700,Eliminación de residuos de jardín/césped,81000000,81010000,81010700
Class,81010400,Equipo de riego para jardín/césped,81000000,81010000,81010400
Class,81011200,Equipo para jardín/césped,81000000,81010000,81011200
Class,81011400,Equipos de diagnóstico para pruebas de calidad de la tierra/césped,81000000,81010000,81011400
Class,81011100,Equipos de observación/monitorización meteorológica para jardín/césped,81000000,81010000,81011100
Class,81011000,Estructuras de exterior para jardín/césped,81000000,81010000,81011000
Class,81010100,Piscinas de jardín/Estanques/Fuentes y ornamentos acuáticos,81000000,81010000,81010100
Class,81010500,Vallas para jardín/césped,81000000,81010000,81010500
Class,62060500,Accesorios/artículos/equipos de embalaje/postales,62000000,62060000,62060500
Class,62060400,Artículos de papelería para organización,62000000,62060000,62060400
Class,62060100,Artículos/instrumentos para dibujar/escribir,62000000,62060000,62060100
Class,62060700,Cierres/carpetas/adhesivos de escritorio,62000000,62060000,62060700
Class,62060800,Cortadoras/recortadoras de escritorio,62000000,62060000,62060800
Class,62060600,Equipo para presentaciones,62000000,62060000,62060600
Class,62060300,Maquinaria de oficina,62000000,62060000,62060300
Class,62061200,Maquinaria de oficina – Otros,62000000,62060000,62061200
Class,62061000,Paquetes variados de maquinaria de oficina/papelería,62000000,62060000,62061000
Class,62061100,Películas/tarjetas/papel de escritorio,62000000,62060000,62061100
Class,62060900,Productos de archivo/almacenamiento de escritorio,62000000,62060000,62060900
Class,62070100,Paquetes variados de artículos para celebraciones/maquinaria de oficina/artículos de papelería,62000000,62070000,62070100
Class,62050100,Accesorios/papel de regalo,62000000,62050000,62050100
Class,62050400,Artículos para celebraciones,62000000,62050000,62050400
Class,62050200,Paquetes variados de artículos para celebraciones/papel de regalo/tarjetas de felicitación,62000000,62050000,62050200
Class,62050300,Tarjetas de felicitación/invitaciones,62000000,62050000,62050300
Class,73040900,Accesorios para la presentación de alimentos/bebidas,73000000,73040000,73040900
Class,73040100,Almacenamiento para la cocina,73000000,73040000,73040100
Class,73040200,Equipo de agua/bebida,73000000,73040000,73040200
Class,73041000,Recipientes para alimentos desechables,73000000,73040000,73041000
Class,73040800,Surtidos de artículos de cocina,73000000,73040000,73040800
Class,73040400,Utensilios de cocina/para hornear,73000000,73040000,73040400
Class,73040600,Utensilios para la preparación de los alimentos,73000000,73040000,73040600
Class,73040300,Utensilios para medir los alimentos,73000000,73040000,73040300
Class,73050900,Accesorios de vajilla,73000000,73050000,73050900
Class,73050500,Artículos de bar (no desechables),73000000,73050000,73050500
Class,73051000,Cubiertos (no desechables),73000000,73050000,73051000
Class,73050800,Paquetes de variedad de vajillas,73000000,73050000,73050800
Class,73050600,Servicio de vajilla (no desechable),73000000,73050000,73050600
Class,73050700,Vajilla (desechable),73000000,73050000,73050700
Class,73050200,Vajilla (no desechable),73000000,73050000,73050200
Class,73050100,Vajilla para bebé,73000000,73050000,73050100
Class,73050300,Vasos (no desechables),73000000,73050000,73050300
Class,51101600,Administración de medicamentos,51000000,51100000,51101600
Class,51101500,Ayudas personales,51000000,51100000,51101500
Class,51103200,Equipo de alimentación enteral,51000000,51100000,51103200
Class,51102300,Paquetes variados de ayudas/tratamientos para la salud,51000000,51100000,51102300
Class,51101700,Primeros auxilios,51000000,51100000,51101700
Class,51102500,Productos analgésicos,51000000,51100000,51102500
Class,51103100,Productos contra el mareo,51000000,51100000,51103100
Class,51102700,Productos de remedios gastrointestinales,51000000,51100000,51102700
Class,51103000,Productos de tratamiento para el cuero cabelludo/piel,51000000,51100000,51103000
Class,51102400,Productos de uso rectal/genital/para la vejiga,51000000,51100000,51102400
Class,51102800,Productos para aliviar el estrés/para dormir,51000000,51100000,51102800
Class,51102900,Productos para la alergia/respiratorios,51000000,51100000,51102900
Class,51102600,Remedios homeopáticos/homeopático/flores,51000000,51100000,51102600
Class,51101900,Tratamiento de hábito,51000000,51100000,51101900
Class,51103400,Tratamientos de salud / materiales de ayuda,51000000,51100000,51103400
Class,51103300,Tratamientos por boca/orales,51000000,51100000,51103300
Class,51102200,Tratamientos/ayudas para bebés,51000000,51100000,51102200
Class,51101800,Tratamientos/cuidado de las piernas/pies,51000000,51100000,51101800
Class,51102100,Tratamientos/cuidado de órganos sensoriales,51000000,51100000,51102100
Class,51131500,Monitores de diagnóstico,51000000,51130000,51131500
Class,51131700,Paquetes variados de diagnósticos de uso doméstico,51000000,51130000,51131700
Class,51131600,Pruebas de diagnóstico,51000000,51130000,51131600
Class,51150100,Dispositivos médicos,51000000,51150000,51150100
Class,51160100,Fármacos,51000000,51160000,51160100
Class,51121600,Complementos nutricionales/minerales/vitaminas,51000000,51120000,51121600
Class,51121800,Paquetes variados para mejora de la salud,51000000,51120000,51121800
Class,51121500,Productos dietéticos,51000000,51120000,51121500
Class,51121900,Productos estimulantes/energéticos,51000000,51120000,51121900
Class,51140100,Paquetes variados de cuidados de la salud,51000000,51140000,51140100
Class,51111500,Anticonceptivos de barrera,51000000,51110000,51111500
Class,51111600,Anticonceptivos hormonales,51000000,51110000,51111600
Class,51111700,Anticonceptivos intrauterinos,51000000,51110000,51111700
Class,51111800,Paquetes variados de planificación familiar,51000000,51110000,51111800
Class,51170100,Productos farmacéuticos veterinarios,51000000,51170000,51170100
Class,51170200,Productos sanitarios veterinarios,51000000,51170000,51170200
Class,68010700,Accesorios audiovisuales,68000000,68010000,68010700
Class,68010300,Artículos portátiles de vídeo/audio,68000000,68010000,68010300
Class,68010400,Equipo de audio doméstico,68000000,68010000,68010400
Class,68010800,Paquetes variados de equipos audiovisuales,68000000,68010000,68010800
Class,68010900,Recepción/instalación de vídeo,68000000,68010000,68010900
Class,68010200,Reproducción/grabación de vídeo,68000000,68010000,68010200
Class,68010100,Televisores,68000000,68010000,68010100
Class,68020300,Equipo para cuartos de revelado/impresión fotográfica,68000000,68020000,68020300
Class,68020100,Fotografía,68000000,68020000,68020100
Class,68020200,Óptica,68000000,68020000,68020200
Class,68020400,Paquetes variados de productos ópticos/fotográficos,68000000,68020000,68020400
Class,68040200,Productos multimedia grabables,68000000,68040000,68040200
Class,68040100,Productos multimedia o productos digitales pregrabados,68000000,68040000,68040100
Class,68050100,Paquetes variados de audiovisual/fotografía,68000000,68050000,68050100
Class,68030200,Audio para coches,68000000,68030000,68030200
Class,68030100,Navegación/vídeo para coches,68000000,68030000,68030100
Class,68030300,Paquetes variados de productos electrónicos para el coche,68000000,68030000,68030300
Class,77014500,Accesorios de administración de líquidos para automóviles,77000000,77010000,77014500
Class,77012900,Accesorios de apariencia/fragancia de automóviles,77000000,77010000,77012900
Class,77012500,Accesorios del exterior de automóviles – Cubiertas/protección,77000000,77010000,77012500
Class,77012200,Accesorios del exterior de automóviles – Estribos/escalones laterales,77000000,77010000,77012200
Class,77012400,Accesorios del exterior de automóviles – Lunas/deflectores,77000000,77010000,77012400
Class,77012300,Accesorios del exterior de automóviles – Rejillas/parachoques,77000000,77010000,77012300
Class,77011400,Accesorios del interior de automóviles – asientos,77000000,77010000,77011400
Class,77011600,Accesorios del interior de automóviles – confort,77000000,77010000,77011600
Class,77012100,Accesorios del interior de automóviles – decoración,77000000,77010000,77012100
Class,77011800,Accesorios del interior de automóviles – dirección,77000000,77010000,77011800
Class,77011500,Accesorios del interior de automóviles – organización,77000000,77010000,77011500
Class,77011700,Accesorios del interior de automóviles – protección solar,77000000,77010000,77011700
Class,77011900,Accesorios del interior de automóviles – revestimiento de suelo interior,77000000,77010000,77011900
Class,77012000,Accesorios del interior de automóviles – salpicadero interior,77000000,77010000,77012000
Class,77012600,Accesorios para el exterior de automóviles,77000000,77010000,77012600
Class,77012800,Accesorios para neumáticos/ruedas de automóviles,77000000,77010000,77012800
Class,77014000,Acoplamientos de luz para automóviles,77000000,77010000,77014000
Class,77015100,Anticongelante para automóviles,77000000,77010000,77015100
Class,77014700,Artículos para el cambio de líquidos de automóviles,77000000,77010000,77014700
Class,77015000,Baterías para automóviles,77000000,77010000,77015000
Class,77013700,Bujías para automóviles,77000000,77010000,77013700
Class,77014300,Componentes eléctricos para automóviles,77000000,77010000,77014300
Class,77013100,Enganche/remolque de automóviles,77000000,77010000,77013100
Class,77013200,Enganche/remolque de automóviles – Eléctrico,77000000,77010000,77013200
Class,77013400,Enganches para automóviles/Accesorios de remolque,77000000,77010000,77013400
Class,77013800,Filtros para automóviles,77000000,77010000,77013800
Class,77010900,Fluido de transmisión de automóviles,77000000,77010000,77010900
Class,77015300,Frenos de automóvil,77000000,77010000,77015300
Class,77010300,Gestión de carga de automóviles,77000000,77010000,77010300
Class,77014100,Iluminación decorativa para automóviles,77000000,77010000,77014100
Class,77013600,Limpiaparabrisas/piezas para limpiaparabrisas para automóviles,77000000,77010000,77013600
Class,77014900,Líquido limpiador de lunas para automóviles,77000000,77010000,77014900
Class,77013900,Luces/bombillas para automóviles,77000000,77010000,77013900
Class,77012700,Neumáticos/ruedas de automóviles,77000000,77010000,77012700
Class,77013500,Productos antirrobo para automóviles,77000000,77010000,77013500
Class,77010400,Productos químicos para el exterior de automóviles,77000000,77010000,77010400
Class,77010500,Productos químicos para el rendimiento de automóviles,77000000,77010000,77010500
Class,77013300,Remolques para automóviles/accesorios para remolques,77000000,77010000,77013300
Class,77010200,Reparación de la carrocería del automóvil,77000000,77010000,77010200
Class,77011200,Reparación/mantenimiento de automóviles,77000000,77010000,77011200
Class,77011300,Seguridad en automóviles,77000000,77010000,77011300
Class,77080300,Controles de Motocicleta,77000000,77080000,77080300
Class,77080100,Iluminación de Motocicleta,77000000,77080000,77080100
Class,77080200,Motor de Motocicleta,77000000,77080000,77080200
Class,77040100,Aeronave,77000000,77040000,77040100
Class,77050100,Automóviles especiales,77000000,77050000,77050100
Class,77030100,Coches,77000000,77030000,77030100
Class,77030200,Motocicletas,77000000,77030000,77030200
Class,77060100,Equipamiento ferroviario,77000000,77060000,77060100
Class,77070100,Maquinaria agrícola,77000000,77070000,77070100
Class,53161500,Aromaterapia,53000000,53160000,53161500
Class,53161300,Fragancias,53000000,53160000,53161300
Class,53161400,Paquetes variados de fragancias/cosméticos,53000000,53160000,53161400
Class,53161000,Productos cosméticos/maquillaje,53000000,53160000,53161000
Class,53161200,Productos para el cuidado/cosméticos de uñas,53000000,53160000,53161200
Class,53230100,Juguetes sexuales,53000000,53230000,53230100
Class,53220100,Paquetes variados de belleza/cuidado personal/higiene,53000000,53220000,53220100
Class,53201000,Productos para tonificar/masajes corporales,53000000,53200000,53201000
Class,53181500,Higiene bucal,53000000,53180000,53181500
Class,53181200,Higiene para el amamantamiento/femenina,53000000,53180000,53181200
Class,53181100,Higiene personal general,53000000,53180000,53181100
Class,53181300,Incontinencia en adultos,53000000,53180000,53181300
Class,53181800,Incontinencia infantil,53000000,53180000,53181800
Class,53181700,Pañales para bebé / accesorios,53000000,53180000,53181700
Class,53181600,Paquetes variados de productos de higiene personal,53000000,53180000,53181600
Class,53240100,Productos de maternidad,53000000,53240000,53240100
Class,53141200,Paquetes variados de productos para el cabello,53000000,53140000,53141200
Class,53141000,Productos para disimular/depilar el vello,53000000,53140000,53141000
Class,53141100,Productos para el cuidado del cabello,53000000,53140000,53141100
Class,53131300,Aseo corporal,53000000,53130000,53131300
Class,53131100,Cuidado de la piel,53000000,53130000,53131100
Class,53131400,Paquetes variados de productos para la piel,53000000,53130000,53131400
Class,53131200,Productos de bronceado,53000000,53130000,53131200
Class,53250100,Tatuajes - Permanentes,53000000,53250000,53250100
Class,11020200,Bombas alternativas,11000000,11020000,11020200
Class,11020300,Bombas neumáticas,11000000,11020000,11020300
Class,11020100,Bombas rotativas,11000000,11020000,11020100
Class,11010100,Bombas centrífugas,11000000,11010000,11010100
Class,11010200,Bombas sumergibles,11000000,11010000,11010200
Class,11010300,Sistemas de hidrantes contra incendios,11000000,11010000,11010300
Class,11040100,Bombas Industriales - Estructuras,11000000,11040000,11040100
Class,11030100,Bombas Industriales - Motores,11000000,11030000,11030100
Class,11050100,Bombas Industriales - Recambios/Accesorios,11000000,11050000,11050100
Class,63010200,Accesorios de calzado,63000000,63010000,63010200
Class,63010300,Calzado de uso general,63000000,63010000,63010300
Class,63010100,Calzado deportivo,63000000,63010000,63010100
Class,63010400,Calzado para casa,63000000,63010000,63010400
Class,63010500,Calzado protector/de seguridad,63000000,63010000,63010500
Class,65010100,Accesorios para videojuegos/computadoras,65000000,65010000,65010100
Class,65010200,Componentes de computadora,65000000,65010000,65010200
Class,65010500,Computadoras,65000000,65010000,65010500
Class,65011000,Consolas de videojuego,65000000,65010000,65011000
Class,65010600,Dispositivos de entrada/control de videojuegos/computadoras,65000000,65010000,65010600
Class,65010800,Equipo de redes para computadora,65000000,65010000,65010800
Class,65010900,Paquetes variados de videojuegos/computadoras,65000000,65010000,65010900
Class,65010700,Periféricos para videojuegos/computadoras,65000000,65010000,65010700
Class,65010400,Software para videojuegos/computadoras,65000000,65010000,65010400
Class,65010300,Unidades de computadora,65000000,65010000,65010300
Class,66010100,Accesorios de comunicación,66000000,66010000,66010100
Class,66010200,Dispositivos de comunicación fijos,66000000,66010000,66010200
Class,66010400,Paquetes variados de comunicación,66000000,66010000,66010400
Class,66010500,Señalización,66000000,66010000,66010500
Class,66010300,Servicios/dispositivos de comunicación móviles,66000000,66010000,66010300
Class,92010300,Barriles/bidones de almacenamiento (vacíos),92000000,92010000,92010300
Class,92010100,Botellas/garrafas de almacenamiento (vacías),92000000,92010000,92010100
Class,92020100,Cajas/cajones/bandejas de almacenamiento/transporte (vacíos),92000000,92020000,92020100
Class,92030100,Contenedores a granel (vacíos),92000000,92030000,92030100
Class,92040100,Soportes/convertidores de manipulación de plataformas,92000000,92040000,92040100
Class,94030300,Cultivos de alimentación de leguminosas,94000000,94030000,94030300
Class,94030200,Cultivos de brasicáceas o crucíferas,94000000,94030000,94030200
Class,94030100,Graminoides (Pastos),94000000,94030000,94030100
Class,94030400,Otros cultivos alimenticios,94000000,94030000,94030400
Class,94010100,Cultivos para la producción de fibras naturales y resinas (Cultivos de fibra),94000000,94010000,94010100
Class,94010300,"Cultivos para la producción de pigmentos naturales, resinas y ceras",94000000,94010000,94010300
Class,94010200,Cultivos para producción de látex,94000000,94010000,94010200
Class,94010800,Planta Tóxica para Medicamentos,94000000,94010000,94010800
Class,94010700,Plantas no tóxicas para medicamentos y aceites esenciales,94000000,94010000,94010700
Class,94022100,Aceite vegetal - cultivos rápidos,94000000,94020000,94022100
Class,94022000,Cultivos de azúcar,94000000,94020000,94022000
Class,94020400,Cultivos de bulbos comestibles,94000000,94020000,94020400
Class,94021900,Cultivos de cereales y granos,94000000,94020000,94021900
Class,94022800,Cultivos de hortalizas fructíferas - Calabaza y calabazas,94000000,94020000,94022800
Class,94022700,Cultivos de hortalizas fructíferas - Solanáceas,94000000,94020000,94022700
Class,94022300,Cultivos de leguminosas comestibles,94000000,94020000,94022300
Class,94020300,Cultivos de pomelos comestibles,94000000,94020000,94020300
Class,94021800,Cultivos para bebidas,94000000,94020000,94021800
Class,94020500,Cultivos para la producción de bayas y frutas pequeñas,94000000,94020000,94020500
Class,94021700,Cultivos para la producción de cacahuetes comestibles,94000000,94020000,94021700
Class,94020100,Cultivos para la Producción de Cherimoya,94000000,94020000,94020100
Class,94020600,Cultivos para la producción de cítricos y otras frutas de rutáceas,94000000,94020000,94020600
Class,94021400,Cultivos para la producción de fruta comestible a partir de árboles de Phyllanthaceae,94000000,94020000,94021400
Class,94021300,Cultivos para la producción de fruta comestible a partir de árboles de zapote,94000000,94020000,94021300
Class,94021500,Cultivos para la producción de fruta comestible a partir de otros árboles y plantas,94000000,94020000,94021500
Class,94020900,Cultivos para la producción de fruta comestible a partir de palmeras,94000000,94020000,94020900
Class,94020700,Cultivos para la producción de frutas con hueso,94000000,94020000,94020700
Class,94021200,Cultivos para la producción de frutos comestibles a partir de árboles de jaboncillo,94000000,94020000,94021200
Class,94021100,Cultivos para la producción de frutos comestibles de Sumac o zumaque,94000000,94020000,94021100
Class,94020800,Cultivos para la producción de frutos de cactus comestibles,94000000,94020000,94020800
Class,94021000,Cultivos para la producción de frutos de mirto comestibles,94000000,94020000,94021000
Class,94021600,Cultivos para la producción de nueces comestibles,94000000,94020000,94021600
Class,94020200,Cultivos para la producción de plátano,94000000,94020000,94020200
Class,94022500,"Cultivos Vegetales - Raíces comestibles, tubérculos y rizomas",94000000,94020000,94022500
Class,94023200,Cultivos Vegetales de Hoja - brasicáceas o crucíferas,94000000,94020000,94023200
Class,94023000,Cultivos Vegetales de Hoja - escarola o achicoria,94000000,94020000,94023000
Class,94023300,Cultivos Vegetales de Hoja - Espinacas,94000000,94020000,94023300
Class,94023100,Cultivos Vegetales de Hoja - Lechuga,94000000,94020000,94023100
Class,94023400,Cultivos Vegetales de Hoja - Otros,94000000,94020000,94023400
Class,94023600,Especias comestibles,94000000,94020000,94023600
Class,94023500,Hierbas comestibles,94000000,94020000,94023500
Class,94022600,Hongos comestibles,94000000,94020000,94022600
Class,94022400,Vegetales de tallo,94000000,94020000,94022400
Class,94022200,Verduras Brassica (Tipo col),94000000,94020000,94022200
Class,94022900,Verduras frutales - Otras,94000000,94020000,94022900
Class,72010400,Aparatos de calentamiento,72000000,72010000,72010400
Class,72010100,Aparatos de compactación/eliminación de residuos,72000000,72010000,72010100
Class,72010200,Aparatos de congelación/refrigeración,72000000,72010000,72010200
Class,72010300,Electrodomésticos de cocina grandes,72000000,72010000,72010300
Class,72010500,Electrodomésticos de lavado grandes,72000000,72010000,72010500
Class,72010600,Electrodomésticos de limpieza para la cocina,72000000,72010000,72010600
Class,72010700,Máquinas expendedoras de agua grandes,72000000,72010000,72010700
Class,72020900,Accesorios Personales,72000000,72020000,72020900
Class,72020600,Dispositivos portátiles de control de aire,72000000,72020000,72020600
Class,72020100,Electrodomésticos de cocina/calefacción pequeños,72000000,72020000,72020100
Class,72020300,Electrodomésticos de lavado,72000000,72020000,72020300
Class,72020400,Electrodomésticos de limpieza,72000000,72020000,72020400
Class,72020200,Electrodomésticos de preparación de bebidas/alimentos,72000000,72020000,72020200
Class,72020700,Electrodomésticos Pequeños – Otros,72000000,72020000,72020700
Class,72020800,Hogar inteligente / Equipo de automatización del hogar,72000000,72020000,72020800
Class,72020500,Máquinas expendedoras de agua pequeñas,72000000,72020000,72020500
Class,75030800,Banderas decorativas – Accesorios,75000000,75030000,75030800
Class,75030700,Banderas/estandartes decorativos,75000000,75030000,75030700
Class,75030200,Cuadros/espejos/marcos,75000000,75030000,75030200
Class,75030100,Decoración,75000000,75030000,75030100
Class,75030600,Paquetes variados de decoración para el hogar,75000000,75030000,75030600
Class,75030400,Relojes,75000000,75030000,75030400
Class,75010600,Accesorios de mobiliario de hogares/oficinas,75000000,75010000,75010600
Class,75010200,Asientos para oficina/de uso doméstico,75000000,75010000,75010200
Class,75010400,Camas/colchones de uso doméstico,75000000,75010000,75010400
Class,75010300,Escritorios/mesas para oficina/de uso doméstico,75000000,75010000,75010300
Class,75010700,Expositores,75000000,75010000,75010700
Class,75010100,Hogar/almacenamiento de oficina/muebles de exposición/pantallas,75000000,75010000,75010100
Class,75010500,Paquetes variados de muebles de oficina/de uso doméstico,75000000,75010000,75010500
Class,75020100,Muebles para el hogar/ropa de cama/oficina,75000000,75020000,75020100
Class,75020300,Paquetes variados de telas/complementos textiles,75000000,75020000,75020300
Class,75050300,Asientos domésticos para bebé,75000000,75050000,75050300
Class,75050200,Camas/colchones domésticos para bebé,75000000,75050000,75050200
Class,75050100,Mobiliario sanitario para bebé,75000000,75050000,75050100
Class,71020100,Ejercitadores para bebé / transportación,71000000,71020000,71020100
Class,71011900,Accesorios para equipos deportivos,71000000,71010000,71011900
Class,71011700,Artículos de caza,71000000,71010000,71011700
Class,71010400,Bates/palos de hockey/palos de golf/tacos/mazos,71000000,71010000,71010400
Class,71011800,Equipamiento para deportes acuáticos (no motorizados),71000000,71010000,71011800
Class,71010800,Equipamiento para deportes de ciclismo,71000000,71010000,71010800
Class,71010600,Equipamiento para deportes de montañismo/senderismo,71000000,71010000,71010600
Class,71011200,Equipamiento para deportes de patinetes/monopatines,71000000,71010000,71011200
Class,71012400,Equipamiento para deportes ecuestres,71000000,71010000,71012400
Class,71012000,Equipo de protección personal deportivo,71000000,71010000,71012000
Class,71011600,Equipo para armas de fuego deportivas,71000000,71010000,71011600
Class,71011300,Equipo para buceo/surf/natación,71000000,71010000,71011300
Class,71010100,Equipo para deportes al aire libre/atletismo,71000000,71010000,71010100
Class,71010700,Equipo para deportes de combate,71000000,71010000,71010700
Class,71010500,Equipo para deportes de hielo/nieve,71000000,71010000,71010500
Class,71010300,Equipo para deportes de raqueta,71000000,71010000,71010300
Class,71011500,Equipo para deportes de tiro,71000000,71010000,71011500
Class,71011000,Equipo para gimnasia,71000000,71010000,71011000
Class,71010900,Equipo para mantenimiento físico,71000000,71010000,71010900
Class,71011100,Equipo para paracaidismo/parapente,71000000,71010000,71011100
Class,71012100,Equipo para pesca con caña/pesca,71000000,71010000,71012100
Class,71011400,Mesas de deportes,71000000,71010000,71011400
Class,71012300,Paquetes variados de equipamientos deportivos,71000000,71010000,71012300
Class,71010200,Pelotas/discos/volantes/frisbees/bumeranes,71000000,71010000,71010200
Class,87010200,Aditivos para combustibles,87000000,87010000,87010200
Class,87010100,Combustibles/Ayudas ignición,87000000,87010000,87010100
Class,87010500,Combustibles/paquetes variados de aditivos para combustibles,87000000,87010000,87010500
Class,87030100,Gases técnicos,87000000,87030000,87030100
Class,87020200,Almacenamiento de fluidos/combustible,87000000,87020000,87020200
Class,79010300,Accesorios de baño,79000000,79010000,79010300
Class,79010400,Almacenamiento/tratamiento de agua,79000000,79010000,79010400
Class,79011000,Dispositivos para prevenir el contraflujo,79000000,79010000,79011000
Class,79010600,Equipos de aire acondicionado/refrigeración/ventilación,79000000,79010000,79010600
Class,79010500,Equipos de calefacción,79000000,79010000,79010500
Class,79010900,Equipos de tratamiento de desechos/aguas residuales,79000000,79010000,79010900
Class,79010700,Paquetes variados de fontanería/calefacción/refrigeración/aire acondicionado,79000000,79010000,79010700
Class,79010100,Productos de higiene,79000000,79010000,79010100
Class,79011300,Salud y Bienestar,79000000,79010000,79011300
Class,79011400,Salud y Bienestar,79000000,79010000,79011400
Class,79010800,Suministro de agua/gas,79000000,79010000,79010800
Class,80010800,Alicates/Tenazas/Abrazaderas/Herramientas de corte,80000000,80010000,80010800
Class,80012200,Brocas/Dados (no eléctricos),80000000,80010000,80012200
Class,80011900,Cepillos/cepilladoras/limas/escofinas,80000000,80010000,80011900
Class,80013400,Compresores de aire,80000000,80010000,80013400
Class,80011500,Cortafríos/gubias,80000000,80010000,80011500
Class,80011400,Cuchillos/Cuchillas (no eléctricos),80000000,80010000,80011400
Class,80010700,Destornilladores,80000000,80010000,80010700
Class,80012400,Embudos,80000000,80010000,80012400
Class,80010400,Equipo de transporte/elevación/escalada/manipulación,80000000,80010000,80010400
Class,80013500,Equipos de Aspiración,80000000,80010000,80013500
Class,80013600,Herramientas de Carpintería,80000000,80010000,80013600
Class,80010500,Herramientas de demolición/remoción,80000000,80010000,80010500
Class,80012700,Herramientas de generación de calor/soldadura,80000000,80010000,80012700
Class,80013200,Herramientas de lubricación/adhesivos,80000000,80010000,80013200
Class,80010200,Herramientas de mampostería,80000000,80010000,80010200
Class,80010100,Herramientas de señalización/nivelación/medición,80000000,80010000,80010100
Class,80013000,Herramientas oscilantes/rotativas,80000000,80010000,80013000
Class,80010300,Herramientas para azulejos/vidrio/albañilería,80000000,80010000,80010300
Class,80013100,Herramientas para concreto/hormigón,80000000,80010000,80013100
Class,80010600,Herramientas para remachar/grapar/clavar,80000000,80010000,80010600
Class,80012000,Herramientas para tubos/tuberías,80000000,80010000,80012000
Class,80012800,Herramientas/equipos – (otros),80000000,80010000,80012800
Class,80011700,Llaves inglesas/llaves de tuercas/llaves,80000000,80010000,80011700
Class,80011600,Martillos/mazos/hachas/yunques,80000000,80010000,80011600
Class,80012900,Militar - Equipos especiales de ingeniería,80000000,80010000,80012900
Class,80012300,Paquetes variados de herramientas/equipamientos,80000000,80010000,80012300
Class,80011300,Punzones/perforadoras/embutidores de clavos,80000000,80010000,80011300
Class,80011000,Rectificadoras/Afiladoras/Raspadores/Lijadoras,80000000,80010000,80011000
Class,80013300,Rociadores,80000000,80010000,80013300
Class,80011800,Sierras (no eléctricos),80000000,80010000,80011800
Class,80011100,Taladros (no eléctricos),80000000,80010000,80011100
Class,80013700,Tijeras,80000000,80010000,80013700
Class,80010900,Tornillos de banco/abrazaderas,80000000,80010000,80010900
Class,14010400,Antorchas/Linternas,14000000,14010000,14010400
Class,14010200,Componentes de control de iluminación,14000000,14010000,14010200
Class,14010300,Iluminación - Otros,14000000,14010000,14010300
Class,14010500,Iluminación - Recambios/Accesorios,14000000,14010000,14010500
Class,14010100,Lámparas/Alumbrado,14000000,14010000,14010100
Class,86010300,Accesorios de muñecos de peluche/marionetas/muñecas,86000000,86010000,86010300
Class,86010500,Disfraces/accesorios,86000000,86010000,86010500
Class,86010700,Estructuras de juego/juegos al aire libre,86000000,86010000,86010700
Class,86010800,Juegos de mesa,86000000,86010000,86010800
Class,86011000,Juguetes – Correpasillos,86000000,86010000,86011000
Class,86011300,Juguetes / juegos – Otros,86000000,86010000,86011300
Class,86011200,Juguetes de rol,86000000,86010000,86011200
Class,86010400,Juguetes educativos/para el desarrollo,86000000,86010000,86010400
Class,86010600,Juguetes musicales,86000000,86010000,86010600
Class,86010200,Muñecas/marionetas/muñecos de peluche,86000000,86010000,86010200
Class,86010900,Paquetes variados de juegos/juguetes,86000000,86010000,86010900
Class,86010100,Puzles/juegos de naipes/juegos de tablero,86000000,86010000,86010100
Class,86011100,Vehículos de juguete – No aptos para montarse en ellos,86000000,86010000,86011100
Class,86020100,Productos para juego,86000000,86020000,86020100
Class,88020200,Lubricantes/almacenamiento de compuestos protectores,88000000,88020000,88020200
Class,88010200,Compuestos de protección,88000000,88010000,88010200
Class,88010500,Lubricantes/paquetes variados de compuestos de protección,88000000,88010000,88010500
Class,88010100,Productos de lubricación,88000000,88010000,88010100
Class,88030100,Paquetes variados de lubricantes,88000000,88030000,88030100
Class,60010200,Libros,60000000,60010000,60010200
Class,60010400,Mapas,60000000,60010000,60010400
Class,60010100,Paquetes variados de materiales de referencia/impresos/de texto,60000000,60010000,60010100
Class,60010300,Publicaciones periódicas,60000000,60010000,60010300
Class,98020100,Materia Prima (Formada),98000000,98020000,98020100
Class,98020300,Material de desecho (formado),98000000,98020000,98020300
Class,98020200,Material reciclado/renovable,98000000,98020000,98020200
Class,98010100,Materia prima (sin forma),98000000,98010000,98010100
Class,61010400,Accesorios de instrumentos musicales,61000000,61010000,61010400
Class,61010300,Instrumentos musicales (eléctricos),61000000,61010000,61010300
Class,61010200,Instrumentos musicales (no eléctricos),61000000,61010000,61010200
Class,61010500,Paquetes variados de accesorios/instrumentos musicales,61000000,61010000,61010500
Class,93080200,Abies (abeto),93000000,93080000,93080200
Class,93080300,Araucaria,93000000,93080000,93080300
Class,93080100,Arbustos/árboles,93000000,93080000,93080100
Class,93080400,Picea,93000000,93080000,93080400
Class,93080500,Pinos,93000000,93080000,93080500
Class,93050100,Bulbos / Cormos / Rizomas / Tubérculos,93000000,93050000,93050100
Class,93010100,Agapanthus – Flores cortadas,93000000,93010000,93010100
Class,93010200,Alchemilla – Flores cortadas,93000000,93010000,93010200
Class,93010300,Alstroemeria – Flores cortadas,93000000,93010000,93010300
Class,93010400,Anémona – Flores cortadas,93000000,93010000,93010400
Class,93010500,Anthurium – Flores cortadas,93000000,93010000,93010500
Class,93010600,Antirrhinum – Flores cortadas,93000000,93010000,93010600
Class,93010700,Aster – Flores cortadas,93000000,93010000,93010700
Class,93010800,Bouvardia – Flores cortadas,93000000,93010000,93010800
Class,93010900,Celosia – Flores cortadas,93000000,93010000,93010900
Class,93011000,Chamelaucium – Flores cortadas,93000000,93010000,93011000
Class,93011100,Crisantemo – Flores cortadas,93000000,93010000,93011100
Class,93011200,Cymbidium – Flores cortadas,93000000,93010000,93011200
Class,93011400,Dahlia – Flores cortadas,93000000,93010000,93011400
Class,93011500,Delphinium – Flores cortadas,93000000,93010000,93011500
Class,93011600,Dianthus – Flores cortadas,93000000,93010000,93011600
Class,93011700,Eryngium – Flores cortadas,93000000,93010000,93011700
Class,93011800,Eustoma – Flores cortadas,93000000,93010000,93011800
Class,93013500,Flores cortadas Otros,93000000,93010000,93013500
Class,93011900,Freesia – Flores cortadas,93000000,93010000,93011900
Class,93012000,Gerbera – Flores cortadas,93000000,93010000,93012000
Class,93012100,Gladiolus – Flores cortadas,93000000,93010000,93012100
Class,93012200,Gypsophila – Flores cortadas,93000000,93010000,93012200
Class,93012300,Helianthus – Flores cortadas,93000000,93010000,93012300
Class,93012400,Hippeastrum – Flores cortadas,93000000,93010000,93012400
Class,93012500,Hyacinthus – Flores cortadas,93000000,93010000,93012500
Class,93012600,Hydrangea – Flores cortadas,93000000,93010000,93012600
Class,93012700,Hypericum – Flores cortadas,93000000,93010000,93012700
Class,93012800,Ilex – Flores cortadas,93000000,93010000,93012800
Class,93012900,Iris – Flores cortadas,93000000,93010000,93012900
Class,93013000,Lilium – Flores cortadas,93000000,93010000,93013000
Class,93013100,Limonium – Flores cortadas,93000000,93010000,93013100
Class,93013200,Matthiola – Flores cortadas,93000000,93010000,93013200
Class,93013300,Narciso – Flores cortadas,93000000,93010000,93013300
Class,93013400,Ornithogalum – Flores cortadas,93000000,93010000,93013400
Class,93013600,Paeonia – Flores cortadas,93000000,93010000,93013600
Class,93013700,Phalaenopsis – Flores cortadas,93000000,93010000,93013700
Class,93013800,Phlox – Flores cortadas,93000000,93010000,93013800
Class,93013900,Pittosporum – Flores cortadas,93000000,93010000,93013900
Class,93014000,Ranunculus – Flores cortadas,93000000,93010000,93014000
Class,93014100,Rosa – Flores cortadas,93000000,93010000,93014100
Class,93014200,Solidago – Flores cortadas,93000000,93010000,93014200
Class,93014300,Strelitzia – Flores cortadas,93000000,93010000,93014300
Class,93014400,Syringa – Flores cortadas,93000000,93010000,93014400
Class,93014500,Tanacetum – Flores cortadas,93000000,93010000,93014500
Class,93014600,Trachelium – Flores cortadas,93000000,93010000,93014600
Class,93014700,Tulipa – Flores cortadas,93000000,93010000,93014700
Class,93014800,Vanda – Flores cortadas,93000000,93010000,93014800
Class,93014900,Veronica – Flores cortadas,93000000,93010000,93014900
Class,93015000,Viburnum – Flores cortadas,93000000,93010000,93015000
Class,93015100,Zantedeschia – Flores cortadas,93000000,93010000,93015100
Class,93020100,Agapanthus – Follaje cortado,93000000,93020000,93020100
Class,93020200,Anthurium – Follaje cortado,93000000,93020000,93020200
Class,93020400,Aspidistra – Follaje cortado,93000000,93020000,93020400
Class,93020500,Astilbe – Follaje cortado,93000000,93020000,93020500
Class,93020600,Brassica – Follaje cortado,93000000,93020000,93020600
Class,93020700,Carthamus – Follaje cortado,93000000,93020000,93020700
Class,93020800,Corylus – Follaje cortado,93000000,93020000,93020800
Class,93020900,Crocosmia – Follaje cortado,93000000,93020000,93020900
Class,93021000,Cucumis – Follaje cortado,93000000,93020000,93021000
Class,93021100,Cucurbita – Follaje cortado,93000000,93020000,93021100
Class,93021300,Dracaena – Follaje cortado,93000000,93020000,93021300
Class,93020300,Espárragos – Follaje cortado,93000000,93020000,93020300
Class,93021400,Eucalipto – Follaje cortado,93000000,93020000,93021400
Class,93021500,Eupatorium – Follaje cortado,93000000,93020000,93021500
Class,93021600,Fatsia – Follaje cortado,93000000,93020000,93021600
Class,93022400,Follaje cortado – Otros,93000000,93020000,93022400
Class,93021700,Gomphocarpus – Follaje cortado,93000000,93020000,93021700
Class,93021800,Hydrangea – Follaje cortado,93000000,93020000,93021800
Class,93021900,Ilex – Follaje cortado,93000000,93020000,93021900
Class,93022000,Leucadendron – Follaje cortado,93000000,93020000,93022000
Class,93022100,Lilium – Follaje cortado,93000000,93020000,93022100
Class,93022200,Matthiola – Follaje cortado,93000000,93020000,93022200
Class,93022300,Monstera – Follaje cortado,93000000,93020000,93022300
Class,93022500,Panicum – Follaje cortado,93000000,93020000,93022500
Class,93022600,Physalis – Follaje cortado,93000000,93020000,93022600
Class,93022700,Pittosporum – Follaje cortado,93000000,93020000,93022700
Class,93022800,Quercus – Follaje cortado,93000000,93020000,93022800
Class,93022900,Rosa – Follaje cortado,93000000,93020000,93022900
Class,93023000,Ruscus – Follaje cortado,93000000,93020000,93023000
Class,93023100,Salix – Follaje cortado,93000000,93020000,93023100
Class,93023200,Setaria – Follaje cortado,93000000,93020000,93023200
Class,93023300,Strelitzia – Follaje cortado,93000000,93020000,93023300
Class,93023400,Symphoricarpos – Follaje cortado,93000000,93020000,93023400
Class,93023500,Syringa – Follaje cortado,93000000,93020000,93023500
Class,93023600,Thlaspi – Follaje cortado,93000000,93020000,93023600
Class,93021200,Variedad de verduras cortadas,93000000,93020000,93021200
Class,93023700,Viburnum – Follaje cortado,93000000,93020000,93023700
Class,93023800,Zantedeschia – Follaje cortado,93000000,93020000,93023800
Class,93060100,Paquetes variados de plantas,93000000,93060000,93060100
Class,93030100,Aechmea – Plantas vivas,93000000,93030000,93030100
Class,93030200,Aeonium – Plantas vivas,93000000,93030000,93030200
Class,93030300,Agapanthus – Plantas vivas,93000000,93030000,93030300
Class,93030400,Alocasia – Plantas vivas,93000000,93030000,93030400
Class,93030500,Aloe – Plantas vivas,93000000,93030000,93030500
Class,93030600,Alstroemeria – Plantas vivas,93000000,93030000,93030600
Class,93030700,Anémona – plantas vivas,93000000,93030000,93030700
Class,93030800,Angelonia – Plantas vivas,93000000,93030000,93030800
Class,93030900,Anisodontea – Plantas vivas,93000000,93030000,93030900
Class,93031000,Anthurium – Plantas vivas,93000000,93030000,93031000
Class,93031100,Antirrhinum – Plantas vivas,93000000,93030000,93031100
Class,93031200,Argyranthemum – Plantas vivas,93000000,93030000,93031200
Class,93031300,Armeria – Plantas vivas,93000000,93030000,93031300
Class,93031400,Aster – Plantas vivas,93000000,93030000,93031400
Class,93031500,Astilbe – Plantas vivas,93000000,93030000,93031500
Class,93031600,Aubrieta – Plantas vivas,93000000,93030000,93031600
Class,93031700,Begonia – Plantas vivas,93000000,93030000,93031700
Class,93031800,Bellis – Plantas vivas,93000000,93030000,93031800
Class,93031900,Bidens – Plantas vivas,93000000,93030000,93031900
Class,93032000,Bougainvillea – Plantas vivas,93000000,93030000,93032000
Class,93032100,Brachyscome – Plantas vivas,93000000,93030000,93032100
Class,93032200,Brassica – Plantas vivas,93000000,93030000,93032200
Class,93032300,Bromelia – Plantas vivas,93000000,93030000,93032300
Class,93032400,Brugmansia – Plantas vivas,93000000,93030000,93032400
Class,93037700,Cafetos - Plantas vivas,93000000,93030000,93037700
Class,93032500,Calathea – Plantas vivas,93000000,93030000,93032500
Class,93032600,Calibrachoa – Plantas vivas,93000000,93030000,93032600
Class,93032700,Calocephalus – Plantas vivas,93000000,93030000,93032700
Class,93032800,Campanula – Plantas vivas,93000000,93030000,93032800
Class,93032900,Canna – Plantas vivas,93000000,93030000,93032900
Class,93037600,Castanospermum - Plantas vivas,93000000,93030000,93037600
Class,93033000,Celosia – Plantas vivas,93000000,93030000,93033000
Class,93033100,Chamaedorea – Plantas vivas,93000000,93030000,93033100
Class,93033200,Chlorophytum – Plantas vivas,93000000,93030000,93033200
Class,93033400,Clivia – Plantas vivas,93000000,93030000,93033400
Class,93033500,Cocos – Plantas vivas,93000000,93030000,93033500
Class,93033600,Codiaeum – Plantas vivas,93000000,93030000,93033600
Class,93033700,Cordyline – Plantas vivas,93000000,93030000,93033700
Class,93033800,Coreopsis – Plantas vivas,93000000,93030000,93033800
Class,93033900,Cortaderia – Plantas vivas,93000000,93030000,93033900
Class,93034000,Cosmos – Plantas vivas,93000000,93030000,93034000
Class,93033300,Crisantemo – plantas vivas,93000000,93030000,93033300
Class,93034100,Cuphea – Plantas vivas,93000000,93030000,93034100
Class,93034200,Cupressus – Plantas vivas,93000000,93030000,93034200
Class,93034300,Curcuma – Plantas vivas,93000000,93030000,93034300
Class,93034400,Cycas – Plantas vivas,93000000,93030000,93034400
Class,93034500,Cyclamen – plantas vivas,93000000,93030000,93034500
Class,93034600,Cymbidium – Plantas vivas,93000000,93030000,93034600
Class,93034700,Cyperus – Plantas vivas,93000000,93030000,93034700
Class,93034800,Dahlia – Plantas vivas,93000000,93030000,93034800
Class,93034900,Delphinium – Plantas vivas,93000000,93030000,93034900
Class,93035000,Dendrobium – Plantas vivas,93000000,93030000,93035000
Class,93035100,Dianthus – plantas vivas,93000000,93030000,93035100
Class,93035200,Dicentra – Plantas vivas,93000000,93030000,93035200
Class,93035300,Dieffenbachia – Plantas vivas,93000000,93030000,93035300
Class,93037800,Dionaea atrapamoscas o venus atrapamoscas - Plantas vivas,93000000,93030000,93037800
Class,93035400,Dorotheanthus – plantas vivas,93000000,93030000,93035400
Class,93035500,Dracaena – Plantas vivas,93000000,93030000,93035500
Class,93035600,Dypsis – Plantas vivas,93000000,93030000,93035600
Class,93035700,Echeveria – Plantas vivas,93000000,93030000,93035700
Class,93035800,Echinacea – Plantas vivas,93000000,93030000,93035800
Class,93035900,Epipremnum – Plantas vivas,93000000,93030000,93035900
Class,93036000,Euphorbia – Plantas vivas,93000000,93030000,93036000
Class,93036100,Euryops – Plantas vivas,93000000,93030000,93036100
Class,93036200,Fargesia – Plantas vivas,93000000,93030000,93036200
Class,93036300,Felicia – Plantas vivas,93000000,93030000,93036300
Class,93036400,Festuca – Plantas vivas,93000000,93030000,93036400
Class,93037400,Ficus – Plantas vivas,93000000,93030000,93037400
Class,93036500,Fittonia – Plantas vivas,93000000,93030000,93036500
Class,93036600,Fuchsia – Plantas vivas,93000000,93030000,93036600
Class,93036700,Gardenia – Plantas vivas,93000000,93030000,93036700
Class,93036800,Gaura – Plantas vivas,93000000,93030000,93036800
Class,93036900,Gazania – Plantas vivas,93000000,93030000,93036900
Class,93037000,Gentiana – Plantas vivas,93000000,93030000,93037000
Class,93037100,Gerbera – Plantas vivas,93000000,93030000,93037100
Class,93037200,Guzmania – Plantas vivas,93000000,93030000,93037200
Class,93037300,Gypsophila – Plantas vivas,93000000,93030000,93037300
Class,93040100,Hedera – Plantas vivas,93000000,93040000,93040100
Class,93040200,Helianthus – Plantas vivas,93000000,93040000,93040200
Class,93040300,Helichrysum – Plantas vivas,93000000,93040000,93040300
Class,93040400,Heliotropium – Plantas vivas,93000000,93040000,93040400
Class,93040500,Helleborus – Plantas vivas,93000000,93040000,93040500
Class,93040600,Heuchera – Plantas vivas,93000000,93040000,93040600
Class,93040700,Hibiscus – plantas vivas,93000000,93040000,93040700
Class,93040800,Hippeastrum – Plantas vivas,93000000,93040000,93040800
Class,93040900,Hordeum – Plantas vivas,93000000,93040000,93040900
Class,93041000,Hosta – Plantas vivas,93000000,93040000,93041000
Class,93041100,Howea – Plantas vivas,93000000,93040000,93041100
Class,93041200,Hyacinthus – Plantas vivas,93000000,93040000,93041200
Class,93041300,Hydrangea – Plantas vivas,93000000,93040000,93041300
Class,93041400,Impatiens – Plantas vivas,93000000,93040000,93041400
Class,93041500,Jasminum – Plantas vivas,93000000,93040000,93041500
Class,93041600,Kalanchoe – Plantas vivas,93000000,93040000,93041600
Class,93041700,Lantana – Plantas vivas,93000000,93040000,93041700
Class,93041800,Leucanthemum – Plantas vivas,93000000,93040000,93041800
Class,93041900,Lewisia – Plantas vivas,93000000,93040000,93041900
Class,93042000,Lilium – Plantas vivas,93000000,93040000,93042000
Class,93042100,Lithodora – Plantas vivas,93000000,93040000,93042100
Class,93042300,Livistona – Plantas vivas,93000000,93040000,93042300
Class,93042400,Lobelia – Plantas vivas,93000000,93040000,93042400
Class,93042500,Lotus – plantas vivas,93000000,93040000,93042500
Class,93048700,Ludwigia - Live Plants,93000000,93040000,93048700
Class,93042600,Lupinus – Plantas vivas,93000000,93040000,93042600
Class,93042700,Mandevilla – Plantas vivas,93000000,93040000,93042700
Class,93042800,Medinilla – Plantas vivas,93000000,93040000,93042800
Class,93042900,Miltonia – Plantas vivas,93000000,93040000,93042900
Class,93048800,Musa - Plantas vivas,93000000,93040000,93048800
Class,93043000,Muscari – Plantas vivas,93000000,93040000,93043000
Class,93043100,Myosotis – Plantas vivas,93000000,93040000,93043100
Class,93043200,Narciso – Plantas vivas,93000000,93040000,93043200
Class,93043300,Nephrolepis – Plantas vivas,93000000,93040000,93043300
Class,93043400,Nolina – Plantas vivas,93000000,93040000,93043400
Class,93043500,Nymphaea – Plantas vivas,93000000,93040000,93043500
Class,93043600,Oncidium – Plantas vivas,93000000,93040000,93043600
Class,93043700,Orchis – Plantas vivas,93000000,93040000,93043700
Class,93043800,Ornithogalum – Plantas vivas,93000000,93040000,93043800
Class,93043900,Osteospermum – Plantas vivas,93000000,93040000,93043900
Class,93044100,Pachira – Plantas vivas,93000000,93040000,93044100
Class,93044200,Paeonia – Plantas vivas,93000000,93040000,93044200
Class,93044300,Papaver – Plantas vivas,93000000,93040000,93044300
Class,93044400,Paphiopedilum – Plantas vivas,93000000,93040000,93044400
Class,93042200,Paquetes variados de plantas vivas,93000000,93040000,93042200
Class,93044500,Pelargonium – Plantas vivas,93000000,93040000,93044500
Class,93044600,Pennisetum – Plantas vivas,93000000,93040000,93044600
Class,93048900,Peperomia - Plantas vivas,93000000,93040000,93048900
Class,93044700,Petunia – Plantas vivas,93000000,93040000,93044700
Class,93044800,Phalaenopsis – Plantas vivas,93000000,93040000,93044800
Class,93049100,Philodendron - Plantas vivas,93000000,93040000,93049100
Class,93044900,Phlox – Plantas vivas,93000000,93040000,93044900
Class,93045000,Phoenix – Plantas vivas,93000000,93040000,93045000
Class,93049000,Pilea - Plantas vivas,93000000,93040000,93049000
Class,93044000,Plantas vivas – Otras,93000000,93040000,93044000
Class,93045100,Platycodon – Plantas vivas,93000000,93040000,93045100
Class,93045200,Plectranthus – Plantas vivas,93000000,93040000,93045200
Class,93049200,Polyscias - Plantas vivas,93000000,93040000,93049200
Class,93045300,Portulaca – Plantas vivas,93000000,93040000,93045300
Class,93045400,Primula – Plantas vivas,93000000,93040000,93045400
Class,93045500,Ranunculus – Plantas vivas,93000000,93040000,93045500
Class,93049300,Rhapis - plantas vivas,93000000,93040000,93049300
Class,93045600,Rhipsalidopsis – Plantas vivas,93000000,93040000,93045600
Class,93045700,Rhododendron – plantas vivas,93000000,93040000,93045700
Class,93045800,Rosa – Plantas vivas,93000000,93040000,93045800
Class,93045900,Saintpaulia – Plantas vivas,93000000,93040000,93045900
Class,93046000,Salvia – Plantas vivas,93000000,93040000,93046000
Class,93046100,Sansevieria – Plantas vivas,93000000,93040000,93046100
Class,93046200,Sanvitalia – Plantas vivas,93000000,93040000,93046200
Class,93046400,Saxifraga – Plantas vivas,93000000,93040000,93046400
Class,93046500,Schefflera – Plantas vivas,93000000,93040000,93046500
Class,93046600,Schlumbergera – Plantas vivas,93000000,93040000,93046600
Class,93046700,Sedum – Plantas vivas,93000000,93040000,93046700
Class,93046800,Sempervivum – Plantas vivas,93000000,93040000,93046800
Class,93046900,Senecio – Plantas vivas,93000000,93040000,93046900
Class,93047000,Sinningia – Plantas vivas,93000000,93040000,93047000
Class,93047100,Solanum – Plantas vivas,93000000,93040000,93047100
Class,93047200,Spathiphyllum – Plantas vivas,93000000,93040000,93047200
Class,93047300,Stephanotis – Plantas vivas,93000000,93040000,93047300
Class,93047400,Sutera – Plantas vivas,93000000,93040000,93047400
Class,93047500,Tagetes – Plantas vivas,93000000,93040000,93047500
Class,93047600,Tillandsia – Plantas vivas,93000000,93040000,93047600
Class,93047700,Tulipa – Plantas vivas,93000000,93040000,93047700
Class,93047800,Vanda – Plantas vivas,93000000,93040000,93047800
Class,93047900,Verbena – Plantas vivas,93000000,93040000,93047900
Class,93048000,Viola – Plantas vivas,93000000,93040000,93048000
Class,93048100,Vriesea – Plantas vivas,93000000,93040000,93048100
Class,93048200,XBurrageara – Plantas vivas,93000000,93040000,93048200
Class,93048300,XCitrofortunella – Plantas vivas,93000000,93040000,93048300
Class,93048400,Yuca – Plantas vivas,93000000,93040000,93048400
Class,93048500,Zamioculcas – Plantas vivas,93000000,93040000,93048500
Class,93048600,Zantedeschia – Plantas vivas,93000000,93040000,93048600
Class,93110100,Plántulas – listas para crecer,93000000,93110000,93110100
Class,93100100,Ramos,93000000,93100000,93100100
Class,93070200,Esporas,93000000,93070000,93070200
Class,93070100,Semillas/esporas,93000000,93070000,93070100
Class,93090100,Verduras/hongos,93000000,93090000,93090100
Class,67010100,Accesorios para la ropa,67000000,67010000,67010100
Class,67011100,Paquetes variados de ropa,67000000,67010000,67011100
Class,67010300,Prendas para la parte inferior del cuerpo/pantalones,67000000,67010000,67010300
Class,67010800,Prendas para la parte superior del cuerpo/tops,67000000,67010000,67010800
Class,67010200,Prendas para todo el cuerpo,67000000,67010000,67010200
Class,67020100,Ropa de dormir,67000000,67020000,67020100
Class,67030100,Ropa Deportiva,67000000,67030000,67030100
Class,67040100,Ropa Interior,67000000,67040000,67040100
Class,67050100,Ropa Protectora,67000000,67050000,67050100
Class,67060100,Trajes de baño,67000000,67060000,67060100
Class,83010300,Aislamiento,83000000,83010000,83010300
Class,83011500,Apilado/rieles,83000000,83010000,83011500
Class,83010600,Asfalto/hormigón/albañilería,83000000,83010000,83010600
Class,83011400,Canalización/drenaje,83000000,83010000,83011400
Class,83010700,Componentes/Acoplamientos estructurales,83000000,83010000,83010700
Class,83011300,Cristal,83000000,83010000,83011300
Class,83012500,Cubiertas / paneles de acceso,83000000,83010000,83012500
Class,83011900,Ferretería de fijaciones/cierres,83000000,83010000,83011900
Class,83011200,Ferretería para puertas,83000000,83010000,83011200
Class,83010800,Madera/panel de madera/yeso,83000000,83010000,83010800
Class,83011000,Moldes/aserrado/partes de escaleras,83000000,83010000,83011000
Class,83010500,Paquetes variados de productos de construcción,83000000,83010000,83010500
Class,83010900,Partes/accesorios para ventanas,83000000,83010000,83010900
Class,83012000,Piezas/accesorios para cortinas,83000000,83010000,83012000
Class,83010400,Pintura,83000000,83010000,83010400
Class,83011800,Productos abrasivos,83000000,83010000,83011800
Class,83012400,Productos de construcción – otros,83000000,83010000,83012400
Class,83011100,Puertas,83000000,83010000,83011100
Class,83012300,Revestimiento/moldura exterior,83000000,83010000,83012300
Class,83010100,Revestimientos de pared/techo,83000000,83010000,83010100
Class,83012100,Selladores/rellenadores/adhesivos,83000000,83010000,83012100
Class,83011700,Techado,83000000,83010000,83011700
Class,83012600,Techo al aire libre / estructuras de refugio,83000000,83010000,83012600
Class,83012200,Ventanas,83000000,83010000,83012200
Class,47220100,Limpieza industrial de pisos,47000000,47220000,47220100
Class,47101500,Ambientadores/desodorantes,47000000,47100000,47101500
Class,47101900,Cuidado de superficies,47000000,47100000,47101900
Class,47102100,Cuidado del platos,47000000,47100000,47102100
Class,47101700,Lavandería,47000000,47100000,47101700
Class,47101600,Limpiadores,47000000,47100000,47101600
Class,47102000,Surtidos de limpiadores,47000000,47100000,47102000
Class,47210100,Productos de almacenamiento de residuos,47000000,47210000,47210100
Class,47200200,Ayuda de limpieza,47000000,47200000,47200200
Class,47200300,Ayuda para lavandería y planchado,47000000,47200000,47200300
Class,47200100,Dispensadores de suministro de productos,47000000,47200000,47200100
Class,47190100,Surtidos de productos de limpieza/higiene,47000000,47190000,47190100
Class,13010100,Productos para el control de plagas y plantas,13000000,13010000,13010100
Class,13010200,Sustancias químicas de origen vegetal o agentes/tratamientos naturales,13000000,13010000,13010200
Class,99010200,Productos de cementerio,99000000,99010000,99010200
Class,99010100,Productos funerarios,99000000,99010000,99010100
Class,85010200,Artículos colectivos de protección – Hágalo usted mismo,85000000,85010000,85010200
Class,91040100,Paquetes variados de Seguridad/protección/vigilancia,91000000,91040000,91040100
Class,91020100,Fuego ecológico/productos de seguridad química,91000000,91020000,91020100
Class,91020200,Productos de seguridad para inclemencias meteorológicas/desastres naturales,91000000,91020000,91020200
Class,91010100,Dispositivos de seguridad personal,91000000,91010000,91010100
Class,91030500,Cajas de seguridad,91000000,91030000,91030500
Class,91030700,Control de la muchedumbre,91000000,91030000,91030700
Class,91030900,Dispositivos de seguridad,91000000,91030000,91030900
Class,91030400,Equipos de vigilancia para viviendas/negocios,91000000,91030000,91030400
Class,91030300,Extintores para viviendas/negocios,91000000,91030000,91030300
Class,91030600,Paquetes variados de seguridad/vigilancia para viviendas/negocios,91000000,91030000,91030600
Class,91030200,Productos de seguridad para puertas/ventanas/perímetros,91000000,91030000,91030200
Class,91030100,Sistemas de alarma,91000000,91030000,91030100
Class,91050100,Seguridad/vigilancia/protección para bebé,91000000,91050000,91050100
Class,58010100,Segmento cruzado,58000000,58010000,58010100
Class,95010400,Gestión empresarial y servicios de consultoría,95000000,95010000,95010400
Class,95010300,Servicios de arquitectura e ingeniería,95000000,95010000,95010300
Class,95010100,Servicios de contabilidad,95000000,95010000,95010100
Class,95010500,Servicios de informática y tecnología,95000000,95010000,95010500
Class,95010200,Servicios de publicidad,95000000,95010000,95010200
Class,95010600,Servicios jurídicos,95000000,95010000,95010600
Class,95020100,Construcción de edificios y servicios relacionados,95000000,95020000,95020100
Class,95160100,Máquinas dispensadoras / expendedoras,95000000,95160000,95160100
Class,95100100,Servicios científicos y tecnológicos,95000000,95100000,95100100
Class,95130100,Servicios de higiene y belleza,95000000,95130000,95130100
Class,95130200,Servicios médicos,95000000,95130000,95130200
Class,95130300,Servicios veterinarios,95000000,95130000,95130300
Class,95110400,Servicios de alojamiento temporal,95000000,95110000,95110400
Class,95110300,Servicios de comida y bebida,95000000,95110000,95110300
Class,95040100,Servicios audiovisuales,95000000,95040000,95040100
Class,95040200,Servicios de telecomunicaciones,95000000,95040000,95040200
Class,95080100,Servicios de embalaje / almacenamiento,95000000,95080000,95080100
Class,95030100,Servicios de limpieza,95000000,95030000,95030100
Class,95120200,Servicios de instalación,95000000,95120000,95120200
Class,95120100,Servicios de mantenimiento / reparación,95000000,95120000,95120100
Class,95140100,Servicios de transporte,95000000,95140000,95140100
Class,95150100,Servicios de viaje,95000000,95150000,95150100
Class,95050200,Servicios de entretenimiento,95000000,95050000,95050200
Class,95050100,Servicios educativos,95000000,95050000,95050100
Class,95060200,Servicios ambientales,95000000,95060000,95060200
Class,95060100,Servicios energéticos,95000000,95060000,95060100
Class,95070100,Servicios financieros,95000000,95070000,95070100
Class,95090100,Servicios postales,95000000,95090000,95090100
Class,78040400,Cableado eléctrico,78000000,78040000,78040400
Class,78040300,Cables eléctricos,78000000,78040000,78040300
Class,78040100,Control/administración del cableado/tendido,78000000,78040000,78040100
Class,78050100,Componentes de comunicación electrónica,78000000,78050000,78050100
Class,78060100,Componentes eléctricos generales,78000000,78060000,78060100
Class,78021100,Baterías/Cargadores,78000000,78020000,78021100
Class,78020500,Conexión eléctrica,78000000,78020000,78020500
Class,78020600,Distribución eléctrica,78000000,78020000,78020600
Class,78021200,Generación eléctrica,78000000,78020000,78021200
Class,12010600,Accesorios para fumadores,12000000,12010000,12010600
Class,12010800,Base de cáñamo – No comestibles,12000000,12010000,12010800
Class,12010100,Cannabis - comestible,12000000,12010000,12010100
Class,12010200,Cannabis - no comestible,12000000,12010000,12010200
Class,12010400,Cigarrillos electrónicos y accesorios,12000000,12010000,12010400
Class,12010500,Hierbas no tabaqueras/no cannábicas,12000000,12010000,12010500
Class,12010300,Tabaco,12000000,12010000,12010300
Class,12010700,Tabaco/Cannabis/Productos Herbales/Accesorios para Fumar Paquetes Variados,12000000,12010000,12010700
Brick,10002091,Bolsas de frío/neveras para acampada (no eléctricas),74000000,74010000,74010400
Brick,10002093,Equipamientos para beber/comer/cocinar en acampadas – Accesorios/recambios,74000000,74010000,74010400
Brick,10002088,Equipos de agua para acampada,74000000,74010000,74010400
Brick,10002087,Estufas/parrillas/hornos de acampada,74000000,74010000,74010400
Brick,10002094,Otros equipamientos para beber/comer/cocinar en acampadas,74000000,74010000,74010400
Brick,10002095,Paquetes variados de equipamientos para beber/comer/cocinar en acampadas,74000000,74010000,74010400
Brick,10005198,Tratamientos de purificación de agua para acampada,74000000,74010000,74010400
Brick,10002092,Utensilios para cocinar en acampadas,74000000,74010000,74010400
Brick,10003773,Vajilla para acampada,74000000,74010000,74010400
Brick,10002075,Calefactores para tiendas,74000000,74010000,74010200
Brick,10004099,Calentadores de agua para campamento,74000000,74010000,74010200
Brick,10002077,Otros equipos de calefacción/iluminación de acampada,74000000,74010000,74010200
Brick,10002078,Paquetes variados de equipos de calefacción/iluminación de acampada,74000000,74010000,74010200
Brick,10004100,Baños para campamento (eléctricos ),74000000,74010000,74010500
Brick,10002097,Duchas de acampada,74000000,74010000,74010500
Brick,10002098,Equipamiento sanitario/de aseo para acampada – Accesorios/recambios,74000000,74010000,74010500
Brick,10002099,Otros equipamientos sanitario/de aseo para acampada,74000000,74010000,74010500
Brick,10002100,Paquetes variados de equipamiento sanitario/de aseo para acampada,74000000,74010000,74010500
Brick,10002096,Tazas de váter para acampada (no eléctricas),74000000,74010000,74010500
Brick,10002081,Asientos para acampada,74000000,74010000,74010300
Brick,10002084,Mesas de acampada,74000000,74010000,74010300
Brick,10002085,Otro mobiliario/muebles de acampada,74000000,74010000,74010300
Brick,10002086,Paquetes variados de mobiliario/muebles de acampada,74000000,74010000,74010300
Brick,10002080,Sacos de dormir,74000000,74010000,74010300
Brick,10002079,Sacos/alfombrillas para dormir de acampada,74000000,74010000,74010300
Brick,10002083,Sistemas de almacenamiento para acampada,74000000,74010000,74010300
Brick,10002101,Paquetes variados de artículos para acampada,74000000,74010000,74010600
Brick,10002072,Accesorios para tiendas,74000000,74010000,74010100
Brick,10002071,Equipos de reparación/tratamiento para tiendas,74000000,74010000,74010100
Brick,10002070,Estructuras para intemperie/extensiones para tiendas,74000000,74010000,74010100
Brick,10002073,Otras estructuras para intemperie/tiendas,74000000,74010000,74010100
Brick,10002074,Paquetes variados de estructuras para intemperie/tiendas,74000000,74010000,74010100
Brick,10002069,Tiendas,74000000,74010000,74010100
Brick,10001092,Anillos,64000000,64010000,64010100
Brick,10001085,Broches,64000000,64010000,64010100
Brick,10001091,Colgantes,64000000,64010000,64010100
Brick,10001090,Collares/gargantillas,64000000,64010000,64010100
Brick,10001093,Diadema,64000000,64010000,64010100
Brick,10001086,Gemelos,64000000,64010000,64010100
Brick,10001088,Joyero/bolsas,64000000,64010000,64010100
Brick,10001387,Otras joyas,64000000,64010000,64010100
Brick,10001388,Paquetes variados de joyas,64000000,64010000,64010100
Brick,10001087,Pendientes/joyas para piercing corporal,64000000,64010000,64010100
Brick,10001084,Pulseras,64000000,64010000,64010100
Brick,10001089,Recambios para joyas,64000000,64010000,64010100
Brick,10001083,Tobilleras,64000000,64010000,64010100
Brick,10001097,Accesorios de paraguas/equipaje/equipaje de mano,64000000,64010000,64010200
Brick,10005200,Bolsas de aseo/Estuches de tocador,64000000,64010000,64010200
Brick,10005817,Bolsas personales (desechables),64000000,64010000,64010200
Brick,10001096,Bolsos personales,64000000,64010000,64010200
Brick,10007238,Cajas / bolsas / contenedores de alimentos portátiles (sin motor),64000000,64010000,64010200
Brick,10001103,Carpetas para documentos de viaje/monederos/billeteros,64000000,64010000,64010200
Brick,10001101,Carritos de la compra,64000000,64010000,64010200
Brick,10001099,Equipaje/maletas/portatrajes,64000000,64010000,64010200
Brick,10005756,Llaveros,64000000,64010000,64010200
Brick,10001095,Maletas,64000000,64010000,64010200
Brick,10001100,Mochilas/mochilas con estructura metálica/bolsas de viaje,64000000,64010000,64010200
Brick,10001390,Otros artículos de paraguas/equipaje/equipaje de mano,64000000,64010000,64010200
Brick,10001391,Paquetes variados de paraguas/equipaje/equipaje de mano,64000000,64010000,64010200
Brick,10001102,Paraguas – Personal,64000000,64010000,64010200
Brick,10008106,Ventilador personal - Impulsor,64000000,64010000,64010200
Brick,10008105,Ventilador personal - Mano (Ventilador de mano),64000000,64010000,64010200
Brick,10001389,Paquetes variados de accesorios personales,64000000,64010000,64010400
Brick,10001104,Accesorios para relojes/recambios,64000000,64010000,64010300
Brick,10001392,Otros relojes,64000000,64010000,64010300
Brick,10001105,Relojes de pulsera,64000000,64010000,64010300
Brick,10007970,Billetes / cheques bancarios,96000000,96010000,96010100
Brick,10007969,Facturas,96000000,96010000,96010100
Brick,10007972,Moneda Digital,96000000,96010000,96010100
Brick,10007971,Monedas,96000000,96010000,96010100
Brick,10008028,Tarjetas prepagadas/tarjetas de regalo/vales,96000000,96010000,96010200
Brick,10000507,Alimentos para mascotas (congelados),10000000,10110000,10111600
Brick,10000522,Alimentos para mascotas (no necesitan refrigeración),10000000,10110000,10111600
Brick,10000521,Alimentos para mascotas (perecedera),10000000,10110000,10111600
Brick,10008036,Golosinas para mascotas / condimentos para mascotas (productos comestibles complementarios) congelados,10000000,10110000,10111600
Brick,10008038,Golosinas para mascotas / condimentos para mascotas (productos comestibles complementarios) no necesitan refrigeración,10000000,10110000,10111600
Brick,10008037,Golosinas para mascotas / condimentos para mascotas (productos comestibles complementarios) perecederos,10000000,10110000,10111600
Brick,10000506,Bebidas para mascotas (congeladas),10000000,10110000,10111500
Brick,10000524,Bebidas para mascotas (no necesitan refrigeración),10000000,10110000,10111500
Brick,10000523,Bebidas para mascotas (perecederas),10000000,10110000,10111500
Brick,10000663,Paquetes variados de bebidas/alimentos para animales domésticos,10000000,10110000,10111700
Brick,10007768,Acuario/Vivario/Terrario,10000000,10100000,10101700
Brick,10000652,Adiestramiento/dispositivos de control/accesorios para animales domésticos (eléctricos),10000000,10100000,10101700
Brick,10000572,Alojamiento/camas para animales domésticos (desechables),10000000,10100000,10101700
Brick,10000662,Alojamiento/camas para animales domésticos (no desechables),10000000,10100000,10101700
Brick,10008455,Alojamientos/Refugios para Insectos,10000000,10100000,10101700
Brick,10000516,Artículos para acuarios/accesorios,10000000,10100000,10101700
Brick,10000643,Atuendos para animales domésticos,10000000,10100000,10101700
Brick,10008290,Cables/collares/arneses para mascotas (no eléctricos),10000000,10100000,10101700
Brick,10008287,Cestas para mascotas / Bancos / Cojines,10000000,10100000,10101700
Brick,10006843,Complementos / accesorios para terrario (no eléctricos),10000000,10100000,10101700
Brick,10000660,Dispensadores de bebidas/alimentos para animales domésticos (no eléctricos),10000000,10100000,10101700
Brick,10000640,Entrenamiento para mascotas/Accesorios (no eléctricos),10000000,10100000,10101700
Brick,10000661,Juguetes para animales domésticos (eléctricos),10000000,10100000,10101700
Brick,10000641,Juguetes para animales domésticos (no eléctricos),10000000,10100000,10101700
Brick,10008288,Medios de transporte de mascotas,10000000,10100000,10101700
Brick,10000736,Otros accesorios para animales domésticos,10000000,10100000,10101700
Brick,10000659,Paquetes variados de accesorios para animales domésticos,10000000,10100000,10101700
Brick,10000737,Otros complementos nutricionales/productos farmacéuticos para animales domésticos,10000000,10100000,10101600
Brick,10000658,Paquetes variados de complementos nutricionales/productos farmacéuticos para animales domésticos,10000000,10100000,10101600
Brick,10000513,Suplementos nutricionales para mascotas,10000000,10100000,10101600
Brick,10000508,Artículos para el aseo de mascotas,10000000,10100000,10101500
Brick,10000738,Otros artículos de higiene/bienestar de animales domésticos,10000000,10100000,10101500
Brick,10000657,Paquetes variados de higiene/bienestar de animales domésticos,10000000,10100000,10101500
Brick,10000510,Protección sanitaria/higiene de mascotas,10000000,10100000,10101500
Brick,10000515,Tratamiento de parásitos en mascotas,10000000,10100000,10101500
Brick,10000653,Paquetes variados de cuidados de animales domésticos,10000000,10100000,10101800
Brick,10000654,Paquetes variados de alimentación/cuidado de animales domésticos,10000000,10120000,10120100
Brick,10006958,Aceites comestibles - vegetales o plantas (perecederos),50000000,50150000,50151500
Brick,10000040,Aceites comestibles – Vegetal o de planta (no necesitan refrigeración),50000000,50150000,50151500
Brick,10000574,Grasas comestibles – Animal (no necesitan refrigeración),50000000,50150000,50151600
Brick,10000041,Grasas comestibles – Animal (perecederas),50000000,50150000,50151600
Brick,10006991,Grasas comestibles – mixtas (no necesitan refrigeración),50000000,50150000,50151600
Brick,10006990,Grasas comestibles – mixtas (perecederas),50000000,50150000,50151600
Brick,10000042,Grasas comestibles – Vegetal/de planta (no necesitan refrigeración),50000000,50150000,50151600
Brick,10000585,Grasas comestibles – Vegetal/de planta (perecederas),50000000,50150000,50151600
Brick,10000608,Paquetes variados de grasas comestibles,50000000,50150000,50151600
Brick,10000609,Paquetes variados de aceites/grasas comestibles,50000000,50150000,50151700
Brick,10000217,Jaleas/mermeladas (No necesitan refrigeración),50000000,50190000,50192400
Brick,10006837,Jaleas/mermeladas/pastas de frutas (perecederos),50000000,50190000,50192400
Brick,10000213,Miel (no necesita refrigeración),50000000,50190000,50192400
Brick,10000621,Paquetes variados de productos dulces para untar,50000000,50190000,50192400
Brick,10000187,Productos de confitería para untar (no necesitan refrigeración),50000000,50190000,50192400
Brick,10006848,Sustitutos de miel,50000000,50190000,50192400
Brick,10007276,Aperitivos - Otros,50000000,50190000,50192100
Brick,10006746,Botana de maíz inflado,50000000,50190000,50192100
Brick,10005822,Manzanas de caramelo/toffee,50000000,50190000,50192100
Brick,10006747,Palitos de sal / mini pretzels,50000000,50190000,50192100
Brick,10000252,Palomitas de maíz (no necesitan refrigeración),50000000,50190000,50192100
Brick,10000177,Papas/patatas fritas/mezclas de bocadillos - natural/extruido  (no necesitan refrigeración),50000000,50190000,50192100
Brick,10000612,Paquetes variados de aperitivos,50000000,50190000,50192100
Brick,10006752,Alimentos elaborados para combinación – Listos para consumir (No requieren refrigeración),50000000,50190000,50193800
Brick,10006753,Alimentos elaborados para combinación – Listos para consumir (Paquetes variados),50000000,50190000,50193800
Brick,10006751,Alimentos elaborados para combinación – Listos para consumir (Perecederos),50000000,50190000,50193800
Brick,10006748,Alimentos elaborados para combinación – no listos para consumir (Congelados),50000000,50190000,50193800
Brick,10006750,Alimentos elaborados para combinación – no listos para consumir (No requieren refrigeración),50000000,50190000,50193800
Brick,10006754,Alimentos elaborados para combinación – no listos para consumir (Paquetes variados),50000000,50190000,50193800
Brick,10006749,Alimentos elaborados para combinación – no listos para consumir (Perecederos),50000000,50190000,50193800
Brick,10000613,Paquetes variados de alimentos en conserva/preparados,50000000,50190000,50193400
Brick,10006219,Paquetes surtidos de pasta/fideos,50000000,50190000,50192900
Brick,10000241,Pasta/fideos – Listos para comer (no necesitan refrigeración),50000000,50190000,50192900
Brick,10000240,Pasta/fideos – Listos para comer (perecederos),50000000,50190000,50192900
Brick,10000318,Pasta/fideos – Necesita cocción (congelados),50000000,50190000,50192900
Brick,10000242,Pasta/fideos – Necesita cocción (no necesitan refrigeración),50000000,50190000,50192900
Brick,10000317,Pasta/fideos – Necesita cocción (perecederos),50000000,50190000,50192900
Brick,10000215,Helados/chucherías heladas (congelados),50000000,50190000,50192300
Brick,10000216,Helados/chucherías heladas (perecederos),50000000,50190000,50192300
Brick,10000611,Paquetes variados de toppings para postres/postres,50000000,50190000,50192300
Brick,10000196,Postres (congelados),50000000,50190000,50192300
Brick,10000312,Postres (no necesitan refrigeración),50000000,50190000,50192300
Brick,10000197,Postres (perecederos),50000000,50190000,50192300
Brick,10008458,Postres Sustitutos (Perecederos),50000000,50190000,50192300
Brick,10000193,Rellenos/Toppings/salsas para postres (congelados),50000000,50190000,50192300
Brick,10000195,Rellenos/Toppings/salsas para postres (no necesitan refrigeración),50000000,50190000,50192300
Brick,10000194,Rellenos/Toppings/salsas para postres (perecederos),50000000,50190000,50192300
Brick,10006228,Paquetes surtidos de productos/comidas a base de cereales,50000000,50190000,50193200
Brick,10000294,Productos/comidas a base de cereales – Listos para comer – Salados (no necesitan refrigeración),50000000,50190000,50193200
Brick,10000293,Productos/comidas a base de cereales – Listos para comer – Salados (perecederos),50000000,50190000,50193200
Brick,10000295,Productos/comidas a base de cereales – Necesitan cocción  – Salados (perecederos),50000000,50190000,50193200
Brick,10000297,Productos/comidas a base de cereales – Necesitan cocción – Salados (no necesitan refrigeración),50000000,50190000,50193200
Brick,10000296,Productos/comidas a base de cereales– Necesitan cocción – Salados (congelados),50000000,50190000,50193200
Brick,10006229,Paquetes surtidos de productos/comidas a base de lácteos/huevos,50000000,50190000,50193500
Brick,10005224,Productos/comidas a base de huevo - no listos para comer (congelados),50000000,50190000,50193500
Brick,10005226,Productos/comidas a base de huevo - no listos para comer (no necesitan refrigeración),50000000,50190000,50193500
Brick,10005225,Productos/comidas a base de huevo - no listos para comer (perecederos),50000000,50190000,50193500
Brick,10005228,Productos/comidas a base de lácteos/huevo - listos para comer (no necesitan refrigeración),50000000,50190000,50193500
Brick,10005227,Productos/comidas a base de lácteos/huevo - listos para comer (perecederos),50000000,50190000,50193500
Brick,10005827,Productos/comidas a base de lácteos/huevo - listos para comer/beber (congelados),50000000,50190000,50193500
Brick,10005826,Productos/comidas a base de lácteos/huevo - listos para comer/beber (perecederos),50000000,50190000,50193500
Brick,10006222,Paquetes surtidos de productos/comidas a base de masa,50000000,50190000,50193300
Brick,10000299,Productos/comidas a base de masa – Listos para comer – Salados (no necesitan refrigeración),50000000,50190000,50193300
Brick,10000298,Productos/comidas a base de masa – Listos para comer – Salados (perecederos),50000000,50190000,50193300
Brick,10000301,Productos/comidas a base de masa – Necesitan cocción – Salados (congelados),50000000,50190000,50193300
Brick,10000302,Productos/comidas a base de masa – Necesitan cocción – Salados (no necesitan refrigeración),50000000,50190000,50193300
Brick,10000300,Productos/comidas a base de masa – Necesitan cocción – Salados (perecederos),50000000,50190000,50193300
Brick,10006221,Paquetes surtidos de productos/comidas de base vegetal,50000000,50190000,50193100
Brick,10000288,Productos/comidas de base vegetal – Listos para comer (no necesitan refrigeración),50000000,50190000,50193100
Brick,10000289,Productos/comidas de base vegetal – Listos para comer (perecederos),50000000,50190000,50193100
Brick,10000291,Productos/comidas de base vegetal – Necesitan cocción (congelados),50000000,50190000,50193100
Brick,10000292,Productos/comidas de base vegetal – Necesitan cocción (no necesitan refrigeración),50000000,50190000,50193100
Brick,10000290,Productos/comidas de base vegetal – Necesitan cocción (perecederos),50000000,50190000,50193100
Brick,10006273,Alimentación especializada para bebés/niños (congelada),50000000,50190000,50193000
Brick,10000104,Bebés/niños – Alimentos especializados (no necesitan refrigeración),50000000,50190000,50193000
Brick,10000105,Bebés/niños – Bebidas especializadas (no necesitan refrigeración),50000000,50190000,50193000
Brick,10000575,Bebés/niños – Fórmula (no necesita refrigeración),50000000,50190000,50193000
Brick,10000610,Paquetes variados de bebidas/alimentos para niños/bebés,50000000,50190000,50193000
Brick,10000254,Sándwiches/rollos rellenos/alimentos envueltos (congelados),50000000,50190000,50192500
Brick,10000255,Sándwiches/rollos rellenos/alimentos envueltos (perecederos),50000000,50190000,50192500
Brick,10006217,Surtidos de sándwiches/bocadillos/Burritos,50000000,50190000,50192500
Brick,10006314,Complementos para sopa (congelados),50000000,50190000,50191500
Brick,10006316,Complementos para sopa (no necesita refrigeración),50000000,50190000,50191500
Brick,10006315,Complementos para sopa (perecederos),50000000,50190000,50191500
Brick,10006216,Sopas - Paquetes surtidos preparados,50000000,50190000,50191500
Brick,10000260,Sopas - preparadas (congeladas),50000000,50190000,50191500
Brick,10000262,Sopas - preparadas (no necesitan refrigeración),50000000,50190000,50191500
Brick,10000261,Sopas - preparadas (perecederas),50000000,50190000,50191500
Brick,10000143,Artículos para fabricar bebidas alcohólicas,50000000,50200000,50202200
Brick,10000181,Bebida alcohólica de manzana/pera – gasificada,50000000,50200000,50202200
Brick,10008032,Bebida de manzana / pera - Espumoso (sin alcohol),50000000,50200000,50202200
Brick,10008033,Bebida de manzana / pera - Sin gas (sin alcohol),50000000,50200000,50202200
Brick,10003689,Bebidas alcohólicas fermentadas sin uva – gasificadas,50000000,50200000,50202200
Brick,10000588,Bebidas alcohólicas fermentadas sin uva – sin gas,50000000,50200000,50202200
Brick,10000144,Bebidas alcohólicas premezcladas,50000000,50200000,50202200
Brick,10008035,Bebidas premezcladas: sin alcohol,50000000,50200000,50202200
Brick,10000159,Cerveza,50000000,50200000,50202200
Brick,10008029,Cerveza (sin alcohol),50000000,50200000,50202200
Brick,10000589,Jarabes de fruta con alcohol,50000000,50200000,50202200
Brick,10008042,Kit saborizante de alcohol,50000000,50200000,50202200
Brick,10000227,Licores,50000000,50200000,50202200
Brick,10000263,Licores,50000000,50200000,50202200
Brick,10008034,Licores - Sin alcohol,50000000,50200000,50202200
Brick,10006327,Manzana/Bebida alcohólica de manzana – Sin gas,50000000,50200000,50202200
Brick,10000591,Paquetes variados de bebidas alcohólicas,50000000,50200000,50202200
Brick,10000142,Utensilios para fabricar bebidas alcohólicas,50000000,50200000,50202200
Brick,10008030,Vino - Espumoso (sin alcohol),50000000,50200000,50202200
Brick,10008031,Vino - Tranquilo (sin alcohol),50000000,50200000,50202200
Brick,10000275,Vino – Espumoso,50000000,50200000,50202200
Brick,10000276,Vino – sin gas,50000000,50200000,50202200
Brick,10000273,Vino fortificado,50000000,50200000,50202200
Brick,10000232,Agua embotellada - No saborizada,50000000,50200000,50202300
Brick,10008410,Agua Embotellada - Saborizada,50000000,50200000,50202300
Brick,10006256,Bebida de jugo vegetal – Listo para beber (no necesita refrigeración),50000000,50200000,50202300
Brick,10006255,Bebida de jugo vegetal – Listo para beber (perecedero),50000000,50200000,50202300
Brick,10000192,Bebidas a base de lácteos – Listas para beber (no necesitan refrigeración),50000000,50200000,50202300
Brick,10000191,Bebidas a base de lácteos – Listas para beber (perecederas),50000000,50200000,50202300
Brick,10006973,Bebidas a base de sustitutos lácteos – listas para beber (no necesitan refrigeración),50000000,50200000,50202300
Brick,10006972,Bebidas a base de sustitutos lácteos – listas para beber (perecederas),50000000,50200000,50202300
Brick,10000223,Bebidas de jugo de fruta – Listas para beber (no necesitan refrigeración),50000000,50200000,50202300
Brick,10000222,Bebidas de jugo de fruta – Listas para beber (perecederas),50000000,50200000,50202300
Brick,10000265,Bebidas deportivas – Rehidratación (listas para beber),50000000,50200000,50202300
Brick,10000266,Bebidas energéticas/estimulantes – Listas para beber,50000000,50200000,50202300
Brick,10000201,Bebidas saborizadas – Listas para beber,50000000,50200000,50202300
Brick,10000179,Chocolate/cacao/malta – Listo para beber,50000000,50200000,50202300
Brick,10000214,Hielo,50000000,50200000,50202300
Brick,10000220,Jugo de fruta – Listo para beber (no necesita refrigeración),50000000,50200000,50202300
Brick,10000219,Jugo de fruta – Listo para beber (perecedero),50000000,50200000,50202300
Brick,10006251,Jugos vegetales – Listo para beber (perecederos),50000000,50200000,50202300
Brick,10006252,Jugos vegetales – Listos para beber (no necesita refrigeración),50000000,50200000,50202300
Brick,10000594,Paquetes variados de bebidas sin alcohol – Listas para beber,50000000,50200000,50202300
Brick,10006257,Bebida de jugo vegetal – No listo para beber (no necesita refrigeración),50000000,50200000,50202400
Brick,10000310,Bebidas a base de lácteos – no listas para beber (no necesitan refrigeración),50000000,50200000,50202400
Brick,10006974,Bebidas a base de sustitutos lácteos – no listo para beber (no necesitan refrigeración),50000000,50200000,50202400
Brick,10000309,Bebidas de jugo de fruta – Necesitan preparación (no necesitan refrigeración),50000000,50200000,50202400
Brick,10000264,Bebidas deportivas – Rehidratación (necesitan preparación),50000000,50200000,50202400
Brick,10000311,Bebidas energéticas/estimulantes – Necesitan preparación,50000000,50200000,50202400
Brick,10000202,Bebidas saborizadas – Necesita preparación,50000000,50200000,50202400
Brick,10000178,Chocolate/cacao/malta – Necesita preparación,50000000,50200000,50202400
Brick,10000307,Jugo de fruta – Necesita preparación (congelado),50000000,50200000,50202400
Brick,10000308,Jugo de fruta – Necesita preparación (no necesita refrigeración),50000000,50200000,50202400
Brick,10006254,Jugo vegetal – No listo para beber (no necesitan refrigeración),50000000,50200000,50202400
Brick,10006253,Jugo vegetal – No listos para beber (Congelados),50000000,50200000,50202400
Brick,10000593,Paquetes variados de bebidas sin alcohol – Necesitan preparación,50000000,50200000,50202400
Brick,10008495,Potenciadores de bebida - No listos para beber,50000000,50200000,50202400
Brick,10008180,Café - Cápsulas/Monodosis,50000000,50200000,50202600
Brick,10008179,Café - Granos molidos,50000000,50200000,50202600
Brick,10008183,Café - Líquido/ Necesita preparación,50000000,50200000,50202600
Brick,10000114,Café - Líquido/Listo para Beber,50000000,50200000,50202600
Brick,10000115,Café - Soluble Instantáneo,50000000,50200000,50202600
Brick,10008178,Café- Grano Entero,50000000,50200000,50202600
Brick,10008181,Sustitutos de Café - Cápsulas/Monodosis,50000000,50200000,50202600
Brick,10008182,Sustitutos de Café - Molido/Infusionado,50000000,50200000,50202600
Brick,10006312,Sustitutos del café - Líquido/Listo para beber,50000000,50200000,50202600
Brick,10006311,Sustitutos del café - Soluble instantáneo,50000000,50200000,50202600
Brick,10000592,Paquetes variados de sustitutos/té/café,50000000,50200000,50201700
Brick,10000623,Paquetes variados de bebidas,50000000,50200000,50202500
Brick,10008186,Infusiones de Frutas Herbales/Tisanas - Cápsulas/Monodosis,50000000,50200000,50202700
Brick,10008187,Infusiones de Frutas Herbales/Tisanas - Líquido/Necesita preparación,50000000,50200000,50202700
Brick,10000119,Infusiones de hierbas de frutas / tisanas - Bolsas / Suelto,50000000,50200000,50202700
Brick,10000210,Infusiones de hierbas de frutas / tisanas - Instantáneo,50000000,50200000,50202700
Brick,10000313,Infusiones de hierbas de frutas / tisanas - Líquido / Listo para beber,50000000,50200000,50202700
Brick,10008184,Té - Cápsulas/Monodosis,50000000,50200000,50202700
Brick,10000118,Té - Líquido/Listo para beber,50000000,50200000,50202700
Brick,10008185,Té - Líquido/Necesita Preparación,50000000,50200000,50202700
Brick,10000116,Té – Bolsas/a granel,50000000,50200000,50202700
Brick,10000117,Té – Instantáneo,50000000,50200000,50202700
Brick,10006301,Alce americano – Preparado/Procesado,50000000,50240000,50240100
Brick,10006300,Alce/Wapití – Preparado/Procesado,50000000,50240000,50240100
Brick,10006298,Antílope – Preparado/Procesado,50000000,50240000,50240100
Brick,10005779,Avestruz – Preparado/procesado,50000000,50240000,50240100
Brick,10006299,Beefalo/Catalo – Preparado/Procesado,50000000,50240000,50240100
Brick,10005768,Bisonte/búfalo – Preparado/procesado,50000000,50240000,50240100
Brick,10006302,Búfalo de agua – Preparado/Procesado,50000000,50240000,50240100
Brick,10005774,Caballo – Preparado/procesado,50000000,50240000,50240100
Brick,10005773,Cabra – Preparada/procesada,50000000,50240000,50240100
Brick,10005776,Caracol – Preparado/procesado,50000000,50240000,50240100
Brick,10006295,Carne de cordero – Preparada/Procesada,50000000,50240000,50240100
Brick,10005781,Cerdo – Preparado/procesado,50000000,50240000,50240100
Brick,10005770,"Ciervo, distinto de corzo – Preparado/Procesado",50000000,50240000,50240100
Brick,10006307,Codorniz – Preparado/Procesado,50000000,50240000,50240100
Brick,10005782,Conejo – Preparado/procesado,50000000,50240000,50240100
Brick,10006294,Cordero – Preparado/Procesado,50000000,50240000,50240100
Brick,10006393,Corzo - preparado/procesado,50000000,50240000,50240100
Brick,10006304,Emú – Preparado/Procesado,50000000,50240000,50240100
Brick,10005783,Especies alternativas de carnes/carne de ave – Preparadas/Procesadas,50000000,50240000,50240100
Brick,10005778,Especies variadas de carnes – Preparadas/procesadas,50000000,50240000,50240100
Brick,10005780,Faisán – Preparado/procesado,50000000,50240000,50240100
Brick,10006306,Gallina de Guinea – Preparado/Procesado,50000000,50240000,50240100
Brick,10006305,Ganso – Preparado/Procesado,50000000,50240000,50240100
Brick,10006296,Jabalí – Preparado/Procesado,50000000,50240000,50240100
Brick,10006297,Liebre – Preparado/Procesado,50000000,50240000,50240100
Brick,10005777,Llama/alpaca – Preparada/procesada,50000000,50240000,50240100
Brick,10006308,Ñandú – Preparado/Procesado,50000000,50240000,50240100
Brick,10005771,Pato – Preparado/procesado,50000000,50240000,50240100
Brick,10005784,Pavo – Preparado/Procesado,50000000,50240000,50240100
Brick,10006309,Pichón/Paloma – Preparado/Procesado,50000000,50240000,50240100
Brick,10005769,Pollo – Preparado/procesado,50000000,50240000,50240100
Brick,10005772,Rana – Preparada/procesada,50000000,50240000,50240100
Brick,10006303,Reno/Caribú – Preparado/Procesado,50000000,50240000,50240100
Brick,10005785,Ternera – Preparada/Procesada,50000000,50240000,50240100
Brick,10005767,Vaca – Preparada/procesada,50000000,50240000,50240100
Brick,10006285,Alce americano – No preparado/no procesado,50000000,50240000,50240200
Brick,10006284,Alce/Wapití – No preparado/no procesado,50000000,50240000,50240200
Brick,10006282,Antílope – No preparado/no procesado,50000000,50240000,50240200
Brick,10005798,Avestruz – Sin preparar/procesar,50000000,50240000,50240200
Brick,10006283,Beefalo/Cattalo – No preparado/No procesado,50000000,50240000,50240200
Brick,10005787,Bisonte/búfalo – Sin preparar/procesar,50000000,50240000,50240200
Brick,10006286,Búfalo de agua – No preparado/no procesado,50000000,50240000,50240200
Brick,10005793,Caballo – Sin preparar/procesar,50000000,50240000,50240200
Brick,10005792,Cabra – Sin preparar/procesar,50000000,50240000,50240200
Brick,10005795,Caracol de tierra  – Sin preparar/procesar,50000000,50240000,50240200
Brick,10006279,Carne de cordero – No preparado/no procesado,50000000,50240000,50240200
Brick,10005800,Cerdo – Sin preparar/procesar,50000000,50240000,50240200
Brick,10005789,"Ciervo, distinto de corzo – No preparado/No procesado",50000000,50240000,50240200
Brick,10006291,Codorniz – No preparado/no procesado,50000000,50240000,50240200
Brick,10005801,Conejo – Sin preparar/procesar,50000000,50240000,50240200
Brick,10006278,Cordero – No preparado/no procesado,50000000,50240000,50240200
Brick,10006394,Corzo - sin preparar/sin procesar,50000000,50240000,50240200
Brick,10006288,Emú – No preparado/no procesado,50000000,50240000,50240200
Brick,10005802,Especies alternativas de carnes/carne de ave – Sin preparar/procesar,50000000,50240000,50240200
Brick,10005797,Especies variadas de carnes – Sin preparar/procesar,50000000,50240000,50240200
Brick,10005799,Faisán – Sin preparar/procesar,50000000,50240000,50240200
Brick,10006290,Gallina de Guinea – No preparado/no procesado,50000000,50240000,50240200
Brick,10006289,Ganso – No preparado/no procesado,50000000,50240000,50240200
Brick,10006280,Jabalí – No preparado/no procesado,50000000,50240000,50240200
Brick,10006281,Liebre – No preparado/no procesado,50000000,50240000,50240200
Brick,10005796,Llama/alpaca – Sin preparar/procesar,50000000,50240000,50240200
Brick,10006292,Ñandú – No preparado/no procesado,50000000,50240000,50240200
Brick,10005790,Pato – Sin preparar/procesar,50000000,50240000,50240200
Brick,10005803,Pavo – Sin preparar/procesar,50000000,50240000,50240200
Brick,10006293,Pichón/Paloma – No preparado/no procesado,50000000,50240000,50240200
Brick,10005788,Pollo – Sin preparar/procesar,50000000,50240000,50240200
Brick,10005791,Rana – Sin preparar/procesar,50000000,50240000,50240200
Brick,10006287,Reno/Caribú – No preparado/no procesado,50000000,50240000,50240200
Brick,10005804,Ternera – Sin preparar/procesar,50000000,50240000,50240200
Brick,10005786,Vaca – Sin preparar/procesar,50000000,50240000,50240200
Brick,10005832,Otras salchichas de carne/ave – Preparadas/procesadas,50000000,50240000,50240300
Brick,10005840,Salchichas de cerdo – Preparadas/procesadas,50000000,50240000,50240300
Brick,10005836,Salchichas de especies mixtas – Preparadas/procesadas,50000000,50240000,50240300
Brick,10005835,Salchichas de oveja/cordero – Preparadas/procesadas,50000000,50240000,50240300
Brick,10005837,Salchichas de pavo – Preparadas/procesadas,50000000,50240000,50240300
Brick,10005834,Salchichas de pollo – Preparadas/procesadas,50000000,50240000,50240300
Brick,10005838,Salchichas de ternera – Preparadas/procesadas,50000000,50240000,50240300
Brick,10005833,Salchichas de vaca – Preparadas/procesadas,50000000,50240000,50240300
Brick,10000319,Granos/cereales – Listos para comer (no necesitan refrigeración),50000000,50220000,50221000
Brick,10000316,Granos/cereales – Listos para comer (perecederos),50000000,50220000,50221000
Brick,10000314,Granos/cereales – Necesita preparación (congelados),50000000,50220000,50221000
Brick,10000315,Granos/cereales – Necesita preparación (perecederos),50000000,50220000,50221000
Brick,10000211,Granos/cereales – Necesitan preparación (no necesitan refrigeración),50000000,50220000,50221000
Brick,10000203,Harina – Cereales/legumbres (no necesitan refrigeración),50000000,50220000,50221000
Brick,10000599,Paquetes variados de granos/harina,50000000,50220000,50221000
Brick,10000601,Paquetes variados de cereales/productos en grano/legumbres,50000000,50220000,50221300
Brick,10000287,Barras de cereal/muesli,50000000,50220000,50221200
Brick,10008059,Barras proteicas,50000000,50220000,50221200
Brick,10000600,Paquetes variados de productos de cereales tratados,50000000,50220000,50221200
Brick,10000284,Productos de cereales – Listos para comer (No necesitan refrigeración),50000000,50220000,50221200
Brick,10000286,Productos de cereales – Listos para comer (perecederos),50000000,50220000,50221200
Brick,10006250,Productos de cereales – No listos para comer (Congelados),50000000,50220000,50221200
Brick,10000285,Productos de cereales – No listos para comer (No necesitan refrigeración),50000000,50220000,50221200
Brick,10000239,Aceitunas (no necesitan refrigeración),50000000,50170000,50171900
Brick,10000238,Aceitunas (perecederas),50000000,50170000,50171900
Brick,10000180,Conservas agridulces/condimentos (no necesitan refrigeración),50000000,50170000,50171900
Brick,10000616,Paquetes variados de pepinillos/condimentos/salsa Chutney/aceitunas,50000000,50170000,50171900
Brick,10000586,Salsa Chutney/condimentos (congelados),50000000,50170000,50171900
Brick,10000587,Salsa Chutney/condimentos (perecederos),50000000,50170000,50171900
Brick,10000244,Vegetales en escabeche,50000000,50170000,50171900
Brick,10008044,Tripa artificial,50000000,50170000,50172100
Brick,10008043,Tripa natural,50000000,50170000,50172100
Brick,10008061,Aditivos alimentarios,50000000,50170000,50171500
Brick,10006214,Extractos/condimentos/potenciadores del sabor (no perecederos),50000000,50170000,50171500
Brick,10000050,Extractos/sal/ablandadores de carne (no necesitan refrigeración),50000000,50170000,50171500
Brick,10000212,Hierbas/especias (congeladas),50000000,50170000,50171500
Brick,10000049,Hierbas/especias (no necesitan refrigeración),50000000,50170000,50171500
Brick,10000048,Hierbas/especias (perecederas),50000000,50170000,50171500
Brick,10000580,Huesos/líquido animal (congelados),50000000,50170000,50171500
Brick,10000578,Huesos/líquido animal (no necesitan refrigeración),50000000,50170000,50171500
Brick,10000579,Huesos/líquido animal (perecederos),50000000,50170000,50171500
Brick,10000615,Paquetes variados de hierbas/especias/extractos,50000000,50170000,50171500
Brick,10000619,Paquetes variados de condimentos/conservantes/extractos,50000000,50170000,50172000
Brick,10000583,Aderezos/salsas (congelados),50000000,50170000,50171800
Brick,10000200,Aderezos/salsas (no necesitan refrigeración),50000000,50170000,50171800
Brick,10000199,Aderezos/salsas (perecederos),50000000,50170000,50171800
Brick,10006323,Cátsup de tomate/sustitutos de cátsup (congelados),50000000,50170000,50171800
Brick,10006325,Cátsup de tomate/sustitutos de cátsup (no necesita refrigeración),50000000,50170000,50171800
Brick,10006324,Cátsup de tomate/sustitutos de cátsup (perecederos),50000000,50170000,50171800
Brick,10000581,Glaseados alimentarios (no necesitan refrigeración),50000000,50170000,50171800
Brick,10006317,Mayonesa/Sustituto de Mayonesa (Congelado),50000000,50170000,50171800
Brick,10006319,Mayonesa/Sustituto de Mayonesa (no necesita refrigeración),50000000,50170000,50171800
Brick,10006318,Mayonesa/Sustituto de Mayonesa (Perecedero),50000000,50170000,50171800
Brick,10006320,Mostaza (Congelado),50000000,50170000,50171800
Brick,10006322,Mostaza (no necesita refrigeración),50000000,50170000,50171800
Brick,10006321,Mostaza (Perecedero),50000000,50170000,50171800
Brick,10000280,Otras salsas/condimentos/topping salados/productos salados para untar/adobos (no necesitan refrigeración ),50000000,50170000,50171800
Brick,10000617,Paquetes variados de salsas/productos para untar/condimentos,50000000,50170000,50171800
Brick,10000576,Paté (congelado),50000000,50170000,50171800
Brick,10000306,Paté (no necesita refrigeración),50000000,50170000,50171800
Brick,10000064,Paté (perecedero),50000000,50170000,50171800
Brick,10000056,Salsas – Para cocinar (congeladas),50000000,50170000,50171800
Brick,10000057,Salsas – Para cocinar (no necesitan refrigeración),50000000,50170000,50171800
Brick,10000055,Salsas – Para cocinar (perecederas),50000000,50170000,50171800
Brick,10000577,Salsas/condimentos/topping salados/productos salados para untar/adobos (congelados),50000000,50170000,50171800
Brick,10000054,Salsas/condimentos/topping salados/productos salados para untar/adobos (perecederos),50000000,50170000,50171800
Brick,10000618,Paquetes variados de vinagres/vinos para cocinar,50000000,50170000,50171700
Brick,10000051,Vinagres,50000000,50170000,50171700
Brick,10000052,Vinos para cocinar,50000000,50170000,50171700
Brick,10000622,Paquetes variados de confitería/productos edulcorantes,50000000,50160000,50161900
Brick,10000047,Caramelos/confitería de sustitutos del caramelo,50000000,50160000,50161800
Brick,10000045,Chocolate y combinaciones de chocolate/caramelo – Confitería,50000000,50160000,50161800
Brick,10006390,Goma de mascar,50000000,50160000,50161800
Brick,10000602,Paquetes variados de productos de confitería,50000000,50160000,50161800
Brick,10000043,Azúcar/sustitutos del azúcar (no necesitan refrigeración),50000000,50160000,50161500
Brick,10000044,Jarabe/almíbar/melaza (no necesitan refrigeración),50000000,50160000,50161500
Brick,10000603,Paquetes variados de azúcar/productos sustitutos del azúcar,50000000,50160000,50161500
Brick,10000002,Fruta – Sin preparar/sin tratar (congelada),50000000,50270000,50270100
Brick,10006169,Aguacates – Piel lisa,50000000,50250000,50251400
Brick,10006168,Aguacates – Piel rugosa (tipo Hass),50000000,50250000,50251400
Brick,10006167,"Aguacates ""dedo"" o de ""cocktail""",50000000,50250000,50251400
Brick,10005941,Annona reticulata (planta),50000000,50250000,50251300
Brick,10006433,"Annona, otros",50000000,50250000,50251300
Brick,10005939,Chirimoya,50000000,50250000,50251300
Brick,10005942,Guanábana,50000000,50250000,50251300
Brick,10005940,Saramuyos,50000000,50250000,50251300
Brick,10005929,Arándano/mora azul,50000000,50250000,50251000
Brick,10005928,Arándanos azules (nativos de Europa),50000000,50250000,50251000
Brick,10006431,Arándanos rojos,50000000,50250000,50251000
Brick,10005930,Arándanos rojos (nativos Norte América),50000000,50250000,50251000
Brick,10006759,Bayas de Acai,50000000,50250000,50251000
Brick,10005924,Bayas de Boysen - sin procesar,50000000,50250000,50251000
Brick,10006832,Bayas de cinco sabores,50000000,50250000,50251000
Brick,10006429,Bayas de Goji,50000000,50250000,50251000
Brick,10006354,Bayas de Saskatoon,50000000,50250000,50251000
Brick,10006432,Bayas de saúco,50000000,50250000,50251000
Brick,10006346,Frambuesa norteamericana,50000000,50250000,50251000
Brick,10005927,Frambuesas,50000000,50250000,50251000
Brick,10005921,Fresas,50000000,50250000,50251000
Brick,10005922,Fresas salvajes,50000000,50250000,50251000
Brick,10005932,Grosellas espinosas,50000000,50250000,50251000
Brick,10006194,Grosellas negras,50000000,50250000,50251000
Brick,10006193,Grosellas rojas,50000000,50250000,50251000
Brick,10006430,Híbridos de bayas,50000000,50250000,50251000
Brick,10005934,Jostaberries,50000000,50250000,50251000
Brick,10006347,Madroño,50000000,50250000,50251000
Brick,10005925,Moras de los pantanos,50000000,50250000,50251000
Brick,10005923,Moras/Zarzamoras,50000000,50250000,50251000
Brick,10008027,Pequeños paquetes de variedades de frutas,50000000,50250000,50251000
Brick,10005918,Uvas de mesa,50000000,50250000,50251000
Brick,10005948,Caqui americano,50000000,50250000,50251500
Brick,10005946,Caqui/Sharon,50000000,50250000,50251500
Brick,10006343,Chironjas,50000000,50250000,50250600
Brick,10006866,Citron,50000000,50250000,50250600
Brick,10005886,Clementinas,50000000,50250000,50250600
Brick,10005879,Dulces,50000000,50250000,50250600
Brick,10006441,Híbridos de mandarina,50000000,50250000,50250600
Brick,10005884,Limas,50000000,50250000,50250600
Brick,10006438,Limas indias,50000000,50250000,50250600
Brick,10005885,Limequats,50000000,50250000,50250600
Brick,10005882,Limones,50000000,50250000,50250600
Brick,10005883,Limones mexicanos,50000000,50250000,50250600
Brick,10005888,Mandarinas,50000000,50250000,50250600
Brick,10006440,Mandarinas mediterráneas (hoja de sauce),50000000,50250000,50250600
Brick,10006439,Mandarinas rey,50000000,50250000,50250600
Brick,10005880,Minneolas y otros tangelos,50000000,50250000,50250600
Brick,10006345,Naranja china,50000000,50250000,50250600
Brick,10005889,Naranjas,50000000,50250000,50250600
Brick,10005877,Pomelos,50000000,50250000,50250600
Brick,10005878,Pomelos chinos,50000000,50250000,50250600
Brick,10005887,Satsumas,50000000,50250000,50250600
Brick,10006442,Tangor,50000000,50250000,50250600
Brick,10005876,Toronjas,50000000,50250000,50250600
Brick,10005881,Ugli,50000000,50250000,50250600
Brick,10005905,Albaricoques,50000000,50250000,50250900
Brick,10005917,Ciruelas,50000000,50250000,50250900
Brick,10005913,Ciruelas claudia,50000000,50250000,50250900
Brick,10005909,Ciruelas damascenas,50000000,50250000,50250900
Brick,10005914,Ciruelas del Japón,50000000,50250000,50250900
Brick,10005907,Guindas,50000000,50250000,50250900
Brick,10005916,Híbridos de drupa,50000000,50250000,50250900
Brick,10005912,Melocotones,50000000,50250000,50250900
Brick,10005910,Mirabeles,50000000,50250000,50250900
Brick,10006831,Mumes,50000000,50250000,50250900
Brick,10005911,Nectarinas,50000000,50250000,50250900
Brick,10006443,Paraguaya,50000000,50250000,50250900
Brick,10005915,Plumcots,50000000,50250000,50250900
Brick,10005908,Sin tallo / dulces cerezas,50000000,50250000,50250900
Brick,10005963,Bilimbi,50000000,50250000,50251900
Brick,10005961,Carambola,50000000,50250000,50251900
Brick,10006437,Casia,50000000,50250000,50251900
Brick,10005959,Dátiles,50000000,50250000,50251900
Brick,10005972,Durián,50000000,50250000,50251900
Brick,10006160,Feijoas,50000000,50250000,50251900
Brick,10005973,Frutos del árbol del pan,50000000,50250000,50251900
Brick,10005970,Granadas,50000000,50250000,50251900
Brick,10005971,Guayabas,50000000,50250000,50251900
Brick,10005960,Higos,50000000,50250000,50251900
Brick,10005967,Higos chumbos,50000000,50250000,50251900
Brick,10006434,Jambolán,50000000,50250000,50251900
Brick,10005964,Lichis,50000000,50250000,50251900
Brick,10006435,Longan (ojo de dragón),50000000,50250000,50251900
Brick,10005969,Mangos,50000000,50250000,50251900
Brick,10005968,Mangostán,50000000,50250000,50251900
Brick,10005966,Rambután,50000000,50250000,50251900
Brick,10006436,Salak (fruta de la serpiente),50000000,50250000,50251900
Brick,10005965,Uchuvas,50000000,50250000,50251900
Brick,10005974,Yaca,50000000,50250000,50251900
Brick,10006172,Frutas – Surtidos no preparados/no procesados (fresco),50000000,50250000,50252000
Brick,10005900,Manzanas,50000000,50250000,50250800
Brick,10006338,Manzanas silvestres,50000000,50250000,50250800
Brick,10006173,Membrillos,50000000,50250000,50250800
Brick,10005902,Nashi,50000000,50250000,50250800
Brick,10006414,Níspero,50000000,50250000,50250800
Brick,10005901,Níspero Japonés,50000000,50250000,50250800
Brick,10006415,Pera Ya (Shandong),50000000,50250000,50250800
Brick,10005903,Peras,50000000,50250000,50250800
Brick,10005938,Bayas de kiwis,50000000,50250000,50251200
Brick,10005937,Kiwis,50000000,50250000,50251200
Brick,10005949,Barbadinas,50000000,50250000,50251600
Brick,10005950,Curubas,50000000,50250000,50251600
Brick,10005951,Granadilla dulce,50000000,50250000,50251600
Brick,10005952,Maracuyá amarillo,50000000,50250000,50251600
Brick,10005953,Maracuyá morado,50000000,50250000,50251600
Brick,10005955,Babacos,50000000,50250000,50251700
Brick,10005954,Papayas Formosa,50000000,50250000,50251700
Brick,10005935,Piñas,50000000,50250000,50251100
Brick,10005956,Pitayas amarillas,50000000,50250000,50251800
Brick,10005957,Pitayas dulces de pulpa blanca,50000000,50250000,50251800
Brick,10005897,Plátanos,50000000,50250000,50250700
Brick,10005896,Plátanos enanos,50000000,50250000,50250700
Brick,10005898,Plátanos macho,50000000,50250000,50250700
Brick,10005895,Plátanos manzano,50000000,50250000,50250700
Brick,10005899,Plátanos rojos,50000000,50250000,50250700
Brick,10000003,Fruta – Sin preparar/sin tratar (no necesita refrigeración),50000000,50310000,50310100
Brick,10008189,Paquete Variado de Frutas/Verduras - (Recién Cortado),50000000,50370000,50370200
Brick,10008188,Paquetes Variados de Frutas/Vegetales No Preparado/Sin Procesar,50000000,50370000,50370100
Brick,10008198,Aguacates - (Recién Cortado),50000000,50380000,50380100
Brick,10008197,Anona - (Recién Cortado),50000000,50380000,50380100
Brick,10008194,Bayas/Fruta chica - (Recién Cortadas),50000000,50380000,50380100
Brick,10008199,Caqui - (Recién Cortado),50000000,50380000,50380100
Brick,10008190,Cítricos - (Recién Cortados),50000000,50380000,50380100
Brick,10008193,Drupa - (Recién Cortado),50000000,50380000,50380100
Brick,10008203,Fruta - (Recién Cortado) - Otros,50000000,50380000,50380100
Brick,10008204,Frutas - (Recién Cortadas) Paquetes Variados (mezcla),50000000,50380000,50380100
Brick,10008192,Frutas de pepita - (Recién Cortado),50000000,50380000,50380100
Brick,10008196,Kiwis - (Recién Cortado),50000000,50380000,50380100
Brick,10008200,Maracuyá - (Recién Cortado),50000000,50380000,50380100
Brick,10008201,Papayas - (Recién Cortado),50000000,50380000,50380100
Brick,10008195,Piñas - (Recién Cortado),50000000,50380000,50380100
Brick,10008202,Pitayas - (Recién Cortado),50000000,50380000,50380100
Brick,10008191,Plátanos - (Recién Cortado),50000000,50380000,50380100
Brick,10008233,Caña de Azúcar - (Recién Cortado),50000000,50380000,50380200
Brick,10008211,Cucúrbitas - Cáscara comestible - (Recién Cortado),50000000,50380000,50380200
Brick,10008212,Cucúrbitas - Cáscara no comestible - (Recién Cortado),50000000,50380000,50380200
Brick,10008227,Ensalada Verde de una sola hoja - (Recién Cortado),50000000,50380000,50380200
Brick,10008229,Espinacas - (Recién Cortado),50000000,50380000,50380200
Brick,10008213,Flores Comestibles - (Recién Cortado),50000000,50380000,50380200
Brick,10008205,Frijoles (Con Vaina) - (Recién Cortado),50000000,50380000,50380200
Brick,10008208,Garbanzo - (Recién Cortado),50000000,50380000,50380200
Brick,10008222,Guisantes (Con Vaina) - (Recién Cortado),50000000,50380000,50380200
Brick,10008214,Helechos - (Recién Cortado),50000000,50380000,50380200
Brick,10008217,Helechos - (Recién Cortado),50000000,50380000,50380200
Brick,10008219,Hoja Suelta/Ensalada Verde Multihoja - (Recién Cortado),50000000,50380000,50380200
Brick,10008209,Hojas de achicoria - (Recién Cortado),50000000,50380000,50380200
Brick,10008215,Hongo - (Recién Cortado),50000000,50380000,50380200
Brick,10008226,Juncias - (Recién Cortado),50000000,50380000,50380200
Brick,10008216,Lechuga de cabeza- (Recién Cortado),50000000,50380000,50380200
Brick,10008230,Lechuga de Tallo - (Recién Cortado),50000000,50380000,50380200
Brick,10008220,Melones - (Recién Cortado),50000000,50380000,50380200
Brick,10008221,Micro Vegetales - (Recién Cortado),50000000,50380000,50380200
Brick,10008210,Pepinos - (Recién Cortado),50000000,50380000,50380200
Brick,10008223,Pimientos - (Recién Cortado),50000000,50380000,50380200
Brick,10008228,Solanácea/Otras - (Recién Cortado),50000000,50380000,50380200
Brick,10008232,Suculenta - (Recién Cortado),50000000,50380000,50380200
Brick,10008235,Tomates - (Recién Cortado),50000000,50380000,50380200
Brick,10008236,Vegetales - (Recién Cortados) Paquetes Variados (Mezcla),50000000,50380000,50380200
Brick,10008237,Vegetales - Otros - (Recién Cortados),50000000,50380000,50380200
Brick,10008206,Vegetales Brassica - (Recién Cortado),50000000,50380000,50380200
Brick,10008207,Vegetales de bulbo - (Recién Cortado),50000000,50380000,50380200
Brick,10008234,Vegetales de Marea - (Recién Cortado),50000000,50380000,50380200
Brick,10008224,Vegetales de Raíz/Tubérculo - (Recién Cortado),50000000,50380000,50380200
Brick,10008231,Vegetales de Tallo - (Recién Cortado),50000000,50380000,50380200
Brick,10008218,Verduras de Hoja - (Recién Cortado) Paquetes Variados (Mezcla),50000000,50380000,50380200
Brick,10008225,Zapote - (Recién Cortado),50000000,50380000,50380200
Brick,10000207,Mezclas de fruta/frutos secos/semillas – Preparadas/Procesada (no necesitan refrigeración),50000000,50100000,50101900
Brick,10000604,Paquetes variados de combinación de fruta/frutos secos/semillas,50000000,50100000,50101900
Brick,10000204,Fruta – Preparada/Procesada  (congelada),50000000,50100000,50102000
Brick,10000206,Fruta – Preparada/Procesada (no necesita refrigeración),50000000,50100000,50102000
Brick,10000205,Fruta – Preparada/Procesada (perecedera),50000000,50100000,50102000
Brick,10000236,Nueces/Semillas - Preparadas/Procesadas (Sin Cáscara),50000000,50100000,50101800
Brick,10000235,Nueces/semillas - Preparados/Procesados (con cáscara),50000000,50100000,50101800
Brick,10000605,Paquetes variados de frutas/verduras/frutos secos/semillas,50000000,50100000,50102200
Brick,10000270,Verduras – Preparadas/procesadas (congeladas),50000000,50100000,50102100
Brick,10000272,Verduras – Preparadas/procesadas (no necesitan refrigeración),50000000,50100000,50102100
Brick,10000271,Verduras – Preparadas/procesadas (perecederas),50000000,50100000,50102100
Brick,10000007,Frutos secos/semillas – Sin preparar/sin tratar (perecederos),50000000,50330000,50330100
Brick,10008041,Flor de naranja (guarnición de alimentos),50000000,50360000,50360100
Brick,10008040,Hojas de cactus (guarnición de alimentos),50000000,50360000,50360100
Brick,10008039,Hojas de plátano (guarnición de alimentos),50000000,50360000,50360100
Brick,10008321,Abejas/Avispas/Hormigas - Preparadas/Procesadas,50000000,50400000,50400100
Brick,10008323,Cigarras/Grillos/Saltamontes - Preparados/Procesados,50000000,50400000,50400100
Brick,10008319,Escarabajos - Preparados/Procesados,50000000,50400000,50400100
Brick,10008327,Insectos - Especies mixtas - Preparados/procesados,50000000,50400000,50400100
Brick,10008328,Insectos - Otros - Preparados/procesados,50000000,50400000,50400100
Brick,10008326,Libélulas - Preparadas/Procesadas,50000000,50400000,50400100
Brick,10008320,Mariposas/Polillas - Preparadas/Procesadas,50000000,50400000,50400100
Brick,10008324,Moscas - Preparadas/Procesadas,50000000,50400000,50400100
Brick,10008322,Saltamontes/Langostas/Grillos - Preparados/Procesados,50000000,50400000,50400100
Brick,10008325,Termitas - Preparadas/Procesadas,50000000,50400000,50400100
Brick,10008331,Abejas/Avispas/Hormigas - Sin Preparar/Sin Procesar,50000000,50400000,50400200
Brick,10008333,Cigarras/Grillos/Saltamontes - Sin preparar/Sin procesar,50000000,50400000,50400200
Brick,10008329,Escarabajos - Sin preparar/Sin procesar,50000000,50400000,50400200
Brick,10008337,Insectos - Especies mixtas - Sin preparar/Sin procesar,50000000,50400000,50400200
Brick,10008338,Insectos - Otros - Sin preparar/Sin procesar,50000000,50400000,50400200
Brick,10008336,Libélulas - Sin preparar/Sin procesar,50000000,50400000,50400200
Brick,10008330,Mariposas/polillas - Sin preparar/Sin procesar,50000000,50400000,50400200
Brick,10008334,Moscas - Sin preparar/Sin procesar,50000000,50400000,50400200
Brick,10008332,Saltamontes/Langostas/Grillos - Sin preparar/Sin procesar,50000000,50400000,50400200
Brick,10008335,Termitas - Sin preparar/Sin procesar,50000000,50400000,50400200
Brick,10006728,Productos lácteos,50000000,50130000,50132600
Brick,10006204,Extractos de huevos,50000000,50130000,50132300
Brick,10006202,Huevos con cáscara en huevera,50000000,50130000,50132300
Brick,10006203,Huevos sucios/revisados con cáscara,50000000,50130000,50132300
Brick,10006211,Huevos cocidos individualmente,50000000,50130000,50132500
Brick,10006210,Huevos de consumo con cáscara,50000000,50130000,50132500
Brick,10006213,Imitaciones de huevos,50000000,50130000,50132500
Brick,10006212,Productos/sustitutos del huevo,50000000,50130000,50132500
Brick,10000027,Leche/sustitutos de la leche (congelados),50000000,50130000,50131700
Brick,10000026,Leche/sustitutos de la leche (no necesitan refrigeración),50000000,50130000,50131700
Brick,10000025,Leche/sustitutos de la leche (perecederos),50000000,50130000,50131700
Brick,10006969,Sustitutos de leche (congelados),50000000,50130000,50131700
Brick,10006971,Sustitutos de leche (no necesitan refrigeración),50000000,50130000,50131700
Brick,10006970,Sustitutos de leche (perecederos),50000000,50130000,50131700
Brick,10000167,Mantequilla (congelada),50000000,50130000,50131900
Brick,10000169,Mantequilla (no necesitan refrigeración),50000000,50130000,50131900
Brick,10000168,Mantequilla (perecedera),50000000,50130000,50131900
Brick,10006983,Margarina (congelada),50000000,50130000,50131900
Brick,10006981,Margarina (no necesita refrigeración),50000000,50130000,50131900
Brick,10006982,Margarina (perecedera),50000000,50130000,50131900
Brick,10006985,Productos lácteos untables  – (congelados),50000000,50130000,50131900
Brick,10006984,Productos lácteos untables  – (perecederos),50000000,50130000,50131900
Brick,10006986,Productos lácteos untables (no necesitan refrigeración),50000000,50130000,50131900
Brick,10006988,Untables de grasas mixtas (congelados),50000000,50130000,50131900
Brick,10006987,Untables de grasas mixtas (mantequilla/margarina) –  (no necesitan refrigeración),50000000,50130000,50131900
Brick,10006989,Untables de grasas mixtas (perecederos),50000000,50130000,50131900
Brick,10000188,Crema (congelados),50000000,50130000,50132000
Brick,10000190,Crema (no necesitan refrigeración),50000000,50130000,50132000
Brick,10000189,Crema (perecederos),50000000,50130000,50132000
Brick,10006975,Sustituto de crema (congelado),50000000,50130000,50132000
Brick,10006977,Sustituto de crema (no necesita refrigeración),50000000,50130000,50132000
Brick,10006976,Sustituto de crema (perecedero),50000000,50130000,50132000
Brick,10000607,Paquetes variados de leche/mantequilla/nata/yogures/queso/huevos/sustitutos,50000000,50130000,50132200
Brick,10000030,Queso/sustitutos del queso (congelados),50000000,50130000,50131800
Brick,10000029,Queso/sustitutos del queso (no necesitan refrigeración),50000000,50130000,50131800
Brick,10000028,Queso/sustitutos del queso (perecederos),50000000,50130000,50131800
Brick,10006995,Sustitutos de Queso (Congelados),50000000,50130000,50131800
Brick,10006997,Sustitutos de Queso (No necesitan refrigeración),50000000,50130000,50131800
Brick,10006996,Sustitutos de Queso (perecederos),50000000,50130000,50131800
Brick,10006978,Sustitutos de yogurt (congelados),50000000,50130000,50132100
Brick,10006980,Sustitutos de yogurt (no necesita refrigeración),50000000,50130000,50132100
Brick,10006979,Sustitutos de yogurt (perecederos),50000000,50130000,50132100
Brick,10000277,Yogur (congelados),50000000,50130000,50132100
Brick,10000279,Yogur (no necesitan refrigeración),50000000,50130000,50132100
Brick,10000278,Yogur (perecedero),50000000,50130000,50132100
Brick,10000008,Nueces/Semillas - Sin Preparación/Sin Procesar (Sin Cáscara),50000000,50340000,50340100
Brick,10000304,Bizcochos/galletas (congelados),50000000,50180000,50182100
Brick,10000161,Bizcochos/galletas (no necesitan refrigeración),50000000,50180000,50182100
Brick,10000160,Bizcochos/galletas (perecederos),50000000,50180000,50182100
Brick,10000305,Pan deshidratado (congelado),50000000,50180000,50182100
Brick,10000166,Panes secos (no necesita refrigeración),50000000,50180000,50182100
Brick,10000596,Paquetes variados de galletas/bizcochos,50000000,50180000,50182100
Brick,10000163,Pan (congelado),50000000,50180000,50181900
Brick,10000165,Pan (no necesita refrigeración),50000000,50180000,50181900
Brick,10000164,Pan (perecedero),50000000,50180000,50181900
Brick,10000157,Complementos para cocinar/hornear (congelados),50000000,50180000,50181700
Brick,10000158,Complementos para cocinar/hornear (no necesitan refrigeración),50000000,50180000,50181700
Brick,10000069,Complementos para cocinar/hornear (perecederos),50000000,50180000,50181700
Brick,10000155,Mezclas para cocinar/hornear (congeladas),50000000,50180000,50181700
Brick,10000156,Mezclas para cocinar/hornear (no necesitan refrigeración),50000000,50180000,50181700
Brick,10000068,Mezclas para cocinar/hornear (perecederas),50000000,50180000,50181700
Brick,10000595,Paquetes variados de complementos/mezclas para cocinar/hornear,50000000,50180000,50181700
Brick,10000598,Paquetes variados de productos de panadería/pan,50000000,50180000,50182300
Brick,10000597,Paquetes variados de productos de repostería,50000000,50180000,50182000
Brick,10000170,Pasteles – Dulces (congeladas),50000000,50180000,50182000
Brick,10000172,Pasteles – Dulces (no necesitan refrigeración),50000000,50180000,50182000
Brick,10000171,Pasteles – Dulces (perecederas),50000000,50180000,50182000
Brick,10000245,Pasteles/Tartas – Dulces (congeladas),50000000,50180000,50182000
Brick,10000247,Pasteles/Tartas – Dulces (no necesitan refrigeración),50000000,50180000,50182000
Brick,10000246,Pasteles/Tartas – Dulces (perecederas),50000000,50180000,50182000
Brick,10000248,Pasteles/Tartas/pizzas/quiches – Saladas (congeladas),50000000,50180000,50182200
Brick,10000250,Pasteles/Tartas/pizzas/quiches – Saladas (no necesitan refrigeración),50000000,50180000,50182200
Brick,10000249,Pasteles/Tartas/pizzas/quiches – Saladas (perecederas),50000000,50180000,50182200
Brick,10000590,Paquetes variados de alimentos/bebidas,50000000,50230000,50230100
Brick,10008058,Raciones - Militar,50000000,50230000,50230100
Brick,10000626,Mezclas de invertebrados acuáticos/pescado/moluscos/mariscos – Preparadas/tratadas (congeladas),50000000,50120000,50122500
Brick,10000628,Mezclas de invertebrados acuáticos/pescado/moluscos/mariscos – Preparadas/tratadas (no necesitan refrigeración),50000000,50120000,50122500
Brick,10000627,Mezclas de invertebrados acuáticos/pescado/moluscos/mariscos – Preparadas/tratadas (perecederas),50000000,50120000,50122500
Brick,10000629,Mezclas de invertebrados acuáticos/pescado/moluscos/mariscos – Sin preparar/sin tratar (congeladas),50000000,50120000,50122500
Brick,10000631,Mezclas de invertebrados acuáticos/pescado/moluscos/mariscos – Sin preparar/sin tratar (no necesitan refrigeración),50000000,50120000,50122500
Brick,10000630,Mezclas de invertebrados acuáticos/pescado/moluscos/mariscos – Sin preparar/sin tratar (perecederas),50000000,50120000,50122500
Brick,10000145,Invertebrados acuáticos – Preparados/tratados (congelados),50000000,50120000,50122000
Brick,10000147,Invertebrados acuáticos – Preparados/tratados (no necesitan refrigeración),50000000,50120000,50122000
Brick,10000146,Invertebrados acuáticos – Preparados/tratados (perecederos),50000000,50120000,50122000
Brick,10000148,Invertebrados acuáticos – Sin preparar/sin tratar (congelados),50000000,50120000,50122300
Brick,10000150,Invertebrados acuáticos – Sin preparar/sin tratar (no necesitan refrigeración),50000000,50120000,50122300
Brick,10000149,Invertebrados acuáticos – Sin preparar/sin tratar (perecederos),50000000,50120000,50122300
Brick,10000256,Mariscos preparados/procesados (congelados),50000000,50120000,50122100
Brick,10000258,Mariscos preparados/procesados (no necesitan refrigeración),50000000,50120000,50122100
Brick,10000257,Mariscos preparados/procesados (perecederos),50000000,50120000,50122100
Brick,10000020,Moluscos – Sin preparar/sin tratar (congelados),50000000,50120000,50121700
Brick,10000021,Moluscos – Sin preparar/sin tratar (no necesitan refrigeración),50000000,50120000,50121700
Brick,10000019,Moluscos – Sin preparar/sin tratar (perecederos),50000000,50120000,50121700
Brick,10000614,Paquetes variados de mariscos,50000000,50120000,50122400
Brick,10000017,Pescado – Preparado/tratado (congelado),50000000,50120000,50121900
Brick,10000018,Pescado – Preparado/tratado (no necesita refrigeración),50000000,50120000,50121900
Brick,10000016,Pescado – Preparado/tratado (perecedero),50000000,50120000,50121900
Brick,10000281,Pescado – Sin preparar/sin procesar (congelado),50000000,50120000,50121500
Brick,10000283,Pescado – Sin preparar/sin procesar (no necesita refrigeración),50000000,50120000,50121500
Brick,10000282,Pescado – Sin preparar/sin procesar (perecedero),50000000,50120000,50121500
Brick,10000151,Plantas acuáticas – Preparadas/tratadas (congeladas),50000000,50120000,50122200
Brick,10000153,Plantas acuáticas – Preparadas/tratadas (no necesitan refrigeración),50000000,50120000,50122200
Brick,10000152,Plantas acuáticas – Preparadas/tratadas (perecederas),50000000,50120000,50122200
Brick,10000138,Plantas acuáticas – Sin preparar/sin tratar (congeladas),50000000,50120000,50121800
Brick,10000139,Plantas acuáticas – Sin preparar/sin tratar (no necesitan refrigeración),50000000,50120000,50121800
Brick,10000137,Plantas acuáticas – Sin preparar/sin tratar (perecederas),50000000,50120000,50121800
Brick,10008451,Nido de ave comestible - No Preparado/No procesado,50000000,50410000,50410200
Brick,10008450,Gelatina comestible de piel de burro - Preparada/Procesada,50000000,50410000,50410100
Brick,10008449,Nido de ave comestible - Preparado/Procesado,50000000,50410000,50410100
Brick,10006230,Paquetes surtidos de sustitutos de carne,50000000,50390000,50390100
Brick,10008246,Sustitutos de carne - A base de animales (no necesitan refrigeración),50000000,50390000,50390100
Brick,10008245,Sustitutos de carne - A base de animales (perecederos),50000000,50390000,50390100
Brick,10008244,Sustitutos de carne - De origen animal (congelado),50000000,50390000,50390100
Brick,10005823,Sustitutos de la carne - De origen no animal (congelados),50000000,50390000,50390100
Brick,10005825,Sustitutos de la carne - No a base de animales (no necesitan refrigeración),50000000,50390000,50390100
Brick,10005824,Sustitutos de la carne - No a base de animales (perecederos),50000000,50390000,50390100
Brick,10008258,Paquetes variados sustitutos de mariscos,50000000,50390000,50390300
Brick,10008255,Sustitutos de mariscos - A base de animales (congelados),50000000,50390000,50390300
Brick,10008257,Sustitutos de mariscos - a base de animales (no necesita refrigeración),50000000,50390000,50390300
Brick,10008256,Sustitutos de mariscos - A base de animales (perecederos),50000000,50390000,50390300
Brick,10008254,Sustitutos de mariscos - No a base de animales (congelados),50000000,50390000,50390300
Brick,10008107,Sustitutos de mariscos - No a base de animales (No necesitan refrigeración),50000000,50390000,50390300
Brick,10008108,Sustitutos de mariscos - No a base de animales (perecederos),50000000,50390000,50390300
Brick,10008253,Paquetes de variados Sustitutos del pescado,50000000,50390000,50390200
Brick,10008248,Sustitutos del pescado - A base de animales (congelados),50000000,50390000,50390200
Brick,10008252,Sustitutos del pescado - a base de animales (no necesitan refrigeración),50000000,50390000,50390200
Brick,10008250,Sustitutos del pescado - A base de animales (perecederos),50000000,50390000,50390200
Brick,10008247,Sustitutos del pescado - No a base de animales (congelados),50000000,50390000,50390200
Brick,10008251,Sustitutos del pescado - No a base de animales (no necesitan refrigeración),50000000,50390000,50390200
Brick,10008249,Sustitutos del pescado - No a base de animales (perecederos),50000000,50390000,50390200
Brick,10000005,Verduras – Sin preparar/sin tratar (congeladas),50000000,50290000,50290100
Brick,10000006,Verduras – Sin preparar/sin tratar (no necesitan refrigeración),50000000,50320000,50320100
Brick,10006095,Achicoria,50000000,50350000,50350100
Brick,10006421,Achicoria (hoja roja),50000000,50350000,50350100
Brick,10006422,Achicoria común,50000000,50350000,50350100
Brick,10006094,Achicoria de hoja roja,50000000,50350000,50350100
Brick,10006093,Endibia Belga,50000000,50350000,50350100
Brick,10006155,Endivia (hoja ancha),50000000,50350000,50350100
Brick,10006097,Escarola (rizada),50000000,50350000,50350100
Brick,10006423,Puntarella,50000000,50350000,50350100
Brick,10006090,Acedera,50000000,50350000,50350400
Brick,10006048,Berro,50000000,50350000,50350400
Brick,10006269,Brotes,50000000,50350000,50350400
Brick,10006089,Dientes de león/hojas verdes de diente de león,50000000,50350000,50350400
Brick,10006086,Mache,50000000,50350000,50350400
Brick,10006088,Rúcula,50000000,50350000,50350400
Brick,10006092,Verdolaga,50000000,50350000,50350400
Brick,10006426,Lechuga hoja de roble,50000000,50350000,50350300
Brick,10006268,Lechuga multihoja,50000000,50350000,50350300
Brick,10006425,Lechuga roja,50000000,50350000,50350300
Brick,10006424,Lechuga rubia,50000000,50350000,50350300
Brick,10006352,Espinaca/Ong Choy,50000000,50350000,50350500
Brick,10006091,Espinacas,50000000,50350000,50350500
Brick,10006420,Hin Choy,50000000,50350000,50350500
Brick,10006427,Tetragonia,50000000,50350000,50350500
Brick,10006428,Verduras de hoja - paquetes surtidos sin preparar/sin procesar,50000000,50350000,50350600
Brick,10006419,Batavia,50000000,50350000,50350200
Brick,10006079,Lechuga de cogollo,50000000,50350000,50350200
Brick,10006267,Lechuga iceberg,50000000,50350000,50350200
Brick,10006085,Lechuga romana,50000000,50350000,50350200
Brick,10006761,Lechuga china,50000000,50350000,50350700
Brick,10006445,Bimi,50000000,50260000,50261100
Brick,10005988,Brócoli,50000000,50260000,50261100
Brick,10006446,Choi Sum,50000000,50260000,50261100
Brick,10006197,Col puntiaguda,50000000,50260000,50261100
Brick,10006144,Col rizada,50000000,50260000,50261100
Brick,10006823,Col verde China,50000000,50260000,50261100
Brick,10005999,Coles,50000000,50260000,50261100
Brick,10006143,Coles chinas,50000000,50260000,50261100
Brick,10005996,Coles de Bruselas,50000000,50260000,50261100
Brick,10006000,Coles de Milán,50000000,50260000,50261100
Brick,10005997,Coles lombardas,50000000,50260000,50261100
Brick,10005987,Coliflor,50000000,50260000,50261100
Brick,10006146,Colinabo,50000000,50260000,50261100
Brick,10006339,Gai choy,50000000,50260000,50261100
Brick,10006117,Grelos,50000000,50260000,50261100
Brick,10006342,Hortalizas (mostaza de Texas),50000000,50260000,50261100
Brick,10006341,"Hortalizas, mostaza",50000000,50260000,50261100
Brick,10006444,Mizuna,50000000,50260000,50261100
Brick,10006119,Nabitos de Teltow,50000000,50260000,50261100
Brick,10006120,Nabos,50000000,50260000,50261100
Brick,10006116,Nabos de Mayo,50000000,50260000,50261100
Brick,10006118,Nabos suecos,50000000,50260000,50261100
Brick,10006145,Pak Choi,50000000,50260000,50261100
Brick,10006196,Romanesco,50000000,50260000,50261100
Brick,10006447,Tatsoi,50000000,50260000,50261100
Brick,10006130,Alcachofas,50000000,50260000,50261600
Brick,10006131,Apio,50000000,50260000,50261600
Brick,10006135,Cardos,50000000,50260000,50261600
Brick,10006129,Espárragos,50000000,50260000,50261600
Brick,10006272,Hinojo (Subespecie azoricum),50000000,50260000,50261600
Brick,10006136,Palmitos,50000000,50260000,50261600
Brick,10006133,Puerro,50000000,50260000,50261600
Brick,10006134,Ruibarbo,50000000,50260000,50261600
Brick,10006137,Tallos de bambú,50000000,50260000,50261600
Brick,10006835,Tallos de papa dulce,50000000,50260000,50261600
Brick,10006003,Ajo,50000000,50260000,50260200
Brick,10006004,Ajo elefante,50000000,50260000,50260200
Brick,10006007,Ajoporro,50000000,50260000,50260200
Brick,10006006,Cebollas,50000000,50260000,50260200
Brick,10006005,Cebollas tiernas,50000000,50260000,50260200
Brick,10006009,Chalotas,50000000,50260000,50260200
Brick,10006371,Caña de azúcar,50000000,50260000,50262600
Brick,10006015,Calabacines,50000000,50260000,50260700
Brick,10006355,Calabaza,50000000,50260000,50260700
Brick,10006356,Calabaza (Chayote),50000000,50260000,50260700
Brick,10006357,Calabaza (Opo),50000000,50260000,50260700
Brick,10006349,Melón amargo,50000000,50260000,50260700
Brick,10006340,Calabazas,50000000,50260000,50260900
Brick,10006038,Calabazas/Calabacín de invierno,50000000,50260000,50260900
Brick,10006261,Flores comestibles,50000000,50260000,50262000
Brick,10005981,Frijol de playa,50000000,50260000,50261400
Brick,10006834,Frijoles Adzuki (judía/soja roja),50000000,50260000,50261400
Brick,10005982,Frijoles de Lima,50000000,50260000,50261400
Brick,10005980,Habas,50000000,50260000,50261400
Brick,10006336,Judías (enanas),50000000,50260000,50261400
Brick,10006158,Judías espárrago,50000000,50260000,50261400
Brick,10005979,Judías verdes,50000000,50260000,50261400
Brick,10005976,Judías verdes/de manteca,50000000,50260000,50261400
Brick,10006359,Tamarindo,50000000,50260000,50261400
Brick,10006271,Garbanzos,50000000,50260000,50262200
Brick,10006825,Frijol de carita o chícharo salvaje,50000000,50260000,50261500
Brick,10006455,Guisante alado,50000000,50260000,50261500
Brick,10005984,Guisantes (chícharos),50000000,50260000,50261500
Brick,10005985,Guisantes mollares,50000000,50260000,50261500
Brick,10006454,Lentejas,50000000,50260000,50261500
Brick,10006270,Tirabeques,50000000,50260000,50261500
Brick,10006361,Helechos (canela),50000000,50260000,50262400
Brick,10006362,Helechos (reales),50000000,50260000,50262400
Brick,10006824,Helechos Fiddlehead,50000000,50260000,50262400
Brick,10006046,Ajedrea,50000000,50260000,50261300
Brick,10006045,Ajedrea de jardín,50000000,50260000,50261300
Brick,10006040,Ajos de oso,50000000,50260000,50261300
Brick,10006041,Albahaca,50000000,50260000,50261300
Brick,10006056,Alcaravea,50000000,50260000,50261300
Brick,10006050,Angélica,50000000,50260000,50261300
Brick,10006334,Anís,50000000,50260000,50261300
Brick,10006044,Artemisa,50000000,50260000,50261300
Brick,10006047,Borraja,50000000,50260000,50261300
Brick,10006074,Cebollinos,50000000,50260000,50261300
Brick,10006054,Cilantro,50000000,50260000,50261300
Brick,10006049,Eneldo,50000000,50260000,50261300
Brick,10008003,Epazote,50000000,50260000,50261300
Brick,10006060,Especies de Origanum (Origanum onites y Origanum majorana),50000000,50260000,50261300
Brick,10006051,Estragón,50000000,50260000,50261300
Brick,10006159,Hierba de limón,50000000,50260000,50261300
Brick,10006078,Hierba luisa,50000000,50260000,50261300
Brick,10008493,Hierbas - Otros,50000000,50260000,50261300
Brick,10006052,Hinojo (Subespecie dulce),50000000,50260000,50261300
Brick,10006077,Hisopo,50000000,50260000,50261300
Brick,10008002,Hoja Santa,50000000,50260000,50261300
Brick,10006457,Hojas de apio,50000000,50260000,50261300
Brick,10006058,Laurel,50000000,50260000,50261300
Brick,10006057,Levístico,50000000,50260000,50261300
Brick,10006055,Mastuerzo,50000000,50260000,50261300
Brick,10006059,Mejorana,50000000,50260000,50261300
Brick,10006061,Melisa,50000000,50260000,50261300
Brick,10006063,Mentha o mastranzo,50000000,50260000,50261300
Brick,10006066,Orégano,50000000,50260000,50261300
Brick,10008004,Pápalo,50000000,50260000,50261300
Brick,10006456,Paquete de varias hierbas,50000000,50260000,50261300
Brick,10008005,Pepiche,50000000,50260000,50261300
Brick,10006199,Perejil (Liso),50000000,50260000,50261300
Brick,10006198,Perejil (Rizado),50000000,50260000,50261300
Brick,10006053,Perifollo,50000000,50260000,50261300
Brick,10006065,Perifollo oloroso,50000000,50260000,50261300
Brick,10006071,Pimpinela blanca - sin procesar,50000000,50260000,50261300
Brick,10006072,Romero,50000000,50260000,50261300
Brick,10006353,Salvia,50000000,50260000,50261300
Brick,10006075,Tomillo,50000000,50260000,50261300
Brick,10006076,Tomillo limonero,50000000,50260000,50261300
Brick,10006164,Jitomates – Arrugados,50000000,50260000,50260300
Brick,10006163,Jitomates – Oblongos,50000000,50260000,50260300
Brick,10006165,Jitomates – Redondos,50000000,50260000,50260300
Brick,10006161,Jitomates cherry – Oblongos,50000000,50260000,50260300
Brick,10006162,Jitomates cherry – Redondos,50000000,50260000,50260300
Brick,10006166,Surtidos de jitomates,50000000,50260000,50260300
Brick,10006360,Aloe Vera,50000000,50260000,50262300
Brick,10006372,Castañas de agua,50000000,50260000,50262700
Brick,10006350,Kiwano,50000000,50260000,50260800
Brick,10006829,Melón Conomon,50000000,50260000,50260800
Brick,10006826,Melones cantalupos sin red,50000000,50260000,50260800
Brick,10006827,Melones de invierno o melones inodoros,50000000,50260000,50260800
Brick,10006828,Melones reticulados,50000000,50260000,50260800
Brick,10006348,Otros melones,50000000,50260000,50260800
Brick,10006830,Pepino Armenio,50000000,50260000,50260800
Brick,10006037,Sandías,50000000,50260000,50260800
Brick,10006260,Germinados,50000000,50260000,50261900
Brick,10006259,Plantas de semilla – listos para consumo,50000000,50260000,50261900
Brick,10005986,Algarrobas,50000000,50260000,50261000
Brick,10006337,Maíz (indio),50000000,50260000,50261000
Brick,10006147,Maíz tierno,50000000,50260000,50261000
Brick,10006148,Quingombó,50000000,50260000,50261000
Brick,10006449,Pepinillos,50000000,50260000,50260600
Brick,10006450,Pepino torcido,50000000,50260000,50260600
Brick,10006014,Pepinos,50000000,50260000,50260600
Brick,10006102,Ají,50000000,50260000,50260400
Brick,10006100,Pimiento alargado (puntiagudo),50000000,50260000,50260400
Brick,10006190,Pimientos cuadrados (no picudos),50000000,50260000,50260400
Brick,10006191,Pimientos cuadrados picudos (tipo peonza),50000000,50260000,50260400
Brick,10006192,Pimientos planos (tipo tomate),50000000,50260000,50260400
Brick,10006195,Surtidos de pimientos,50000000,50260000,50260400
Brick,10006365,Mamey,50000000,50260000,50262500
Brick,10006368,Sapodilla,50000000,50260000,50262500
Brick,10006370,Sapote (blanco),50000000,50260000,50262500
Brick,10006369,Sapote (negro),50000000,50260000,50262500
Brick,10006157,Champiñones comunes cultivados (Agaricus),50000000,50260000,50261700
Brick,10006031,Champiñones ostra,50000000,50260000,50261700
Brick,10006032,Colmenillas,50000000,50260000,50261700
Brick,10006264,Enoki (seta de aguja de oro),50000000,50260000,50261700
Brick,10006263,Hongos de haya,50000000,50260000,50261700
Brick,10006266,Otras setas salvajes,50000000,50260000,50261700
Brick,10006033,Rebozuelos,50000000,50260000,50261700
Brick,10006035,Seta calabaza,50000000,50260000,50261700
Brick,10006265,Seta de cardo,50000000,50260000,50261700
Brick,10006836,Setas Lingzhi,50000000,50260000,50261700
Brick,10006034,Shiitake (hongo del árbol shii),50000000,50260000,50261700
Brick,10006036,Trufas,50000000,50260000,50261700
Brick,10006452,Berenjena africana,50000000,50260000,50260500
Brick,10006128,Berenjenas,50000000,50260000,50260500
Brick,10006760,Naranjilla/Lulo,50000000,50260000,50260500
Brick,10006453,Pepino,50000000,50260000,50260500
Brick,10006358,Tamarillo,50000000,50260000,50260500
Brick,10006451,Tomatillos,50000000,50260000,50260500
Brick,10006461,Agretti,50000000,50260000,50262100
Brick,10006458,Col marina,50000000,50260000,50262100
Brick,10006459,Lavandula,50000000,50260000,50262100
Brick,10006460,Salicornia,50000000,50260000,50262100
Brick,10006262,"Vegetales marinos, otros",50000000,50260000,50262100
Brick,10006171,Verduras – Surtidos no preparados/no procesados (fresco),50000000,50260000,50261800
Brick,10006966,Alcachofa china o betónica,50000000,50260000,50260100
Brick,10006335,Apio criollo,50000000,50260000,50260100
Brick,10006123,Apio nabo,50000000,50260000,50260100
Brick,10006111,Boniatos,50000000,50260000,50260100
Brick,10006126,Chirivías,50000000,50260000,50260100
Brick,10006967,"Cubio o papa amarga, mashua, mashwa (Capucine Tubereuse)",50000000,50260000,50260100
Brick,10006200,Escorzonera,50000000,50260000,50260100
Brick,10006833,Ginseng,50000000,50260000,50260100
Brick,10006113,Jengibre,50000000,50260000,50260100
Brick,10006344,Jicama,50000000,50260000,50260100
Brick,10006107,Malanga,50000000,50260000,50260100
Brick,10006108,Mandioca,50000000,50260000,50260100
Brick,10006416,Maranta,50000000,50260000,50260100
Brick,10006112,Ñame,50000000,50260000,50260100
Brick,10006351,Ñame blanco,50000000,50260000,50260100
Brick,10006968,Oca,50000000,50260000,50260100
Brick,10006104,Papas (patatas),50000000,50260000,50260100
Brick,10006127,Perejil de raíz,50000000,50260000,50260100
Brick,10006418,Perifollo bulboso de nabo,50000000,50260000,50260100
Brick,10006366,Quimbombó (chino),50000000,50260000,50260100
Brick,10006417,Rábano (daikon),50000000,50260000,50260100
Brick,10006124,Rábano picante,50000000,50260000,50260100
Brick,10006114,Rábanos,50000000,50260000,50260100
Brick,10006115,Rábanos negros,50000000,50260000,50260100
Brick,10006363,Raíz de gobo/Bardana,50000000,50260000,50260100
Brick,10006364,Raíz de loto,50000000,50260000,50260100
Brick,10006121,Remolacha,50000000,50260000,50260100
Brick,10006367,Salsifí,50000000,50260000,50260100
Brick,10006125,Tupinambos,50000000,50260000,50260100
Brick,10006110,Yautía blanca,50000000,50260000,50260100
Brick,10006109,Yautía lila,50000000,50260000,50260100
Brick,10006122,Zanahorias,50000000,50260000,50260100
Brick,10003674,Armarios para herramientas,84000000,84010000,84010100
Brick,10003678,Bolsas/pistoleras/cinturones para herramientas,84000000,84010000,84010100
Brick,10003578,Carros para herramientas,84000000,84010000,84010100
Brick,10003677,Estuches/bandejas para herramientas,84000000,84010000,84010100
Brick,10003676,Maletines/cajas para herramientas,84000000,84010000,84010100
Brick,10005102,Otros tipos de almacenamiento de herramientas,84000000,84010000,84010100
Brick,10005104,Paquetes variados de almacenamiento de herramientas,84000000,84010000,84010100
Brick,10005100,Accesorios/recambios de artículos de taller,84000000,84010000,84010200
Brick,10003572,Atriles con rodillos,84000000,84010000,84010200
Brick,10003470,Caballetes de aserrar,84000000,84010000,84010200
Brick,10005806,Mesas de fresadora,84000000,84010000,84010200
Brick,10003468,Mesas de trabajo,84000000,84010000,84010200
Brick,10005101,Otros artículos de taller,84000000,84010000,84010200
Brick,10007938,Piezas de repuesto/accesorios para banco/mesa de trabajo,84000000,84010000,84010200
Brick,10005723,Telas/trapos para talleres,84000000,84010000,84010200
Brick,10005448,Anélidos (Gusanos),89000000,89020000,89020100
Brick,10005447,Arácnidos (Arañas/escorpiones),89000000,89020000,89020100
Brick,10005454,Corales/anémonas marinas,89000000,89020000,89020100
Brick,10005450,Crustáceos,89000000,89020000,89020100
Brick,10005451,Esponjas,89000000,89020000,89020100
Brick,10005452,Estrellas de mar/erizos de mar,89000000,89020000,89020100
Brick,10005446,Insectos,89000000,89020000,89020100
Brick,10005475,Invertebrados – Otros,89000000,89020000,89020100
Brick,10005453,Medusas,89000000,89020000,89020100
Brick,10005449,Moluscos,89000000,89020000,89020100
Brick,10005458,Anfibios,89000000,89020000,89020200
Brick,10005457,Aves,89000000,89020000,89020200
Brick,10005461,Bovinos (Ganado),89000000,89020000,89020200
Brick,10005625,Caninos (Perros),89000000,89020000,89020200
Brick,10005462,Caprinos (Cabras),89000000,89020000,89020200
Brick,10005469,Cetáceos (Ballenas/delfines/marsopas),89000000,89020000,89020200
Brick,10005463,Equinos (Caballos/asnos),89000000,89020000,89020200
Brick,10005460,Felinos (Gatos),89000000,89020000,89020200
Brick,10005468,Lagomorfos (Liebres/conejos),89000000,89020000,89020200
Brick,10005467,Marsupiales,89000000,89020000,89020200
Brick,10005465,Ovinos (Ovejas),89000000,89020000,89020200
Brick,10005456,Peces,89000000,89020000,89020200
Brick,10005464,Porcinos (Cerdos),89000000,89020000,89020200
Brick,10005459,Primates,89000000,89020000,89020200
Brick,10005466,Reptiles,89000000,89020000,89020200
Brick,10005455,Rodadores,89000000,89020000,89020200
Brick,10005476,Vertebrados – Otros,89000000,89020000,89020200
Brick,10001712,Artes/Manualidades/Costura Almacenamiento/Organizadores,70000000,70010000,70011600
Brick,10001686,Aerógrafos (eléctricos),70000000,70010000,70011500
Brick,10001702,Artes/Manualidades/Agujas de costura,70000000,70010000,70011500
Brick,10008399,Artes/Manualidades/Herramientas de Costura - Piezas de Repuesto,70000000,70010000,70011500
Brick,10008401,Artes/Manualidades/Herramientas de Costura (No eléctricas),70000000,70010000,70011500
Brick,10008400,Artes/Manualidades/Herramientas de Costura Paquetes Variados,70000000,70010000,70011500
Brick,10001732,Fundidor (eléctrico),70000000,70010000,70011500
Brick,10008398,Fundidor (no eléctrico),70000000,70010000,70011500
Brick,10001754,Herramientas de hilado/tejido (eléctricas),70000000,70010000,70011500
Brick,10001755,Herramientas de hilado/tejido (no eléctricas),70000000,70010000,70011500
Brick,10001742,Herramientas de tallado/grabado de madera (eléctricas),70000000,70010000,70011500
Brick,10001743,Herramientas de tallado/grabado de madera (no eléctricas),70000000,70010000,70011500
Brick,10001693,Herramientas para escultores (eléctricas),70000000,70010000,70011500
Brick,10001692,Herramientas para escultores (no eléctricas),70000000,70010000,70011500
Brick,10001726,Herramientas para realizar artículos de papel (no eléctricas),70000000,70010000,70011500
Brick,10001748,Herramientas para trabajos de impresión (no eléctrico),70000000,70010000,70011500
Brick,10001694,Hornos (eléctricos),70000000,70010000,70011500
Brick,10001707,Maquinaria para tejer/coser (eléctricas),70000000,70010000,70011500
Brick,10001706,Maquinaria para tejer/coser (no eléctricas),70000000,70010000,70011500
Brick,10001749,Prensas para imprimir (eléctricas),70000000,70010000,70011500
Brick,10001750,Prensas para imprimir (no eléctricas),70000000,70010000,70011500
Brick,10001695,Ruedas para alfarería (eléctricas),70000000,70010000,70011500
Brick,10001696,Ruedas para alfarería (no eléctricas),70000000,70010000,70011500
Brick,10001717,Arte/Artesanía/Materiales para fabricar joyería,70000000,70010000,70011400
Brick,10001700,Arte/Manualidades/Encajes/Cintas/Cordones/Trenzas,70000000,70010000,70011400
Brick,10001714,Artes/Manualidades/Adornos de costura,70000000,70010000,70011400
Brick,10001683,Artes/Manualidades/Costura Suministros de arena,70000000,70010000,70011400
Brick,10001699,Artes/Manualidades/Costura Telas/Textiles,70000000,70010000,70011400
Brick,10008365,Artes/Manualidades/Suministros de Costura Accesorios,70000000,70010000,70011400
Brick,10001701,Hilos de Artes/Manualidades/Costura,70000000,70010000,70011400
Brick,10001756,Hilos/Fibras para Artes/Artesanías/Costura,70000000,70010000,70011400
Brick,10001737,Moldes para trabajos de arte/Artesanía/Costura,70000000,70010000,70011400
Brick,10008397,Paquetes variados de suministros de arte/manualidades/costura,70000000,70010000,70011400
Brick,10001713,Plantillas de Artes/Manualidades/Costura,70000000,70010000,70011400
Brick,10001710,Sistemas de cierre para costura/Artes/Manualidades,70000000,70010000,70011400
Brick,10001678,Agentes para superficies de pinturas para artistas,70000000,70010000,70010100
Brick,10001674,Aplicadores/brochas de artistas,70000000,70010000,70010100
Brick,10001681,Caballetes para artistas,70000000,70010000,70010100
Brick,10001685,Otros artículos de dibujo/pintura para artistas,70000000,70010000,70010100
Brick,10001680,Paletas para artistas,70000000,70010000,70010100
Brick,10001684,Paquetes variados de artículos de dibujo/pintura para artistas,70000000,70010000,70010100
Brick,10005372,Tableros de dibujo de artistas,70000000,70010000,70010100
Brick,10001679,Tableros preparados/lonas para artistas,70000000,70010000,70010100
Brick,10001676,Tintes/pinturas para artistas,70000000,70010000,70010100
Brick,10001677,Tizas/Crayones/Carboncillos/Pasteles para artistas,70000000,70010000,70010100
Brick,10001730,Materiales para hacer manualidades de papel/tarjetas,70000000,70010000,70010700
Brick,10001729,Paquetes variados de artículos para realizar artículos de cartulina/papel,70000000,70010000,70010700
Brick,10001760,Paquetes variados de artes/manualidades/costura,70000000,70010000,70011300
Brick,10005366,Accesorios de flores/plantas (Césped/jardín),81000000,81010000,81011800
Brick,10003854,Plantas – Variedad plantadora,81000000,81010000,81011800
Brick,10005220,Soportes para plantas/estacas,81000000,81010000,81011800
Brick,10003336,Accesorios/recambios de aparatos de calefacción/cocina para jardín/césped,81000000,81010000,81010800
Brick,10006742,Ahumadores - cocina,81000000,81010000,81010800
Brick,10003323,Calefactores de exterior (eléctricos),81000000,81010000,81010800
Brick,10003324,Calefactores de exterior (no eléctricos),81000000,81010000,81010800
Brick,10005369,Calefactores/ventiladores de invernaderos,81000000,81010000,81010800
Brick,10003332,Calentadores/cajones (jardín/césped),81000000,81010000,81010800
Brick,10003335,Otros aparatos de calefacción/cocina para jardín/césped,81000000,81010000,81010800
Brick,10003334,Paquetes variados de aparatos de calefacción/cocina para jardín/césped,81000000,81010000,81010800
Brick,10003328,Parrilla o asador,81000000,81010000,81010800
Brick,10003330,Parrillas (césped/jardín),81000000,81010000,81010800
Brick,10006786,Azulejos - Suelo al aire libre,81000000,81010000,81011900
Brick,10005719,Adornos/placas de jardín,81000000,81010000,81010300
Brick,10003406,Asientos/taburetes para arrodillarse en el jardín,81000000,81010000,81010300
Brick,10003249,Bancos - columpios al aire libre,81000000,81010000,81010300
Brick,10003248,Bancos de jardín,81000000,81010000,81010300
Brick,10005361,Buzones de correo (Césped/jardín),81000000,81010000,81010300
Brick,10007014,Cajas de almacenamiento de jardín,81000000,81010000,81010300
Brick,10007959,Carpas plegables,81000000,81010000,81010300
Brick,10003321,Cubiertas/lonas (jardín/césped),81000000,81010000,81010300
Brick,10005367,Estanterías/encimeras de jardín,81000000,81010000,81010300
Brick,10003250,Hamacas,81000000,81010000,81010300
Brick,10003245,Mesas de jardín,81000000,81010000,81010300
Brick,10003251,Mobiliario para jardín/césped – Accesorios/recambios,81000000,81010000,81010300
Brick,10003253,Otros muebles para jardín/césped,81000000,81010000,81010300
Brick,10003252,Paquetes variados de mobiliario para jardín/césped,81000000,81010000,81010300
Brick,10005219,Paraguas/sombrillas,81000000,81010000,81010300
Brick,10007934,Piezas de repuesto / accesorios para macetas de flores / plantas,81000000,81010000,81010300
Brick,10003313,Porta plantas,81000000,81010000,81010300
Brick,10003246,Reposapies de jardín,81000000,81010000,81010300
Brick,10003242,Sillas de jardín,81000000,81010000,81010300
Brick,10007036,Soportes/bases para paraguas/sombrillas,81000000,81010000,81010300
Brick,10003243,Tumbonas al aire libre,81000000,81010000,81010300
Brick,10003316,Unidades de exposición de jardín,81000000,81010000,81010300
Brick,10007009,Césped artificial,81000000,81010000,81011500
Brick,10006785,Grava,81000000,81010000,81011500
Brick,10004110,Otros complementos para tierra/tierra para jardín/césped,81000000,81010000,81011500
Brick,10005729,Telas de cobertura del suelo/paisajismo/acolchado,81000000,81010000,81011500
Brick,10003236,Tierra Vegetal/Sustrato Fértil,81000000,81010000,81011500
Brick,10003308,Cajones para vermicultura/abono,81000000,81010000,81010700
Brick,10003314,Contenedores de exterior,81000000,81010000,81010700
Brick,10003400,Incineradoras de jardín,81000000,81010000,81010700
Brick,10003311,Otros contenedores para residuos de jardín/césped,81000000,81010000,81010700
Brick,10005368,Piezas/Accesorios de repuesto de residuos de agua – Césped/jardín,81000000,81010000,81010700
Brick,10003268,Artículos de jardín para almacenamiento de agua,81000000,81010000,81010400
Brick,10003262,Aspersores/pulverizadores/atomizadores (final de la manguera),81000000,81010000,81010400
Brick,10003270,Aspersores/Rociadores/Atomizadores (no eléctricos),81000000,81010000,81010400
Brick,10003271,Aspersores/Rociadores/Atomizadores (no eléctricos),81000000,81010000,81010400
Brick,10003255,Conectores para mangueras,81000000,81010000,81010400
Brick,10003276,Controladores/temporizadores de riego,81000000,81010000,81010400
Brick,10003254,Manguera,81000000,81010000,81010400
Brick,10003274,Otros equipos de riego para jardín/césped,81000000,81010000,81010400
Brick,10003272,Paquetes variados de sistemas de riego para jardín/césped,81000000,81010000,81010400
Brick,10003267,Regadera,81000000,81010000,81010400
Brick,10003256,Sistema para guardar mangueras – Fijo,81000000,81010000,81010400
Brick,10003257,Sistema para guardar mangueras – Móvil,81000000,81010000,81010400
Brick,10003264,Sistemas de riego,81000000,81010000,81010400
Brick,10003273,Sistemas de riego para jardín/césped – Recambios,81000000,81010000,81010400
Brick,10003352,Accesorios de equipos para jardín/césped,81000000,81010000,81011200
Brick,10003402,Accesorios/recambios de herramientas eléctricas para jardín/césped,81000000,81010000,81011200
Brick,10003864,Accesorios/recambios de herramientas manuales para jardín/césped,81000000,81010000,81011200
Brick,10003393,Aireadores para césped (no eléctricos),81000000,81010000,81011200
Brick,10003347,Aireadores/escarificadores para césped (eléctricos),81000000,81010000,81011200
Brick,10003869,Alimentadores/aplicadores (eléctricos),81000000,81010000,81011200
Brick,10003867,Alimentadores/aplicadores (no eléctricos),81000000,81010000,81011200
Brick,10003370,Apisonadoras (eléctricas),81000000,81010000,81011200
Brick,10003395,Apisonadoras (no eléctricas),81000000,81010000,81011200
Brick,10003388,Azadas,81000000,81010000,81011200
Brick,10003846,Barras excavadoras,81000000,81010000,81011200
Brick,10003365,Barrenas (eléctricas),81000000,81010000,81011200
Brick,10003842,Barrenas (no eléctricas),81000000,81010000,81011200
Brick,10003861,Barrenas para abrir agujeros para postes (eléctricas),81000000,81010000,81011200
Brick,10003844,Barrenas para abrir agujeros para postes (no eléctricas),81000000,81010000,81011200
Brick,10003403,Bolsas para césped,81000000,81010000,81011200
Brick,10003376,Carretillas de jardinería (eléctricas),81000000,81010000,81011200
Brick,10003404,Carretillas de jardinería (no eléctricas),81000000,81010000,81011200
Brick,10003870,Cortabordes (eléctricos),81000000,81010000,81011200
Brick,10003389,Cortabordes (no eléctricos),81000000,81010000,81011200
Brick,10003355,Cortabordes/recortadoras de cadena/cortadores de cepillo (eléctricos),81000000,81010000,81011200
Brick,10003353,Cortacéspedes (eléctricos),81000000,81010000,81011200
Brick,10003387,Cortacéspedes (no eléctricos),81000000,81010000,81011200
Brick,10008504,Cubiertas protectoras para césped/jardín,81000000,81010000,81011200
Brick,10003405,Cultivos de semillas,81000000,81010000,81011200
Brick,10003862,Cuñas,81000000,81010000,81011200
Brick,10003386,Escarificadores,81000000,81010000,81011200
Brick,10008409,Esparcidores,81000000,81010000,81011200
Brick,10003377,Esparcidores/recoge hojas/barredoras de césped (no eléctricos),81000000,81010000,81011200
Brick,10003368,Extractores/amoladoras de tocones (eléctricos),81000000,81010000,81011200
Brick,10003383,Hachas,81000000,81010000,81011200
Brick,10003384,Hoces/guadañas/mangos de guadaña,81000000,81010000,81011200
Brick,10003391,Horcas (jardín/césped),81000000,81010000,81011200
Brick,10003397,Máquinas de labrar/cultivadores (no eléctricos),81000000,81010000,81011200
Brick,10003375,Máquinas de lavado a presión (eléctricas),81000000,81010000,81011200
Brick,10003351,Máquinas desenrolladoras/desmenuzadoras/astilladoras (eléctricas),81000000,81010000,81011200
Brick,10003367,Máquinas rompedoras de troncos (eléctricas),81000000,81010000,81011200
Brick,10003385,Mazos,81000000,81010000,81011200
Brick,10007606,Mesa para macetas,81000000,81010000,81011200
Brick,10003408,Otras herramientas eléctricas para jardín,81000000,81010000,81011200
Brick,10003865,Otras herramientas manuales para jardín/césped,81000000,81010000,81011200
Brick,10003872,Otros equipos para jardín/césped,81000000,81010000,81011200
Brick,10003390,Palas,81000000,81010000,81011200
Brick,10003392,Paletas para cesped/jardín,81000000,81010000,81011200
Brick,10003873,Paquetes variados de equipos para jardín/césped,81000000,81010000,81011200
Brick,10003407,Paquetes variados de herramientas eléctricas para jardín,81000000,81010000,81011200
Brick,10003866,Paquetes variados de herramientas manuales para jardín/césped,81000000,81010000,81011200
Brick,10003863,Picos,81000000,81010000,81011200
Brick,10007939,Piezas de repuesto/accesorios para equipos de lavado a presión,81000000,81010000,81011200
Brick,10003398,Plantadoras de bulbos,81000000,81010000,81011200
Brick,10003843,Podadoras (eléctricas),81000000,81010000,81011200
Brick,10003401,Quemadores de maleza (eléctricos),81000000,81010000,81011200
Brick,10003341,Quitanieves (eléctricos),81000000,81010000,81011200
Brick,10003399,Rastrillos,81000000,81010000,81011200
Brick,10003841,Rodillos para césped (eléctricos),81000000,81010000,81011200
Brick,10003394,Rodillos para césped (no eléctricos),81000000,81010000,81011200
Brick,10003373,Rotoazadas/máquinas de labrar/cultivadores (eléctricos),81000000,81010000,81011200
Brick,10003359,Sierras de cadena (eléctricas),81000000,81010000,81011200
Brick,10003338,Sopladores/aspiradores para jardín,81000000,81010000,81011200
Brick,10003868,Soportes/bases de bolsas para césped,81000000,81010000,81011200
Brick,10003396,Tamizadores (jardín/césped),81000000,81010000,81011200
Brick,10008491,Tijeras de jardín (motorizadas),81000000,81010000,81011200
Brick,10003381,Tijeras de podar/podadoras (no eléctricas),81000000,81010000,81011200
Brick,10004102,Tractores para jardín,81000000,81010000,81011200
Brick,10003889,Accesorios/recambios de equipos diagnósticos para pruebas de calidad de la tierra/césped,81000000,81010000,81011400
Brick,10003237,Equipo para pruebas de calidad de la tierra/agua (eléctrico),81000000,81010000,81011400
Brick,10003238,Equipo para pruebas de calidad de la tierra/agua (no eléctrico),81000000,81010000,81011400
Brick,10003887,Otros equipos diagnósticos para pruebas de calidad de la tierra/césped,81000000,81010000,81011400
Brick,10003451,Accesorios/recambios de equipos de observación/monitorización meteorológica para jardín/césped,81000000,81010000,81011100
Brick,10005318,Anemómetros – Eléctricos,81000000,81010000,81011100
Brick,10003430,Anemómetros (no eléctricos),81000000,81010000,81011100
Brick,10003434,Atmómetros/evaporímetros (eléctricos),81000000,81010000,81011100
Brick,10003443,Barógrafos (no eléctricos),81000000,81010000,81011100
Brick,10003441,Barómetros (no eléctricos),81000000,81010000,81011100
Brick,10003444,Equipo combinado de medición/monitorización meteorológica (no eléctrico),81000000,81010000,81011100
Brick,10005316,Equipo combinado de medición/supervisión del tiempo – Eléctrico,81000000,81010000,81011100
Brick,10003435,Equipo de medición de la duración de insolación (eléctrico),81000000,81010000,81011100
Brick,10003436,Fotómetros (eléctricos),81000000,81010000,81011100
Brick,10005323,Higrómetros – Eléctricos,81000000,81010000,81011100
Brick,10003437,Higrómetros (no eléctricos),81000000,81010000,81011100
Brick,10003446,Mangas indicadoras del viento/veletas,81000000,81010000,81011100
Brick,10005320,Niveles de lluvia – Eléctricos,81000000,81010000,81011100
Brick,10003452,Otros equipos de observación/monitorización meteorológica para jardín/césped,81000000,81010000,81011100
Brick,10003453,Paquetes variados de equipos de observación/monitorización meteorológica para jardín/césped,81000000,81010000,81011100
Brick,10003447,Pluviómetros (no eléctricos),81000000,81010000,81011100
Brick,10003432,Psicrómetros (eléctricos),81000000,81010000,81011100
Brick,10003433,Solarímetros/radiómetros solares (eléctricos),81000000,81010000,81011100
Brick,10005319,Termómetros – Jardín – Eléctricos,81000000,81010000,81011100
Brick,10003440,Termómetros – jardín (no eléctricos),81000000,81010000,81011100
Brick,10003419,Accesorios/recambios de estructuras de exterior para jardín/césped,81000000,81010000,81011000
Brick,10003414,Arcos,81000000,81010000,81011000
Brick,10003421,Camas caliente/Marco Frío/Bandejas de germinación/Campanas para plantas,81000000,81010000,81011000
Brick,10003890,Estructuras para invernaderos/casas de cultivo,81000000,81010000,81011000
Brick,10003412,Gazebos/Pérgola/Arbours,81000000,81010000,81011000
Brick,10006847,Hábitat de vida salvaje,81000000,81010000,81011000
Brick,10003409,Invernaderos/casas de cultivo (completos),81000000,81010000,81011000
Brick,10003415,Jardines de invierno,81000000,81010000,81011000
Brick,10003418,Otras estructuras de exterior para jardín/césped,81000000,81010000,81011000
Brick,10003416,Pagodas (jardín/césped),81000000,81010000,81011000
Brick,10003891,Paquetes variados de estructuras de exterior para jardín/césped,81000000,81010000,81011000
Brick,10003417,Toldos,81000000,81010000,81011000
Brick,10003859,Túneles de fauna/flora,81000000,81010000,81011000
Brick,10003411,Vertientes,81000000,81010000,81011000
Brick,10003315,Adornos para estructuras con agua/jardines,81000000,81010000,81010100
Brick,10003220,Aireadores para estructuras con agua/tanques,81000000,81010000,81010100
Brick,10003223,Cubiertas protectoras para estructuras con agua/estanques/piscinas,81000000,81010000,81010100
Brick,10003219,Esterilizadores/decantadores de UV para estructuras con agua/tanques/piscinas,81000000,81010000,81010100
Brick,10003215,Estructuras de agua para el jardín,81000000,81010000,81010100
Brick,10003216,Filtros para estructuras con agua/tanques/piscinas (eléctricos),81000000,81010000,81010100
Brick,10003225,Otras estructuras con agua/tanques para jardín/césped/piscinas,81000000,81010000,81010100
Brick,10003224,Paquetes variados de estructuras con agua/tanques para jardín/césped/piscinas,81000000,81010000,81010100
Brick,10005253,Piscina/Estanque/Fuente de agua Suministros - Accesorios,81000000,81010000,81010100
Brick,10003218,Pulverizadores para estructuras con agua/tanques,81000000,81010000,81010100
Brick,10008366,Sustratos para estanques/fuentes de agua/lechos,81000000,81010000,81010100
Brick,10003221,Tratamientos/productos químicos para estructuras con agua/tanques/piscinas,81000000,81010000,81010100
Brick,10003213,Tubos conductores/carcasas para estructuras con agua/tanques/piscinas,81000000,81010000,81010100
Brick,10003222,Tubos de drenajes para estructuras con agua/tanques/piscinas,81000000,81010000,81010100
Brick,10003279,Abrazaderas/soportes para vallas,81000000,81010000,81010500
Brick,10005678,Accesorios para cercado de césped/jardín,81000000,81010000,81010500
Brick,10003284,Enrejado,81000000,81010000,81010500
Brick,10003280,Límites para jardín,81000000,81010000,81010500
Brick,10003281,Mallas/redes para vallas,81000000,81010000,81010500
Brick,10003289,Otras vallas para jardín/césped,81000000,81010000,81010500
Brick,10003277,Pantallas/señales/cercas,81000000,81010000,81010500
Brick,10003288,Paquetes variados de vallas para jardín/césped,81000000,81010000,81010500
Brick,10003278,Railes/postes para vallas,81000000,81010000,81010500
Brick,10007012,Tejado,81000000,81010000,81010500
Brick,10003285,Vallas con alambres normales/de espino,81000000,81010000,81010500
Brick,10003283,Vallas eléctricas/vallas con radiofrecuencia,81000000,81010000,81010500
Brick,10003287,Verjas (eléctricas),81000000,81010000,81010500
Brick,10003286,Verjas (no eléctricas),81000000,81010000,81010500
Brick,10001265,Abridores de cartas (eléctricos),62000000,62060000,62060500
Brick,10001264,Abridores de cartas (no eléctricos),62000000,62060000,62060500
Brick,10001269,Accesorios de embalaje/postales,62000000,62060000,62060500
Brick,10001263,Artículos para sellar/insertar/doblar cartas,62000000,62060000,62060500
Brick,10001268,Báscula postal (eléctrica),62000000,62060000,62060500
Brick,10001267,Báscula postal (no eléctrica),62000000,62060000,62060500
Brick,10001266,Cajas/tubos postales,62000000,62060000,62060500
Brick,10001273,Envoltorio/embalaje postal,62000000,62060000,62060500
Brick,10001241,Equipo de sellos (no eléctrico),62000000,62060000,62060500
Brick,10006849,Estampillas,62000000,62060000,62060500
Brick,10001262,Máquinas de franqueo,62000000,62060000,62060500
Brick,10001245,Máquinas para etiquetado postal,62000000,62060000,62060500
Brick,10001270,Otros accesorios/artículos de ayuda/equipos de embalaje/postales,62000000,62060000,62060500
Brick,10001272,Paquetes variados de accesorios/artículos de ayuda/equipos de embalaje/postales,62000000,62060000,62060500
Brick,10001261,Sobres/paquetes,62000000,62060000,62060500
Brick,10001258,Artículos de papelería para la planificación y organización – Accesorios/recambios,62000000,62060000,62060400
Brick,10001256,Bloc/libretas de agendas,62000000,62060000,62060400
Brick,10001255,Calendarios/agendas,62000000,62060000,62060400
Brick,10001260,Diarios/organizadores personales (no eléctricos),62000000,62060000,62060400
Brick,10005118,Notas adhesivas/papeleras,62000000,62060000,62060400
Brick,10001257,Otros artículos de papelería para la planificación y organización,62000000,62060000,62060400
Brick,10001259,Paquetes variados de artículos de papelería para la planificación y organización,62000000,62060000,62060400
Brick,10001226,Artículos correctores,62000000,62060000,62060100
Brick,10001235,Bolígrafos (papelería),62000000,62060000,62060100
Brick,10001231,Equipos geométricos/de medición (papelería),62000000,62060000,62060100
Brick,10001229,Instrumentos para escribir – Recambios,62000000,62060000,62060100
Brick,10001234,Lápices (papelería),62000000,62060000,62060100
Brick,10007629,Marcatextos,62000000,62060000,62060100
Brick,10001228,Otros artículos/instrumentos para dibujar/escribir,62000000,62060000,62060100
Brick,10001230,Paquetes variados de artículos/instrumentos para dibujar/escribir,62000000,62060000,62060100
Brick,10001236,Plantillas de letras (papelería),62000000,62060000,62060100
Brick,10005206,Protectores de escritorio,62000000,62060000,62060100
Brick,10001233,Sacapuntas (eléctrico),62000000,62060000,62060100
Brick,10001232,Sacapuntas (no eléctrico),62000000,62060000,62060100
Brick,10001225,Tinta,62000000,62060000,62060100
Brick,10001286,Accesorios para encuadernaciones,62000000,62060000,62060700
Brick,10005126,Cinta adhesiva - papelería,62000000,62060000,62060700
Brick,10001300,Grapadoras (eléctricas),62000000,62060000,62060700
Brick,10001288,Máquinas para encuadernar (eléctricas),62000000,62060000,62060700
Brick,10001287,Maquinas para encuadernar (no eléctricas),62000000,62060000,62060700
Brick,10001295,Otros sistemas de sujeción/carpetas/adhesivos de escritorio,62000000,62060000,62060700
Brick,10001297,Paquetes variados de sistemas de sujeción/carpetas/adhesivos de escritorio,62000000,62060000,62060700
Brick,10001292,Pegamentos de escritorio,62000000,62060000,62060700
Brick,10001298,Quitagrapas de escritorio,62000000,62060000,62060700
Brick,10001299,Quitagrapas de escritorio (no eléctricos),62000000,62060000,62060700
Brick,10005444,Quitapegamento/pasta adhesiva,62000000,62060000,62060700
Brick,10001289,Sistemas de sujeción de escritorio,62000000,62060000,62060700
Brick,10001309,Desmenuzadoras de papel (no eléctricas),62000000,62060000,62060800
Brick,10001302,Guillotinas/recortadoras de escritorio,62000000,62060000,62060800
Brick,10001306,Otras cortadoras/recortadoras de escritorio,62000000,62060000,62060800
Brick,10001308,Paquetes variados de recortadoras/cortadoras de escritorio,62000000,62060000,62060800
Brick,10001312,Perforadoras de papel (eléctricas),62000000,62060000,62060800
Brick,10001311,Perforadoras de papel (no eléctricas),62000000,62060000,62060800
Brick,10005119,Trituradoras de papel (eléctricas),62000000,62060000,62060800
Brick,10001281,Accesorios para equipos de presentación,62000000,62060000,62060600
Brick,10005766,Mesas para proyectores,62000000,62060000,62060600
Brick,10001280,Otros equipos de presentación,62000000,62060000,62060600
Brick,10001283,Paquetes variados de equipos de presentación,62000000,62060000,62060600
Brick,10001277,Punteros (eléctricos),62000000,62060000,62060600
Brick,10001276,Punteros (no eléctricos),62000000,62060000,62060600
Brick,10005445,Retroproyectores,62000000,62060000,62060600
Brick,10001275,Soportes para mapas móviles,62000000,62060000,62060600
Brick,10006406,Tableros de presentación (eléctricos),62000000,62060000,62060600
Brick,10001278,Tableros de presentación (no eléctricos),62000000,62060000,62060600
Brick,10001243,Caja registradora (eléctrica),62000000,62060000,62060300
Brick,10001242,Calculadoras/conversores de divisas (eléctricos),62000000,62060000,62060300
Brick,10005676,Consumibles de máquinas de escribir,62000000,62060000,62060300
Brick,10001246,Consumibles de máquinas para plastificar,62000000,62060000,62060300
Brick,10001251,Consumibles para fotocopiadoras,62000000,62060000,62060300
Brick,10005229,Dispositivos multifuncionales,62000000,62060000,62060300
Brick,10001252,Fotocopiadoras,62000000,62060000,62060300
Brick,10001254,Máquinas de escribir (eléctricas),62000000,62060000,62060300
Brick,10001253,Máquinas de escribir (no eléctricas),62000000,62060000,62060300
Brick,10001247,Máquinas para plastificar (eléctricas),62000000,62060000,62060300
Brick,10001248,Otras maquinarias de oficina,62000000,62060000,62060300
Brick,10001250,Paquetes variados de maquinaria de oficina,62000000,62060000,62060300
Brick,10006898,Papelería/maquinaria de oficina - otros,62000000,62060000,62061200
Brick,10001325,Paquetes variados de maquinaria de oficina/papelería,62000000,62060000,62061000
Brick,10001313,Etiquetas/vales/tiques,62000000,62060000,62061100
Brick,10005893,Libros de ejercicios,62000000,62060000,62061100
Brick,10005120,Otros artículos de películas/tarjetas/papel de escritorio,62000000,62060000,62061100
Brick,10001305,Papel/formularios de empresas – Impresos previamente,62000000,62060000,62061100
Brick,10001304,Papel/tarjeta – En blanco,62000000,62060000,62061100
Brick,10005121,Paquetes variados de películas/tarjetas/papel de escritorio,62000000,62060000,62061100
Brick,10001314,Transparencias/acetatos,62000000,62060000,62061100
Brick,10001320,Accesorios de escritorio/almacenamiento de elementos de papelería,62000000,62060000,62060900
Brick,10001318,Carpetas/archivadores/ficheros de escritorio,62000000,62060000,62060900
Brick,10005125,Cubiertas para libros,62000000,62060000,62060900
Brick,10006897,Estuches para lápices/bolígrafos,62000000,62060000,62060900
Brick,10001316,Huchas/cajas para dinero,62000000,62060000,62060900
Brick,10001321,Otros productos de archivo/almacenamiento de escritorio,62000000,62060000,62060900
Brick,10001323,Paquetes variados de productos de archivo/almacenamiento de escritorio,62000000,62060000,62060900
Brick,10001322,Productos de archivo/almacenamiento de escritorio – Accesorios/recambios,62000000,62060000,62060900
Brick,10003771,Paquetes variados de artículos para celebraciones/maquinaria de oficina/artículos de papelería,62000000,62070000,62070100
Brick,10001203,Accesorios para papel de regalo,62000000,62050000,62050100
Brick,10001202,Otros accesorios/papel de regalo,62000000,62050000,62050100
Brick,10001201,Papel de regalo,62000000,62050000,62050100
Brick,10001204,Paquetes variados de accesorios/papel de regalo,62000000,62050000,62050100
Brick,10001215,Confetis,62000000,62050000,62050400
Brick,10001216,Fuegos artificiales,62000000,62050000,62050400
Brick,10001220,Galletas saladas para fiestas,62000000,62050000,62050400
Brick,10001214,Globos,62000000,62050000,62050400
Brick,10001222,Máquina de palomitas para fiestas,62000000,62050000,62050400
Brick,10005436,Matasuegras/bocinas,62000000,62050000,62050400
Brick,10001217,Otros artículos para celebraciones,62000000,62050000,62050400
Brick,10001218,Paquetes variados de artículos para celebraciones,62000000,62050000,62050400
Brick,10001223,Piñatas,62000000,62050000,62050400
Brick,10001224,Serpentinas/tiras de figuras de papel,62000000,62050000,62050400
Brick,10001221,Sombreros para fiestas,62000000,62050000,62050400
Brick,10001205,Paquetes variados de artículos para celebraciones/papel de regalo/tarjetas de felicitación,62000000,62050000,62050200
Brick,10001207,Otras tarjetas de felicitación/invitaciones,62000000,62050000,62050300
Brick,10001208,Paquetes variados de tarjetas de felicitación/invitaciones,62000000,62050000,62050300
Brick,10008022,Portatarjetas de regalo / Funda,62000000,62050000,62050300
Brick,10001206,Soportes para mostrar tarjetas de felicitación,62000000,62050000,62050300
Brick,10001209,Tarjetas de felicitación/invitaciones,62000000,62050000,62050300
Brick,10001213,Tarjetas postales,62000000,62050000,62050300
Brick,10001212,Tarjetas/blocs de invitaciones,62000000,62050000,62050300
Brick,10002128,Accesorios/adornos para bebidas (no aptos para el consumo),73000000,73040000,73040900
Brick,10002149,Adornos para tartas y pastas/accesorios (no comestibles),73000000,73040000,73040900
Brick,10005430,Moldes alimentarios,73000000,73040000,73040900
Brick,10005209,Almacenamiento para la cocina – Recambios/Accesorios,73000000,73040000,73040100
Brick,10000692,Bolsas desechables para alimentos,73000000,73040000,73040100
Brick,10000541,Cordón/Lazos,73000000,73040000,73040100
Brick,10000693,Envoltorios desechables para alimentos,73000000,73040000,73040100
Brick,10002121,Estantes/Bases/Soportes/Dispensadores de cocina para almacenamiento,73000000,73040000,73040100
Brick,10002124,Otros para almacenamiento de cocina,73000000,73040000,73040100
Brick,10002122,Recipientes para almacenar alimentos/bebidas,73000000,73040000,73040100
Brick,10002123,Surtidos para almacenamiento de cocina,73000000,73040000,73040100
Brick,10005470,Aisladores de botellas/latas,73000000,73040000,73040200
Brick,10008282,Botellas para beber,73000000,73040000,73040200
Brick,10005435,Desnatadora para cappuccinos (No eléctrica),73000000,73040000,73040200
Brick,10002130,Dosificadores/tapones para botes,73000000,73040000,73040200
Brick,10005208,Equipos para análisis caseros de agua,73000000,73040000,73040200
Brick,10002127,Filtros de agua/Cartuchos de filtro de agua,73000000,73040000,73040200
Brick,10002133,Molinillos/exprimidores/picadoras de hielo (no eléctricos),73000000,73040000,73040200
Brick,10002135,Otros equipos de agua/bebida,73000000,73040000,73040200
Brick,10002134,Surtidos de equipos de agua/bebida,73000000,73040000,73040200
Brick,10002129,Tetera (no eléctrica),73000000,73040000,73040200
Brick,10006332,Paquetes con variedades de recipientes para alimentos desechables,73000000,73040000,73041000
Brick,10006331,Recipientes para alimentos desechables,73000000,73040000,73041000
Brick,10006333,"Recipientes para alimentos desechables, otros",73000000,73040000,73041000
Brick,10002183,Surtidos de artículos de cocina,73000000,73040000,73040800
Brick,10005675,Accesorios/Recambios de utensilios de cocina/para hornear,73000000,73040000,73040400
Brick,10002144,Fuentes para hornos/sartenes,73000000,73040000,73040400
Brick,10002152,Otros utensilios de cocina/para hornear,73000000,73040000,73040400
Brick,10007241,Paquetes surtidos de ollas/sartenes/woks/cocottes,73000000,73040000,73040400
Brick,10007239,Set de fondue (no eléctrico),73000000,73040000,73040400
Brick,10007240,Set de fondue (no eléctrico) - accesorios/repuestos,73000000,73040000,73040400
Brick,10002151,Surtidos de utensilios de cocina/para hornear,73000000,73040000,73040400
Brick,10000554,Utensilios de cocina (desechables),73000000,73040000,73040400
Brick,10002150,Utensilios para grill/hornos/hornillas (no desechables),73000000,73040000,73040400
Brick,10002175,Abridores de cocina,73000000,73040000,73040600
Brick,10005201,Afiladores de cuchillos de cocina (no eléctricos),73000000,73040000,73040600
Brick,10005694,Agitadores de harina/azúcar,73000000,73040000,73040600
Brick,10000493,Artículos de ayuda para la alimentación del bebé (no eléctricos),73000000,73040000,73040600
Brick,10005426,Brochas para la preparación de alimentos/bombas de aceite/jeringa para cocina,73000000,73040000,73040600
Brick,10002174,Brochetas/pinchos,73000000,73040000,73040600
Brick,10002146,Cedazos/escurridores/coladores,73000000,73040000,73040600
Brick,10002172,Cuchillas/ralladores/rebanadoras de cocina,73000000,73040000,73040600
Brick,10002168,Cuchillos/cuchillas de cocina,73000000,73040000,73040600
Brick,10005429,Embudo alimentario,73000000,73040000,73040600
Brick,10002170,Espatulas/cucharas/cucharones,73000000,73040000,73040600
Brick,10000559,Filtros de papel,73000000,73040000,73040600
Brick,10002176,Herramientas de cocina multifuncionales,73000000,73040000,73040600
Brick,10002178,Otros utensilios para la preparación de los alimentos,73000000,73040000,73040600
Brick,10002169,Pelapatatas/utensilios para sacar el centro,73000000,73040000,73040600
Brick,10002148,Picadoras/tajadera/pasapurés/utensilios para hacer pasta (no eléctricos),73000000,73040000,73040600
Brick,10005434,Pistolas de galletas/mangas de decoración de alimentos (No eléctricos),73000000,73040000,73040600
Brick,10005701,Recipientes para preparación de comida,73000000,73040000,73040600
Brick,10002173,Rodillos de madera,73000000,73040000,73040600
Brick,10002177,Surtidos de utensilios para la preparación de los alimentos,73000000,73040000,73040600
Brick,10002147,Tablas para cortar,73000000,73040000,73040600
Brick,10002171,Tenazas/pinzas/mazos/pasapurés/batidoras,73000000,73040000,73040600
Brick,10002143,Básculas de cocina (no eléctricas),73000000,73040000,73040300
Brick,10002139,Equipos para medir el volumen de alimentos,73000000,73040000,73040300
Brick,10002142,Otros utensilios para medir los alimentos,73000000,73040000,73040300
Brick,10002141,Surtidos de utensilios para medir los alimentos,73000000,73040000,73040300
Brick,10002136,Temporizadores de cocina (no eléctricos),73000000,73040000,73040300
Brick,10002140,Termómetros para alimentos,73000000,73040000,73040300
Brick,10007266,Accesorios de vajilla Otros,73000000,73050000,73050900
Brick,10002165,Expositores/estantes para alimentos,73000000,73050000,73050900
Brick,10002163,Molinos para pimienta/sal/especias (no eléctricos),73000000,73050000,73050900
Brick,10007267,Paquete variado de accesorios de Vajilla,73000000,73050000,73050900
Brick,10005693,Saleros/Pimenteros,73000000,73050000,73050900
Brick,10005210,Servilletero,73000000,73050000,73050900
Brick,10007252,Accesorios de vino,73000000,73050000,73050500
Brick,10007253,Accesorios para cócteles (no desechables),73000000,73050000,73050500
Brick,10002162,Cubitera para hielo/vino,73000000,73050000,73050500
Brick,10007254,Otros accesorios para bar y vino,73000000,73050000,73050500
Brick,10007255,Paquete de variedades de bar y vino,73000000,73050000,73050500
Brick,10007272,Cubiertos de mesa (no desechables),73000000,73050000,73051000
Brick,10007268,Cubiertos de té / café (no desechables),73000000,73050000,73051000
Brick,10007274,Cubiertos para pescado / mariscos / caracol (no desechables),73000000,73050000,73051000
Brick,10007273,Cubiertos para servir (no desechables),73000000,73050000,73051000
Brick,10007271,Cuchillos plegables de viaje,73000000,73050000,73051000
Brick,10007269,Otros cubiertos (no desechables),73000000,73050000,73051000
Brick,10007270,Paquetes de variedad de cubiertos (no desechables),73000000,73050000,73051000
Brick,10007275,Platos de inicio / postre / queso (no desechables),73000000,73050000,73051000
Brick,10007265,Paquete variados de Vajilla,73000000,73050000,73050800
Brick,10007259,Bandejas de servicio hondos,73000000,73050000,73050600
Brick,10002159,Bandejas para servir,73000000,73050000,73050600
Brick,10007256,Buffet,73000000,73050000,73050600
Brick,10002161,Calentadores de bebidas/alimentos (no eléctricos),73000000,73050000,73050600
Brick,10002160,Carritos camareras para alimentos (no eléctricos),73000000,73050000,73050600
Brick,10007257,Paquete variado de servicio de vajilla,73000000,73050000,73050600
Brick,10007258,Platos de servicio planos,73000000,73050000,73050600
Brick,10007260,Servicio de vajilla Otro,73000000,73050000,73050600
Brick,10007263,Accesorios de vajilla (desechables),73000000,73050000,73050700
Brick,10007262,Cubiertos (Desechables),73000000,73050000,73050700
Brick,10007264,Mantel / Servilletas (Desechables),73000000,73050000,73050700
Brick,10008492,Tapas (Desechables),73000000,73050000,73050700
Brick,10000635,Vajilla desechable,73000000,73050000,73050700
Brick,10007261,Vasos (desechables),73000000,73050000,73050700
Brick,10002154,Cuencos (no desechables),73000000,73050000,73050200
Brick,10005427,Hueveras,73000000,73050000,73050200
Brick,10007242,Paquete de variedad de vajillas,73000000,73050000,73050200
Brick,10002153,Platos (no desechables),73000000,73050000,73050200
Brick,10000492,Accesorios para la alimentación del bebé,73000000,73050000,73050100
Brick,10000491,Alimentación del bebé – Botellas,73000000,73050000,73050100
Brick,10000823,Alimentación del bebé – Recambios,73000000,73050000,73050100
Brick,10000724,Alimentación del bebé – Tetinas,73000000,73050000,73050100
Brick,10000490,Alimentación del bebé – Vajilla,73000000,73050000,73050100
Brick,10006801,Cuchillería para bebé (no desechable),73000000,73050000,73050100
Brick,10000825,Otros productos de alimentación del bebé,73000000,73050000,73050100
Brick,10006802,Paquetes con variedad de vajilla para bebé,73000000,73050000,73050100
Brick,10007250,Accesorios para té / café / chocolate,73000000,73050000,73050300
Brick,10007245,Copas de Bar / Coctel,73000000,73050000,73050300
Brick,10002158,Decantadores/jarras para servir,73000000,73050000,73050300
Brick,10007246,Juego de vasos,73000000,73050000,73050300
Brick,10007247,Otras Vajillas de Bebidas,73000000,73050000,73050300
Brick,10007251,Paquete de variado de té / café / chocolate,73000000,73050000,73050300
Brick,10002155,Tazas/jarras (no desechables),73000000,73050000,73050300
Brick,10002131,Teteras/cafeteras,73000000,73050000,73050300
Brick,10007244,Vasos,73000000,73050000,73050300
Brick,10007249,Vasos de Cerveza,73000000,73050000,73050300
Brick,10007243,Vasos tallados para vino / agua / champán,73000000,73050000,73050300
Brick,10000456,Administración de medicamentos,51000000,51100000,51101600
Brick,10000457,Administración de medicamentos – Accesorios,51000000,51100000,51101600
Brick,10000912,Administración de medicamentos – Recambios,51000000,51100000,51101600
Brick,10000922,Otros tipos de administración de medicamentos,51000000,51100000,51101600
Brick,10000681,Paquetes variados de administración de medicamentos,51000000,51100000,51101600
Brick,10000458,Ayudas para discapacitados,51000000,51100000,51101500
Brick,10000915,Otros tipos de asistencia personal,51000000,51100000,51101500
Brick,10000686,Paquetes variados de asistencia personal,51000000,51100000,51101500
Brick,10000570,Repelentes personales,51000000,51100000,51101500
Brick,10000899,Bombas de alimentación enteral/juego de alimentación,51000000,51100000,51103200
Brick,10000900,Contenedores/bolsas de nutrición para alimentación enteral,51000000,51100000,51103200
Brick,10000898,Equipos gastronómicos de alimentación enteral,51000000,51100000,51103200
Brick,10000902,Otros equipos de alimentación enteral,51000000,51100000,51103200
Brick,10000921,Paquetes variados de equipos de alimentación enteral,51000000,51100000,51103200
Brick,10000901,Tubos para alimentación enteral,51000000,51100000,51103200
Brick,10000683,Paquetes variados de ayudas/tratamientos para la salud,51000000,51100000,51102300
Brick,10000910,Alcohol quirúrgico/esterilizador,51000000,51100000,51101700
Brick,10000451,Bolsa frío/calor,51000000,51100000,51101700
Brick,10000908,Otros tipos de primeros auxilios,51000000,51100000,51101700
Brick,10000684,Paquetes variados de primeros auxilios,51000000,51100000,51101700
Brick,10000449,Primeros auxilios – Accesorios,51000000,51100000,51101700
Brick,10000450,Primeros auxilios – Cabestrillos/soportes,51000000,51100000,51101700
Brick,10000448,Primeros auxilios – Gasas/vendas/escayolas,51000000,51100000,51101700
Brick,10000909,Productos de tratamiento/eliminación de venenos,51000000,51100000,51101700
Brick,10000855,Alivio de dolor muscular/reumático/artrítico,51000000,51100000,51102500
Brick,10000857,Alivio de migrañas/dolor de cabeza,51000000,51100000,51102500
Brick,10000853,Alivio del dolor (eléctrico),51000000,51100000,51102500
Brick,10000856,Alivio del dolor multiusos/general,51000000,51100000,51102500
Brick,10000854,Otros productos para el alivio del dolor,51000000,51100000,51102500
Brick,10000858,Paquetes variados de productos para el alivio del dolor,51000000,51100000,51102500
Brick,10000897,Otros productos contra el mareo,51000000,51100000,51103100
Brick,10000896,Paquetes variados de productos contra el mareo,51000000,51100000,51103100
Brick,10000894,Productos contra el mareo – Medicinales,51000000,51100000,51103100
Brick,10000895,Productos contra el mareo – No medicinales,51000000,51100000,51103100
Brick,10000866,Laxantes,51000000,51100000,51102700
Brick,10000865,Otros productos de remedios gastrointestinales,51000000,51100000,51102700
Brick,10000871,Paquetes variados de productos de remedios gastrointestinales,51000000,51100000,51102700
Brick,10000867,Preparado vermífugo,51000000,51100000,51102700
Brick,10000869,Rehidratación oral/mantenimiento de electrolitos,51000000,51100000,51102700
Brick,10000863,Remedios contra la flatulencia/indigestión/antiácidos,51000000,51100000,51102700
Brick,10000870,Remedios gastrointestinales multiusos/generales,51000000,51100000,51102700
Brick,10000864,Remedios para la diarrea,51000000,51100000,51102700
Brick,10000868,Remedios para las náuseas,51000000,51100000,51102700
Brick,10000889,Alivo de picaduras de insectos,51000000,51100000,51103000
Brick,10000885,Dispensadores de mano/Antisépticos,51000000,51100000,51103000
Brick,10000893,Equipo para la infestación por parásitos (eléctrico),51000000,51100000,51103000
Brick,10000892,Equipo para la infestación por parásitos (no eléctrico),51000000,51100000,51103000
Brick,10000906,Otros productos de tratamientos para la caída del cabello/piel,51000000,51100000,51103000
Brick,10000905,Paquetes variados de productos de tratamientos para la caída del cabello/piel,51000000,51100000,51103000
Brick,10000890,Productos antimicóticos,51000000,51100000,51103000
Brick,10000903,Tratamientos contra el acné/la rosácea,51000000,51100000,51103000
Brick,10000888,Tratamientos contra la caída del cabello,51000000,51100000,51103000
Brick,10000886,Tratamientos contra la infestación por parásitos,51000000,51100000,51103000
Brick,10000891,Tratamientos multiusos/generales para el cuero cabelludo/piel,51000000,51100000,51103000
Brick,10000904,Tratamientos para callos/durezas/verrugas/granos,51000000,51100000,51103000
Brick,10000887,Tratamientos para cuero cabelludo/piel seca/eczemas/soriasis,51000000,51100000,51103000
Brick,10000851,Enemas/ducha vaginal,51000000,51100000,51102400
Brick,10000846,Irritación genital,51000000,51100000,51102400
Brick,10000923,Lubricante médico,51000000,51100000,51102400
Brick,10000848,Medicación rectal,51000000,51100000,51102400
Brick,10000849,Otros productos de uso rectal/genital/para la vejiga,51000000,51100000,51102400
Brick,10000852,Paquetes variados de productos de uso rectal/genital/para la vejiga,51000000,51100000,51102400
Brick,10000847,Productos para la cistitis,51000000,51100000,51102400
Brick,10000850,Remedios diuréticos,51000000,51100000,51102400
Brick,10000873,Alivio del estrés/calmantes,51000000,51100000,51102800
Brick,10000872,Ayudas para dormir,51000000,51100000,51102800
Brick,10000919,Otros productos para aliviar el estrés/para dormir,51000000,51100000,51102800
Brick,10000874,Paquetes variados de productos para aliviar el estrés/para dormir,51000000,51100000,51102800
Brick,10000881,Antihistamínicos/alivio/prevención de alergias,51000000,51100000,51102900
Brick,10000875,Friegas pectorales,51000000,51100000,51102900
Brick,10000916,Humidificadores/vaporizadores (eléctricos),51000000,51100000,51102900
Brick,10000883,Humidificadores/vaporizadores (no eléctricos),51000000,51100000,51102900
Brick,10000878,Inhaladores/nebulizadores/aparatos respiratorios (eléctricos),51000000,51100000,51102900
Brick,10000877,Inhaladores/nebulizadores/aparatos respiratorios (no eléctricos),51000000,51100000,51102900
Brick,10000882,Otros descongestivos,51000000,51100000,51102900
Brick,10000920,Otros productos alérgicos/respiratorios,51000000,51100000,51102900
Brick,10000884,Paquetes variados de productos alérgicos/respiratorios,51000000,51100000,51102900
Brick,10000880,Remedios para la garganta,51000000,51100000,51102900
Brick,10000876,Remedios para la tos/resfriado,51000000,51100000,51102900
Brick,10000879,Sprays/tiras nasales,51000000,51100000,51102900
Brick,10000860,Homeopático/remedios homeopáticos – Combinación de ingredientes,51000000,51100000,51102600
Brick,10000859,Homeopático/remedios homeopáticos – Ingredientes individuales,51000000,51100000,51102600
Brick,10000914,Otros remedios homeopáticos/homeopático/flores,51000000,51100000,51102600
Brick,10000862,Paquetes variados de remedios homeopáticos/homeopático/flores,51000000,51100000,51102600
Brick,10000861,Remedios con flores,51000000,51100000,51102600
Brick,10000682,Ayudas contra el tabaquismo,51000000,51100000,51101900
Brick,10000690,Paquetes variados de tratamientos de hábito,51000000,51100000,51101900
Brick,10000459,Tratamiento de hábito,51000000,51100000,51101900
Brick,10006960,Tratamientos de salud / hojas de asistencia,51000000,51100000,51103400
Brick,10002423,Tratamientos por boca/orales,51000000,51100000,51103300
Brick,10008240,Abrazadera de ombligo,51000000,51100000,51102200
Brick,10000504,Chupones/anillos dentales,51000000,51100000,51102200
Brick,10008241,Compresa mamaria,51000000,51100000,51102200
Brick,10008242,Extractor de leche,51000000,51100000,51102200
Brick,10000500,Tratamientos para bebés,51000000,51100000,51102200
Brick,10000489,Artículos para la higiene/cuidado de los pies,51000000,51100000,51101800
Brick,10000488,Calzado ortopédico/corrector,51000000,51100000,51101800
Brick,10000474,Medias terapeúticas,51000000,51100000,51101800
Brick,10000907,Otros tratamientos/cuidados de las piernas/pies,51000000,51100000,51101800
Brick,10000685,Paquetes variados de tratamientos/cuidado de las piernas/pie,51000000,51100000,51101800
Brick,10000689,Accesorios para el cuidado de gafas,51000000,51100000,51102100
Brick,10000528,Artículos ópticos – Gafas – Listas para utilizar,51000000,51100000,51102100
Brick,10000637,Artículos ópticos – Gafas de sol – Listas para utilizar,51000000,51100000,51102100
Brick,10000529,Artículos ópticos – Lentes de contacto,51000000,51100000,51102100
Brick,10000638,Artículos ópticos – Lentes para gafas,51000000,51100000,51102100
Brick,10000639,Artículos ópticos – Montura de gafas,51000000,51100000,51102100
Brick,10000487,Ayudas de audición,51000000,51100000,51102100
Brick,10000688,Cuidado de artículos ópticos – Gafas,51000000,51100000,51102100
Brick,10000527,Cuidado de artículos ópticos – Lentes de contacto,51000000,51100000,51102100
Brick,10000911,Otros tratamientos/cuidado de órganos sensoriales,51000000,51100000,51102100
Brick,10000687,Paquetes variados de tratamientos/cuidado de órganos sensoriales,51000000,51100000,51102100
Brick,10000525,Solución auditiva,51000000,51100000,51102100
Brick,10000526,Solución ocular,51000000,51100000,51102100
Brick,10000455,Monitores de diagnósticos de uso doméstico,51000000,51130000,51131500
Brick,10000843,Otros controles de diagnósticos,51000000,51130000,51131500
Brick,10000647,Paquetes variados de diagnósticos de uso doméstico,51000000,51130000,51131700
Brick,10000844,Otras pruebas de diagnósticos,51000000,51130000,51131600
Brick,10000648,Paquetes variados de pruebas de diagnósticos,51000000,51130000,51131600
Brick,10000454,Productos para diagnósticos de uso doméstico – Accesorios,51000000,51130000,51131600
Brick,10000453,Pruebas de diagnósticos de uso doméstico,51000000,51130000,51131600
Brick,10000452,Termómetros,51000000,51130000,51131600
Brick,10008118,Componente de soporte de un dispositivo médico,51000000,51150000,51150100
Brick,10005844,Dispositivos médicos,51000000,51150000,51150100
Brick,10008142,Composición Farmacéutica - Accesorios,51000000,51160000,51160100
Brick,10008141,Composición Farmacéutica - Bases,51000000,51160000,51160100
Brick,10008140,Composición Farmacéutica - Productos Químicos,51000000,51160000,51160100
Brick,10005845,Medicamentos farmacéuticos,51000000,51160000,51160100
Brick,10000651,Paquetes variados de complementos nutricionales/minerales/vitaminas,51000000,51120000,51121600
Brick,10000468,Suplementos nutricionales,51000000,51120000,51121600
Brick,10000467,Vitaminas/minerales,51000000,51120000,51121600
Brick,10000649,Paquetes variados para mejora de la salud,51000000,51120000,51121800
Brick,10000466,Ayuda dietética - Sustituto de comida/Sustituto de la dieta completa,51000000,51120000,51121500
Brick,10000465,Ayuda dietética – Control de grasas/apetito,51000000,51120000,51121500
Brick,10000841,Otras ayudas dietéticas,51000000,51120000,51121500
Brick,10000650,Paquetes variados de ayudas dietéticas,51000000,51120000,51121500
Brick,10000918,Otros productos estimulantes/energéticos,51000000,51120000,51121900
Brick,10000917,Productos estimulantes/energéticos,51000000,51120000,51121900
Brick,10000673,Paquetes variados de cuidados de la salud,51000000,51140000,51140100
Brick,10000461,Diafragmas/capuchones cervicales,51000000,51110000,51111500
Brick,10000462,Espermicidas,51000000,51110000,51111500
Brick,10000838,Otras barreras anticonceptivas,51000000,51110000,51111500
Brick,10000674,Paquetes variados de barreras anticonceptivas,51000000,51110000,51111500
Brick,10000460,Preservativos,51000000,51110000,51111500
Brick,10000463,Anticonceptivos hormonales,51000000,51110000,51111600
Brick,10000464,Anticonceptivos intrauterinos,51000000,51110000,51111700
Brick,10000675,Paquetes variados de planificación familiar,51000000,51110000,51111800
Brick,10000514,Productos farmacéuticos veterinarios,51000000,51170000,51170100
Brick,10008111,Componente de soporte de un dispositivo médico veterinario,51000000,51170000,51170200
Brick,10006412,Dispositivos médicos veterinarios,51000000,51170000,51170200
Brick,10001483,Accesorios audiovisuales – Recambios,68000000,68010000,68010700
Brick,10005735,Amplificadores de distribución visual,68000000,68010000,68010700
Brick,10001467,Auriculares,68000000,68010000,68010700
Brick,10001478,Bolsas/cajas/estuches/carteras audiovisuales,68000000,68010000,68010700
Brick,10001472,Cajas del interruptor,68000000,68010000,68010700
Brick,10005726,Conversores analógicos/digitales,68000000,68010000,68010700
Brick,10001475,Convertidor de cintas,68000000,68010000,68010700
Brick,10005809,Efectos de luces activados por sonido,68000000,68010000,68010700
Brick,10001469,Enlaces inalámbricos de televisión,68000000,68010000,68010700
Brick,10001477,Escuadras/soportes para sistemas audiovisuales,68000000,68010000,68010700
Brick,10005747,Estaciones de conexión para MP3,68000000,68010000,68010700
Brick,10001470,Mandos a distancia universales,68000000,68010000,68010700
Brick,10005204,Megáfonos,68000000,68010000,68010700
Brick,10001476,Micrófonos,68000000,68010000,68010700
Brick,10001484,Otros accesorios audiovisuales,68000000,68010000,68010700
Brick,10001479,Paquetes de Internet y televisión,68000000,68010000,68010700
Brick,10001482,Paquetes variados de accesorios audiovisuales,68000000,68010000,68010700
Brick,10001480,Productos de limpieza para equipos audiovisuales,68000000,68010000,68010700
Brick,10001468,Repetidores de señal,68000000,68010000,68010700
Brick,10005746,Silenciadores/amortiguadores de vibraciones,68000000,68010000,68010700
Brick,10005744,Sistemas de etiquetación de sistemas audiovisuales,68000000,68010000,68010700
Brick,10005710,Altavoces portátiles,68000000,68010000,68010300
Brick,10001427,Artículos portátiles de vídeo/audio – Accesorios/recambios,68000000,68010000,68010300
Brick,10001425,Grabadoras,68000000,68010000,68010300
Brick,10001428,Otros artículos portátiles de vídeo/audio,68000000,68010000,68010300
Brick,10001426,Paquetes variados de artículos portátiles de vídeo/audio,68000000,68010000,68010300
Brick,10001424,Radiodespertadores,68000000,68010000,68010300
Brick,10001422,Radios portátiles,68000000,68010000,68010300
Brick,10001423,Radios portátiles con grabadoras,68000000,68010000,68010300
Brick,10001416,Reproductores portátiles de CD,68000000,68010000,68010300
Brick,10001419,Reproductores portátiles de cintas de audio,68000000,68010000,68010300
Brick,10001420,Reproductores portátiles de DVD,68000000,68010000,68010300
Brick,10001417,Reproductores portátiles de MD,68000000,68010000,68010300
Brick,10001418,Reproductores portátiles de MP3,68000000,68010000,68010300
Brick,10001421,Reproductores portátiles de vídeo digital,68000000,68010000,68010300
Brick,10005807,Sistemas de música portátiles PA (dirección pública),68000000,68010000,68010300
Brick,10005765,Transmisores FM (Modulación de frecuencia) portátiles,68000000,68010000,68010300
Brick,10001435,Altavoces domésticos – Individuales,68000000,68010000,68010400
Brick,10001429,Amplificadores/preamplificadores domésticos de audio,68000000,68010000,68010400
Brick,10001436,Equipo de altavoces domésticos,68000000,68010000,68010400
Brick,10001431,Equipo de cine doméstico,68000000,68010000,68010400
Brick,10001441,Equipo de karaoke doméstico,68000000,68010000,68010400
Brick,10001447,Equipo doméstico de audio – Accesorios/recambios,68000000,68010000,68010400
Brick,10001443,Equipo doméstico de efectos de audio,68000000,68010000,68010400
Brick,10001430,Equipo estéreo doméstico,68000000,68010000,68010400
Brick,10001440,Gramola doméstica,68000000,68010000,68010400
Brick,10001442,Mezcladores domésticos audiovisuales,68000000,68010000,68010400
Brick,10001448,Otros equipos domésticos de audio,68000000,68010000,68010400
Brick,10001446,Paquetes variados de equipos domésticos de audio,68000000,68010000,68010400
Brick,10001444,Plataforma giratoria – CD,68000000,68010000,68010400
Brick,10001439,Plataforma giratoria – Vinilo,68000000,68010000,68010400
Brick,10001433,Pletinas de CD de audio domésticas,68000000,68010000,68010400
Brick,10001432,Pletinas de cintas de audio domésticas,68000000,68010000,68010400
Brick,10001434,Pletinas de MD de audio domésticas,68000000,68010000,68010400
Brick,10001437,Radios/sintonizadores/receptores de audio domésticos,68000000,68010000,68010400
Brick,10001485,Paquetes variados de equipos audiovisuales,68000000,68010000,68010800
Brick,10005760,Accesorios para la recepción del sistema de satélite,68000000,68010000,68010900
Brick,10005738,Accesorios para sistemas de recepción/instalación de vídeo,68000000,68010000,68010900
Brick,10001411,Antenas,68000000,68010000,68010900
Brick,10001409,Aparatos con convertidor y descodificador integrados,68000000,68010000,68010900
Brick,10005736,Conversores en bloque de baja figura de ruido (LNB),68000000,68010000,68010900
Brick,10005739,Paquetes variados de sistemas de recepción/instalación de vídeo,68000000,68010000,68010900
Brick,10005841,Receptores visuales/de audio,68000000,68010000,68010900
Brick,10005829,Sistemas de antena terrestres/parabólicas,68000000,68010000,68010900
Brick,10005808,Audiogramas,68000000,68010000,68010200
Brick,10001408,Combinación de grabador/reproductor,68000000,68010000,68010200
Brick,10001414,Grabación/reproducción de vídeo – Accesorios/recambios,68000000,68010000,68010200
Brick,10001407,Grabadoras/reproductores de DVD,68000000,68010000,68010200
Brick,10001412,Grabadoras/reproductores de vídeo,68000000,68010000,68010200
Brick,10005748,Grabadores de tarjetas de memoria,68000000,68010000,68010200
Brick,10001413,Paquetes variados de grabación/reproducción de vídeo,68000000,68010000,68010200
Brick,10001406,Videocámaras,68000000,68010000,68010200
Brick,10001410,Videograbadora con disco duro,68000000,68010000,68010200
Brick,10001401,Combinaciones de televisores,68000000,68010000,68010100
Brick,10001405,Otros televisores,68000000,68010000,68010100
Brick,10001403,Paquetes variados de televisores,68000000,68010000,68010100
Brick,10001400,Televisores,68000000,68010000,68010100
Brick,10001404,Televisores – Accesorios/recambios,68000000,68010000,68010100
Brick,10001402,Televisores – De mano,68000000,68010000,68010100
Brick,10001508,Ampliadoras de fotografías,68000000,68020000,68020300
Brick,10001511,Equipo de secado fotográfico,68000000,68020000,68020300
Brick,10001515,Equipos para cuartos de revelado/impresión fotográfica – Accesorios/recambios,68000000,68020000,68020300
Brick,10001512,Luces rojas para cuartos de revelado,68000000,68020000,68020300
Brick,10001516,Otros equipos para cuartos de revelado/impresión fotográfica,68000000,68020000,68020300
Brick,10001510,Papel fotográfico,68000000,68020000,68020300
Brick,10001514,Paquetes variados de equipos para cuartos de revelado/impresión fotográfica,68000000,68020000,68020300
Brick,10001507,Productos químicos para el revelado fotográfico,68000000,68020000,68020300
Brick,10001513,Rollos/bandejas/tanques para cuartos de revelado,68000000,68020000,68020300
Brick,10005750,Accesorios de flash para cámaras,68000000,68020000,68020100
Brick,10005207,Álbumes fotográficos – Accesorios/recambios,68000000,68020000,68020100
Brick,10001495,Álbumes/cubos fotográficos,68000000,68020000,68020100
Brick,10005842,Almacenamiento de fotos de móviles,68000000,68020000,68020100
Brick,10001486,Cámaras analógicas,68000000,68020000,68020100
Brick,10001487,Cámaras digitales,68000000,68020000,68020100
Brick,10001493,Diapositivas,68000000,68020000,68020100
Brick,10005751,Diapositivas – Recambios/accesorios,68000000,68020000,68020100
Brick,10005755,Filtros para cámara fotográfica,68000000,68020000,68020100
Brick,10001489,Flases para cámaras,68000000,68020000,68020100
Brick,10005753,Flash electrónico de estudio fotográfico,68000000,68020000,68020100
Brick,10001494,Fotografía – Accesorios/ recambios,68000000,68020000,68020100
Brick,10001491,Lentes intercambiables,68000000,68020000,68020100
Brick,10005700,Marcos fotográficos digitales,68000000,68020000,68020100
Brick,10001498,Otros artículos de fotografía,68000000,68020000,68020100
Brick,10001496,Paquetes variados de fotografía,68000000,68020000,68020100
Brick,10001490,Película fotográfica,68000000,68020000,68020100
Brick,10001492,Proyectores de diapositivas,68000000,68020000,68020100
Brick,10005752,Sistema de almacenamiento de diapositivas,68000000,68020000,68020100
Brick,10001499,Binoculares,68000000,68020000,68020200
Brick,10003776,Lentes de aumento,68000000,68020000,68020200
Brick,10001502,Microscopios,68000000,68020000,68020200
Brick,10001501,Monoculares/telescopios,68000000,68020000,68020200
Brick,10001506,Otros productos ópticos,68000000,68020000,68020200
Brick,10001504,Paquetes variados de productos ópticos,68000000,68020000,68020200
Brick,10001505,Productos ópticos – Accesorios/recambios,68000000,68020000,68020200
Brick,10003686,Paquetes variados de productos ópticos/fotográficos,68000000,68020000,68020400
Brick,10001450,CD/MD – Grabables,68000000,68040000,68040200
Brick,10001449,Cintas de audio – Grabables,68000000,68040000,68040200
Brick,10001455,Cintas de vídeo – Grabables,68000000,68040000,68040200
Brick,10001456,Discos flexibles,68000000,68040000,68040200
Brick,10001451,DVD – Grabables,68000000,68040000,68040200
Brick,10001458,Otros productos multimedia grabables,68000000,68040000,68040200
Brick,10001457,Paquetes variados de productos multimedia grabables,68000000,68040000,68040200
Brick,10001452,Tarjetas de memoria,68000000,68040000,68040200
Brick,10006398,Unidad de flash USB/unidad de disco duro USB,68000000,68040000,68040200
Brick,10006240,Audio (no música) – Digital,68000000,68040000,68040100
Brick,10008494,Blu-ray,68000000,68040000,68040100
Brick,10001459,CD/MD – Pregrabados,68000000,68040000,68040100
Brick,10001464,Cintas de audio – Pregrabadas,68000000,68040000,68040100
Brick,10001463,Cintas de vídeo – Pregrabadas,68000000,68040000,68040100
Brick,10003718,Discos duales – Pregrabados,68000000,68040000,68040100
Brick,10001460,DVD – Pregrabados,68000000,68040000,68040100
Brick,10006245,Gráficos – Digital,68000000,68040000,68040100
Brick,10006239,Música – Digital,68000000,68040000,68040100
Brick,10001466,Otros productos multimedia pregrabados,68000000,68040000,68040100
Brick,10001465,Paquetes variados de productos multimedia pregrabados,68000000,68040000,68040100
Brick,10006241,Películas – Digital,68000000,68040000,68040100
Brick,10006244,Programas de televisión - digital,68000000,68040000,68040100
Brick,10006243,Tonos telefónicos – Digital,68000000,68040000,68040100
Brick,10006242,Video (no películas) – Digital,68000000,68040000,68040100
Brick,10001462,Vinilo – Pregrabados,68000000,68040000,68040100
Brick,10003777,Paquetes variados de audiovisual/fotografía,68000000,68050000,68050100
Brick,10001529,Altavoces para coches,68000000,68030000,68030200
Brick,10001530,Amplificadores para coches,68000000,68030000,68030200
Brick,10001531,Antenas de audio para coches,68000000,68030000,68030200
Brick,10001527,Cargadores/reproductores de CD para coches,68000000,68030000,68030200
Brick,10005205,Cargadores/reproductores de cintas de audio para coches,68000000,68030000,68030200
Brick,10001528,Cargadores/reproductores de MD para coches,68000000,68030000,68030200
Brick,10001533,Equipos de audio para coches – Accesorios/recambios,68000000,68030000,68030200
Brick,10001534,Otros equipos de audio para coches,68000000,68030000,68030200
Brick,10001532,Paquetes variados de audio para coches,68000000,68030000,68030200
Brick,10001526,Receptores/sintonizadores de audio para coches,68000000,68030000,68030200
Brick,10005828,Subwoofers de coche,68000000,68030000,68030200
Brick,10001525,Unidades de cabezal de audio para coches,68000000,68030000,68030200
Brick,10005749,Antenas GPS para coche,68000000,68030000,68030100
Brick,10005728,Detectores de radares para coches,68000000,68030000,68030100
Brick,10001521,Equipo de recepción de vídeo para coches,68000000,68030000,68030100
Brick,10001517,Equipos de navegación para coches,68000000,68030000,68030100
Brick,10001518,Monitores de vídeo para coches,68000000,68030000,68030100
Brick,10001523,Navegación/vídeo para coches – Accesorios/recambios,68000000,68030000,68030100
Brick,10001524,Otros artículos de navegación/vídeo para coches,68000000,68030000,68030100
Brick,10001522,Paquetes variados de navegación/vídeo para coches,68000000,68030000,68030100
Brick,10001520,Reproductores de cintas de audio para coches,68000000,68030000,68030100
Brick,10001519,Reproductores de DVD para coches,68000000,68030000,68030100
Brick,10006403,Soportes y bases para GPS automotrices,68000000,68030000,68030100
Brick,10003685,Paquetes variados de productos electrónicos para el coche,68000000,68030000,68030300
Brick,10003105,Accesorios de administración de líquidos – Otros (Automóviles),77000000,77010000,77014500
Brick,10003106,Administración de líquidos/paquetes variados de accesorios (Automóviles),77000000,77010000,77014500
Brick,10003097,Kits/accesorios de cambio de líquidos,77000000,77010000,77014500
Brick,10003092,Llaves de filtro (Automóviles),77000000,77010000,77014500
Brick,10003099,Mezcladores de líquidos (Automóviles),77000000,77010000,77014500
Brick,10003095,Tapón de purga (Automóviles),77000000,77010000,77014500
Brick,10002949,Accesorios de apariencia/fragancia – Otros,77000000,77010000,77012900
Brick,10003752,Ambientadores – Eléctricos (Automóviles),77000000,77010000,77012900
Brick,10003753,Ambientadores – No eléctricos (Automóviles),77000000,77010000,77012900
Brick,10005249,Aplicadores/cepillos de automóviles,77000000,77010000,77012900
Brick,10005127,Aspecto/fragancia de automóviles – Accesorios/piezas de repuesto,77000000,77010000,77012900
Brick,10002950,Paquetes variados de accesorios de aspecto/fragancia (Automóviles),77000000,77010000,77012900
Brick,10002944,Pulidoras/gamuzas (Automóviles),77000000,77010000,77012900
Brick,10003757,Raspadores de hielo (automotriz),77000000,77010000,77012900
Brick,10002940,Sistemas de lavado – Eléctricos (Automóviles),77000000,77010000,77012900
Brick,10002907,Accesorios/kits de camiones,77000000,77010000,77012500
Brick,10002900,Cubiertas para vehículos,77000000,77010000,77012500
Brick,10002909,Cubiertas/Protecciones – Otros (Automóviles),77000000,77010000,77012500
Brick,10002908,Cubiertas/tapas duras – Piezas/accesorios de repuesto (Automóviles),77000000,77010000,77012500
Brick,10002905,Fundas de rueda de repuesto,77000000,77010000,77012500
Brick,10002899,Guardabarros/guardasalpicaduras,77000000,77010000,77012500
Brick,10002903,Marcho/protector de matrícula,77000000,77010000,77012500
Brick,10002904,Matrículas – Decorativos,77000000,77010000,77012500
Brick,10002906,Películas protectoras de pintura (Automóviles),77000000,77010000,77012500
Brick,10002902,Protector de lentes (Automóviles),77000000,77010000,77012500
Brick,10002901,Protector de puertas (Automóviles),77000000,77010000,77012500
Brick,10002885,Barras de Nerf/escalón (Automóviles),77000000,77010000,77012200
Brick,10002886,Escalones extrudidos/ fundidos (Automóviles),77000000,77010000,77012200
Brick,10002884,Estribos (Automóviles),77000000,77010000,77012200
Brick,10002898,Carenado de cabina,77000000,77010000,77012400
Brick,10002895,Deflector/viseras de ventana lateral,77000000,77010000,77012400
Brick,10002896,Deflector/viseras de ventana trasera/viseras de techo (Automóviles),77000000,77010000,77012400
Brick,10002897,Deflectores de techo solar,77000000,77010000,77012400
Brick,10002893,Protector de capota/bichos (Automóviles),77000000,77010000,77012400
Brick,10002894,Viseras de parabrisas delantero,77000000,77010000,77012400
Brick,10002889,Barras de empuje/A (Automóviles),77000000,77010000,77012300
Brick,10002887,Parachoques,77000000,77010000,77012300
Brick,10002890,Parillas decorativas/personalizadas,77000000,77010000,77012300
Brick,10002892,Placas de derrape,77000000,77010000,77012300
Brick,10002888,Protectores de cepillo/parrilla,77000000,77010000,77012300
Brick,10002891,Relleno de parrilla,77000000,77010000,77012300
Brick,10006814,Accesorios automotrices interiores – paquetes de variedad de asientos,77000000,77010000,77011400
Brick,10002843,Accesorios/piezas de asientos (Automóviles),77000000,77010000,77011400
Brick,10002841,Almohadillas para cinturones de seguridad,77000000,77010000,77011400
Brick,10002837,Asientos (Automóviles),77000000,77010000,77011400
Brick,10002840,Cinturones/extendedores de seguridad,77000000,77010000,77011400
Brick,10002839,Cojines de asientos (Automóviles),77000000,77010000,77011400
Brick,10002842,Cojines para cabeza/cuello (Automóviles),77000000,77010000,77011400
Brick,10002838,Fundas de asientos (Automóviles),77000000,77010000,77011400
Brick,10000792,Sillas/asientos elevadores para el coche,77000000,77010000,77011400
Brick,10002853,Bandejas de snack/bebida (Automóviles),77000000,77010000,77011600
Brick,10002850,Brújulas (Automóviles),77000000,77010000,77011600
Brick,10002847,Ceniceros (Automóviles),77000000,77010000,77011600
Brick,10002854,Luces de mapa (Automóviles),77000000,77010000,77011600
Brick,10002849,Percheros (Automóviles),77000000,77010000,77011600
Brick,10002848,Relojes (Automóviles),77000000,77010000,77011600
Brick,10002852,Soporte para llaves (Automóviles),77000000,77010000,77011600
Brick,10002851,Soporte para vasos (Automóviles),77000000,77010000,77011600
Brick,10002855,Termómetros (Automóviles),77000000,77010000,77011600
Brick,10002856,Unidades de combinación para accesorios interiores (Automóviles),77000000,77010000,77011600
Brick,10002858,Unidades de refrigeración/calefacción (Automóviles),77000000,77010000,77011600
Brick,10002857,Ventiladores (Automóviles),77000000,77010000,77011600
Brick,10002883,Accesorios de interior – Decorativos – Otros (Automóviles),77000000,77010000,77012100
Brick,10002882,Accesorios de interior – Paquete variados decorativos (Automóviles),77000000,77010000,77012100
Brick,10002880,Accesorios decorativos/componentes – Otros (Automóviles),77000000,77010000,77012100
Brick,10002877,Cubiertas/juegos de pedales (Automóviles),77000000,77010000,77012100
Brick,10002881,Funda de cabezales/Kits (Automóviles),77000000,77010000,77012100
Brick,10002873,Indicadores interiores (Automóviles),77000000,77010000,77012100
Brick,10002876,Kits/manguitos de la palanca de cambios (Automóviles),77000000,77010000,77012100
Brick,10002878,Pomos/botones de accesorios decorativos,77000000,77010000,77012100
Brick,10002875,Tirador/pomo de cambiador (Automóviles),77000000,77010000,77012100
Brick,10002879,Tiradores/manivelas decorativos,77000000,77010000,77012100
Brick,10002863,Fundas de volante,77000000,77010000,77011800
Brick,10002864,Piezas/accesorios para volante,77000000,77010000,77011800
Brick,10002862,Volantes,77000000,77010000,77011800
Brick,10002846,Almacenamiento interior – Otros (Automóviles),77000000,77010000,77011500
Brick,10002845,Bolsas/cestos de basura (Automóviles),77000000,77010000,77011500
Brick,10002844,Consolas (Automóviles),77000000,77010000,77011500
Brick,10005122,Soporte de disco de impuestos (Automóviles),77000000,77010000,77011500
Brick,10002860,Tintas para ventana,77000000,77010000,77011700
Brick,10002859,Viseras para parabrisas,77000000,77010000,77011700
Brick,10002861,Visores para puerta/ventana,77000000,77010000,77011700
Brick,10002867,Alfombrillas para suelo (Automóviles),77000000,77010000,77011900
Brick,10002868,Bolsa/bandeja para carga interior (Automóviles),77000000,77010000,77011900
Brick,10002866,Escalones de puerta/ Plataforma de pie (Automóviles),77000000,77010000,77011900
Brick,10002865,Moqueta de sustitución (Automóviles),77000000,77010000,77011900
Brick,10002869,Revestimiento interior de suelo – Otros (Automóviles),77000000,77010000,77011900
Brick,10002871,Alfombras/fundas de salpicadero,77000000,77010000,77012000
Brick,10002870,Kits de moldura de salpicadero,77000000,77010000,77012000
Brick,10002872,Paneles/guías de instrumentos,77000000,77010000,77012000
Brick,10002922,Accesorios de apariencia exterior – Otros (Automóviles),77000000,77010000,77012600
Brick,10002912,Alerones/spoilers (Automóviles),77000000,77010000,77012600
Brick,10002916,Capó personalizado,77000000,77010000,77012600
Brick,10002920,Emblemas/gráficos – Decorativos (Automóviles),77000000,77010000,77012600
Brick,10002914,Guardabarros/guardabarros reflectantes,77000000,77010000,77012600
Brick,10002913,Lumbreras (Automóviles),77000000,77010000,77012600
Brick,10002919,Molduras de luz/lentes (Automóviles),77000000,77010000,77012600
Brick,10002915,Molduras/cubiertas de ventana lateral (Automóviles),77000000,77010000,77012600
Brick,10002923,Paquetes variados de accesorios de apariencia exterior,77000000,77010000,77012600
Brick,10002910,Techos solares/techos corredizo/techos extraíbles (Automóviles),77000000,77010000,77012600
Brick,10002911,tomas de aire/respiraderos (Automóviles),77000000,77010000,77012600
Brick,10002931,Accesorios de neumáticos/ruedas,77000000,77010000,77012800
Brick,10008103,Bolsa de neumáticos,77000000,77010000,77012800
Brick,10002928,Bombas de neumáticos (Automóviles),77000000,77010000,77012800
Brick,10006838,Cables de salto (jumper),77000000,77010000,77012800
Brick,10008104,Cámara de aire,77000000,77010000,77012800
Brick,10002929,Compresores de aire (Automóviles),77000000,77010000,77012800
Brick,10002933,Cubiertas de ruedas,77000000,77010000,77012800
Brick,10002935,Embellecedores,77000000,77010000,77012800
Brick,10002932,Infladores de ruedas – Químicos (Automóviles),77000000,77010000,77012800
Brick,10002930,Kits de reparación de pinchazos,77000000,77010000,77012800
Brick,10006775,Medidor de presión de neumáticos,77000000,77010000,77012800
Brick,10006377,Rin,77000000,77010000,77012800
Brick,10002934,Simuladores de discos de freno,77000000,77010000,77012800
Brick,10006839,Sostenedor del neumático,77000000,77010000,77012800
Brick,10003049,Acoplamientos – Faros delanteros,77000000,77010000,77014000
Brick,10003050,Acoplamientos – Luces traseras,77000000,77010000,77014000
Brick,10003052,Acoplamientos de luz – Otros (Automóviles),77000000,77010000,77014000
Brick,10005234,Anticongelante/líquido refrigerante (Automóviles),77000000,77010000,77015100
Brick,10003114,Artículos de cambio de líquido – Otros (Automóviles),77000000,77010000,77014700
Brick,10003113,Esterillas de aceite (Automóviles),77000000,77010000,77014700
Brick,10003115,Paquetes variados de artículos de cambio de líquido (Automóviles),77000000,77010000,77014700
Brick,10005233,Accesorios de baterías (Automóviles),77000000,77010000,77015000
Brick,10005232,Baterías (Automóviles),77000000,77010000,77015000
Brick,10006383,Cables de emergencia,77000000,77010000,77015000
Brick,10006382,Motor de arranque,77000000,77010000,77015000
Brick,10003763,Bujías,77000000,77010000,77013700
Brick,10003018,Bujías – Otros,77000000,77010000,77013700
Brick,10006380,Bujías de incandescencia,77000000,77010000,77013700
Brick,10006379,Inyectores de combustible,77000000,77010000,77013700
Brick,10006381,Paquetes surtidos de bujías de incandescencia,77000000,77010000,77013700
Brick,10003019,Paquetes variados de bujías,77000000,77010000,77013700
Brick,10003074,Clavijas/trenzas (Automóviles),77000000,77010000,77014300
Brick,10003758,Claxon/sirenas (Automóviles),77000000,77010000,77014300
Brick,10005131,Componentes eléctricos de automóviles – Piezas/Accesorios de repuesto,77000000,77010000,77014300
Brick,10003084,Electricidad – Otros (Automóviles),77000000,77010000,77014300
Brick,10003067,Fusibles (Automóviles),77000000,77010000,77014300
Brick,10006846,Instrumentos de automotrices y sistemas de medición,77000000,77010000,77014300
Brick,10005132,Interruptores de automóviles,77000000,77010000,77014300
Brick,10003081,Mecheros/adaptadores (Automóviles),77000000,77010000,77014300
Brick,10003083,Paquetes variados eléctricos (Automóviles),77000000,77010000,77014300
Brick,10003080,Tubo flexible/trenzado de cable (Automóviles),77000000,77010000,77014300
Brick,10002960,Accesorios de enganche/acoplamientos (Automóviles),77000000,77010000,77013100
Brick,10002967,Accesorios de fijación de remolque,77000000,77010000,77013100
Brick,10002962,Adaptadores – Enganches (Automóviles),77000000,77010000,77013100
Brick,10002966,Barras de remolque (Automóviles),77000000,77010000,77013100
Brick,10002973,Barras de tensión/montajes de bolas de remolque (Automóviles),77000000,77010000,77013100
Brick,10002972,Bolas de enganche/remolques (Automóviles),77000000,77010000,77013100
Brick,10002964,Cabos/tiras de remolque (Automóviles),77000000,77010000,77013100
Brick,10002971,Cadenas/cables de seguridad – Remolque (Automóviles),77000000,77010000,77013100
Brick,10002974,Componentes de remolque – Cargas pesadas,77000000,77010000,77013100
Brick,10002968,Cubiertas de enganches (Automóviles),77000000,77010000,77013100
Brick,10002959,Enganches (Automóviles),77000000,77010000,77013100
Brick,10002969,Escalones de enganche (Automóviles),77000000,77010000,77013100
Brick,10002970,Espejos de remolque (Automóviles),77000000,77010000,77013100
Brick,10002965,Ganchos de remolque (Automóviles),77000000,77010000,77013100
Brick,10002977,Paquetes variados de remolque/enganche,77000000,77010000,77013100
Brick,10002976,Remolque/enganche – Otros,77000000,77010000,77013100
Brick,10002961,Tubos/abrazaderas de recepción (Automóviles),77000000,77010000,77013100
Brick,10002963,Varillas/pasadores – Enganches (Automóviles),77000000,77010000,77013100
Brick,10002981,Adaptadores/convertidores de cableado,77000000,77010000,77013200
Brick,10002978,Conectores – Remolque,77000000,77010000,77013200
Brick,10002979,Controles de freno,77000000,77010000,77013200
Brick,10002985,Enganche/remolque – Eléctrico Otros,77000000,77010000,77013200
Brick,10002982,Kits/bridas para cableado,77000000,77010000,77013200
Brick,10002984,Luces de remolque,77000000,77010000,77013200
Brick,10002980,Módulos de potencia,77000000,77010000,77013200
Brick,10002986,Remolque/enganche – Paquetes variados eléctricos,77000000,77010000,77013200
Brick,10003000,Accesorios para tornos/torno- Otros (Automóviles),77000000,77010000,77013400
Brick,10002999,Partes/componentes del torno,77000000,77010000,77013400
Brick,10002998,Torno (Automóviles),77000000,77010000,77013400
Brick,10003001,Torno/Paquetes variados de accesorios para tornos,77000000,77010000,77013400
Brick,10003026,Accesorios de filtros (Automóviles),77000000,77010000,77013800
Brick,10003022,Filtros – Aire (Automóviles),77000000,77010000,77013800
Brick,10003762,Filtros – Líquidos (Automóviles),77000000,77010000,77013800
Brick,10003029,Filtros – Otros (Automóviles),77000000,77010000,77013800
Brick,10003024,Filtros de transmisión (Automóviles),77000000,77010000,77013800
Brick,10003028,Kits de filtro de rendimiento/accesorios (Automóviles),77000000,77010000,77013800
Brick,10006329,Limpiador de filtros de escape,77000000,77010000,77013800
Brick,10006328,Limpiador del filtro de aire/polvo,77000000,77010000,77013800
Brick,10003030,Paquetes variados de filtros (Automóviles),77000000,77010000,77013800
Brick,10002799,Líquido de transmisión,77000000,77010000,77010900
Brick,10002800,Líquido de transmisión – Otros,77000000,77010000,77010900
Brick,10002801,Paquetes variados de líquido de transmisión,77000000,77010000,77010900
Brick,10006385,Disco de freno,77000000,77010000,77015300
Brick,10006387,Kit de frenos de tambor,77000000,77010000,77015300
Brick,10006388,Otras piezas para sistemas de frenos,77000000,77010000,77015300
Brick,10006384,Pastillas/Zapatas de freno,77000000,77010000,77015300
Brick,10006386,Pinza de disco de freno,77000000,77010000,77015300
Brick,10006389,Tambor de freno/Piezas del tambor de freno,77000000,77010000,77015300
Brick,10005130,Administración de carga – Piezas/Accesorios de repuesto,77000000,77010000,77010300
Brick,10002750,Administración de la carga – Otros (Automóviles),77000000,77010000,77010300
Brick,10005128,Bolsas/cajas de almacenamiento exterior (Automóviles),77000000,77010000,77010300
Brick,10002748,Cajas/bandejas/cestos de almacenamiento interior (Automóviles),77000000,77010000,77010300
Brick,10005818,Calzas para ruedas (automotriz),77000000,77010000,77010300
Brick,10002733,Equipamiento de sujeción de la carga (automotriz),77000000,77010000,77010300
Brick,10002743,Paquetes de extendedores/parachoques (Automóviles),77000000,77010000,77010300
Brick,10002734,Portaequipajes/portadores de equipos (Automóviles),77000000,77010000,77010300
Brick,10005819,Rampas/accesorios de rampas para la gestión de la carga (automotriz),77000000,77010000,77010300
Brick,10003056,Iluminación de ambiente (Automóviles),77000000,77010000,77014100
Brick,10003054,Iluminación debajo del vehículo,77000000,77010000,77014100
Brick,10003057,Iluminación decorativa – Otros (Automóviles),77000000,77010000,77014100
Brick,10003055,Iluminación estroboscópica (Automóviles),77000000,77010000,77014100
Brick,10003058,Paquetes variados de iluminación decorativa (Automóviles),77000000,77010000,77014100
Brick,10003147,Bombas de limpiaparabrisas,77000000,77010000,77013600
Brick,10003146,Boquillas de limpiaparabrisas,77000000,77010000,77013600
Brick,10003142,Brazos de limpiaparabrisas (Automóviles),77000000,77010000,77013600
Brick,10003150,Componentes de limpiaparabrisas – Otros,77000000,77010000,77013600
Brick,10003839,Cubierta del limpiaparabrisas,77000000,77010000,77013600
Brick,10003014,Limpiaparabrisas/paquetes variados de partes de limpiaparabrisas,77000000,77010000,77013600
Brick,10003013,Limpiaparabrisas/piezas para limpiaparabrisas – Otros,77000000,77010000,77013600
Brick,10003144,Motores de limpiaparabrisas,77000000,77010000,77013600
Brick,10003145,Motores de limpiaparabrisas (Núcleos),77000000,77010000,77013600
Brick,10003151,Paquetes varados de componentes de limpiaparabrisas,77000000,77010000,77013600
Brick,10003011,Raqueta de limpiaparabrisas,77000000,77010000,77013600
Brick,10003012,Repuestos de raqueta de limpiaparabrisas,77000000,77010000,77013600
Brick,10003143,Tubos de limpiaparabrisas (Automóviles),77000000,77010000,77013600
Brick,10003149,Tubos/manguitos de limpiaparabrisas,77000000,77010000,77013600
Brick,10003764,Líquido limpiador (Automóviles),77000000,77010000,77014900
Brick,10003034,Bombillas de repuesto,77000000,77010000,77013900
Brick,10003041,Despeje/marcador/luces de estribo (Automóviles),77000000,77010000,77013900
Brick,10003031,Faros (Automóviles),77000000,77010000,77013900
Brick,10003045,Lentes de repuesto (Automóviles),77000000,77010000,77013900
Brick,10003036,Luces antiniebla (Automóviles),77000000,77010000,77013900
Brick,10002830,Luces de emergencia (Automóviles),77000000,77010000,77013900
Brick,10003044,Luces de freno/intermitentes/luces traseras,77000000,77010000,77013900
Brick,10003037,Luces de respaldo (Automóviles),77000000,77010000,77013900
Brick,10003042,Luces de sirena,77000000,77010000,77013900
Brick,10003038,Luces direccionales,77000000,77010000,77013900
Brick,10003759,Luces direccionales (automotriz),77000000,77010000,77013900
Brick,10003047,Luces/bombillas – Otros (Automóviles),77000000,77010000,77013900
Brick,10003048,Paquetes variados de luces/bombillas (Automóviles),77000000,77010000,77013900
Brick,10003046,Reflectores (Automóviles),77000000,77010000,77013900
Brick,10002924,Neumáticos,77000000,77010000,77012700
Brick,10002926,Ruedas,77000000,77010000,77012700
Brick,10003004,Alarmas para coche/alarmas anti-robo,77000000,77010000,77013500
Brick,10003755,Dispositivos de bloqueo,77000000,77010000,77013500
Brick,10003008,Dispositivos de seguimiento,77000000,77010000,77013500
Brick,10005241,Inmobilizadores (Automóviles),77000000,77010000,77013500
Brick,10003010,Paquetes variados de productos antirrobo,77000000,77010000,77013500
Brick,10005129,Piezas/Accesorios de repuesto de productos antirrobo,77000000,77010000,77013500
Brick,10003009,Productos antirrobo – Otros,77000000,77010000,77013500
Brick,10002767,Cuidado de chasis de coches – Limpiadores/ceras/protectores/quitamanchas,77000000,77010000,77010400
Brick,10002764,Cuidado de neumáticos de coches – Limpiadores/espumas/abrillantadores,77000000,77010000,77010400
Brick,10002773,Cuidado de volante de coches – Limpiadores/abrillantadores,77000000,77010000,77010400
Brick,10006375,Kit de limpieza para el interior del coche,77000000,77010000,77010400
Brick,10002777,Paquetes variados de químicos de aspecto (Automóviles),77000000,77010000,77010400
Brick,10006378,Pintura automotriz,77000000,77010000,77010400
Brick,10002757,Preparación de la ventana del automóvil (automotriz),77000000,77010000,77010400
Brick,10002776,Químicos de aspecto- Otros (Automóviles),77000000,77010000,77010400
Brick,10002781,Desengrasantes de motores/Control de contaminación,77000000,77010000,77010500
Brick,10002780,Limpiador de carburador/piezas,77000000,77010000,77010500
Brick,10003775,Limpiador de piezas eléctricas (Automóviles),77000000,77010000,77010500
Brick,10002778,Limpiadores de freno,77000000,77010000,77010500
Brick,10002779,Pulverizador para carburador/cebador,77000000,77010000,77010500
Brick,10002994,Accesorios para remolques,77000000,77010000,77013300
Brick,10002996,Accesorios para remolques/caravanas – Otros,77000000,77010000,77013300
Brick,10002988,Acopladores – Remolques (Automóviles),77000000,77010000,77013300
Brick,10002992,Dispositivos de nivelación (Automóviles),77000000,77010000,77013300
Brick,10002989,Freno para remolques,77000000,77010000,77013300
Brick,10002987,Gatos/soportes de remolques,77000000,77010000,77013300
Brick,10002991,Luces/reflectores para remolques,77000000,77010000,77013300
Brick,10002995,Paquetes variados de accesorios para remolques/caravanas,77000000,77010000,77013300
Brick,10002990,Protectores de cojinete de rueda,77000000,77010000,77013300
Brick,10002993,Remolques,77000000,77010000,77013300
Brick,10003834,Paquetes variados de reparación de chasis de automóviles,77000000,77010000,77010200
Brick,10002726,Piezas de recambio de moldes/molduras (Automóviles),77000000,77010000,77010200
Brick,10002728,Pintura de líneas (Automóviles),77000000,77010000,77010200
Brick,10002720,Preparados para reparaciones plásticas/relleno de arañazos (Automóviles),77000000,77010000,77010200
Brick,10002723,Reductores/Retardadores (Automóviles),77000000,77010000,77010200
Brick,10003761,Reparación del chasis (Automóviles),77000000,77010000,77010200
Brick,10002713,Tapón/parche de cuerpo,77000000,77010000,77010200
Brick,10002727,Tira de protección atmosférica (Automóviles),77000000,77010000,77010200
Brick,10005720,Grúas/gatos elevadores para la reparación de automóviles,77000000,77010000,77011200
Brick,10002822,Kits de reparación de del espero retrovisor,77000000,77010000,77011200
Brick,10002820,Kits de reparación de línea/depósito de combustible,77000000,77010000,77011200
Brick,10002824,Kits de reparación de lunas,77000000,77010000,77011200
Brick,10002821,Kits de reparación de radiador,77000000,77010000,77011200
Brick,10002823,Kits de reparación de sistema antivaho de ventana,77000000,77010000,77011200
Brick,10002825,Mantenimiento/reparación – Otros,77000000,77010000,77011200
Brick,10002746,Rampas/elevadores para mantenimiento de vehículos (automotriz),77000000,77010000,77011200
Brick,10005761,Refrigerantes para aparatos de aire acondicionado,77000000,77010000,77011200
Brick,10002817,Reparación de silenciador/tubo de escape,77000000,77010000,77011200
Brick,10002829,Alarma/sensores de respaldo,77000000,77010000,77011300
Brick,10002826,Asistencia de combustible de emergencia,77000000,77010000,77011300
Brick,10005820,Banderas de advertencia/Astas de bandera (automotriz),77000000,77010000,77011300
Brick,10003774,Espejos (Automóviles),77000000,77010000,77011300
Brick,10006904,Extintores para auto,77000000,77010000,77011300
Brick,10002834,Kits de emergencia en carretera,77000000,77010000,77011300
Brick,10002836,Paquetes variados de seguridad (Automóviles),77000000,77010000,77011300
Brick,10003760,Piezas/accesorios de repuesto de seguridad (Automóviles),77000000,77010000,77011300
Brick,10006376,Protectores de estacionamiento,77000000,77010000,77011300
Brick,10005821,Puentes protectores para mangueras (automotriz),77000000,77010000,77011300
Brick,10002835,Seguridad – Otros (Automóviles),77000000,77010000,77011300
Brick,10002833,Señales/triángulos de advertencia (Automóviles),77000000,77010000,77011300
Brick,10008479,Manubrio - Moto,77000000,77080000,77080300
Brick,10008478,Retrovisores - Moto,77000000,77080000,77080300
Brick,10008474,Faros - Moto,77000000,77080000,77080100
Brick,10008475,Luces indicadoras - Moto,77000000,77080000,77080100
Brick,10008473,Luces intermitentes - Moto,77000000,77080000,77080100
Brick,10008476,Motor - Moto,77000000,77080000,77080200
Brick,10008477,Motor - Moto - Recambios/Accesorios,77000000,77080000,77080200
Brick,10008049,Aeronave,77000000,77040000,77040100
Brick,10008050,Automóviles especiales,77000000,77050000,77050100
Brick,10006374,Coches/camioneta/vehículos utilitarios deportivos/camiones ligeros,77000000,77030000,77030100
Brick,10006373,Motocicletas/Quads,77000000,77030000,77030200
Brick,10006772,Vehículos todo terreno (ATV's),77000000,77030000,77030200
Brick,10008291,Vehículos todo terreno (ATV) / Vehículos de tareas utilitarias (UTV) - Equipos / Accesorios,77000000,77030000,77030200
Brick,10006773,Vehículos utilitarios  (UTV) / Vehículos todoterreno recreativos (ROV),77000000,77030000,77030200
Brick,10008339,Equipos ferroviarios,77000000,77060000,77060100
Brick,10008456,Maquinaria Agrícola,77000000,77070000,77070100
Brick,10008457,Maquinaria Agrícola - Piezas de repuesto/Accesorios,77000000,77070000,77070100
Brick,10000771,Aceites esenciales,53000000,53160000,53161500
Brick,10000773,Aceites vehiculares/de base,53000000,53160000,53161500
Brick,10000772,Cojines para aromaterapia,53000000,53160000,53161500
Brick,10000770,Difusores de aceites (eléctricos),53000000,53160000,53161500
Brick,10000769,Difusores de aceites (no eléctricos),53000000,53160000,53161500
Brick,10000779,Otros productos de aromaterapia,53000000,53160000,53161500
Brick,10000774,Paquetes variados de aromaterapia,53000000,53160000,53161500
Brick,10000365,Fragancias,53000000,53160000,53161300
Brick,10000672,Paquetes variados de fragancias/cosméticos,53000000,53160000,53161400
Brick,10000486,Aclarador de piel,53000000,53160000,53161000
Brick,10000762,Almohadillas para realzar caderas/busto,53000000,53160000,53161000
Brick,10008024,Aplicadores cosméticos/maquillaje,53000000,53160000,53161000
Brick,10000533,Cosmética/Maquillaje - Ojos,53000000,53160000,53161000
Brick,10000534,Cosmético/Maquillaje - Labios,53000000,53160000,53161000
Brick,10008306,Cosmético/Maquillaje - Multizona,53000000,53160000,53161000
Brick,10000532,Cosmético/Maquillaje - Tez,53000000,53160000,53161000
Brick,10000377,Cosméticos/Ayuda de maquillaje/Accesorios,53000000,53160000,53161000
Brick,10000761,Cosméticos/Maquillaje Pinturas/Shimmers/Glitters,53000000,53160000,53161000
Brick,10006201,Muestras cosméticas / maquillaje,53000000,53160000,53161000
Brick,10000669,Paquetes de variados de productos cosméticos/de maquillaje,53000000,53160000,53161000
Brick,10000764,Pestañas – Postizas,53000000,53160000,53161000
Brick,10000775,Productos de cosméticos/de maquillaje Otros,53000000,53160000,53161000
Brick,10000763,Tatuajes/plantillas de dibujos/joyas adhesivas – Temporal,53000000,53160000,53161000
Brick,10000360,Cosméticos – Uñas,53000000,53160000,53161200
Brick,10000778,Otros productos de cosmética/cuidado de uñas,53000000,53160000,53161200
Brick,10000671,Paquetes variados de productos de cosmética/cuidado de uñas,53000000,53160000,53161200
Brick,10000768,Productos de cosmética/cuidado de uñas – Recambios,53000000,53160000,53161200
Brick,10000767,Uñas – Accesorios (eléctricos),53000000,53160000,53161200
Brick,10000385,Uñas – Accesorios (no eléctricos),53000000,53160000,53161200
Brick,10000780,Uñas – Artículos de ayuda (eléctricos),53000000,53160000,53161200
Brick,10000358,Uñas – Artículos de ayuda (no eléctricos),53000000,53160000,53161200
Brick,10000359,Uñas – Postizas,53000000,53160000,53161200
Brick,10000333,Uñas – Quitaesmaltes/limpiadores,53000000,53160000,53161200
Brick,10000361,Uñas – Tratamientos,53000000,53160000,53161200
Brick,10006246,Accesorios de penetración (eléctricos),53000000,53230000,53230100
Brick,10006247,Accesorios de penetración (no eléctricos),53000000,53230000,53230100
Brick,10006248,Dispositivos de succión (eléctricos),53000000,53230000,53230100
Brick,10006249,Dispositivos de succión (no eléctricos),53000000,53230000,53230100
Brick,10008480,Lubricantes Íntimos,53000000,53230000,53230100
Brick,10000666,Paquetes variados de belleza/cuidado personal/higiene,53000000,53220000,53220100
Brick,10000760,Otros productos para tonificar/masajear el cuerpo,53000000,53200000,53201000
Brick,10000668,Paquetes variados tonificar/masajear el cuerpo,53000000,53200000,53201000
Brick,10000807,Productos de baño para tonificar/masajear,53000000,53200000,53201000
Brick,10000759,Productos para masajes/calentamiento personal (eléctricos),53000000,53200000,53201000
Brick,10000566,Productos para masajes/calentamiento personal (no eléctricos),53000000,53200000,53201000
Brick,10000567,Productos para reafirmar/tonificar el cuerpo (eléctricos),53000000,53200000,53201000
Brick,10000758,Productos para tonificar/masajear el cuerpo – Recambios,53000000,53200000,53201000
Brick,10005839,Centro de cuidado bucal – Cepillo/limpiador/almacenamiento (motorizado),53000000,53180000,53181500
Brick,10008373,Cepillo de dientes (eléctrico),53000000,53180000,53181500
Brick,10008372,Cepillo de dientes (no eléctrico),53000000,53180000,53181500
Brick,10008375,Cepillo interdental,53000000,53180000,53181500
Brick,10000363,Cuidado bucal – Accesorios,53000000,53180000,53181500
Brick,10008371,Dentadura postiza/Ortodoncia - Cepillo,53000000,53180000,53181500
Brick,10000336,Dentadura postiza/Ortodoncia - Cuidado,53000000,53180000,53181500
Brick,10000337,Dentadura postiza/Ortodoncia - Limpieza,53000000,53180000,53181500
Brick,10000536,Enjuagues bucales/productos para refrescar el aliento,53000000,53180000,53181500
Brick,10008378,Estimulador/Masajeador de Encías,53000000,53180000,53181500
Brick,10000782,Higiene bucal – Recambios,53000000,53180000,53181500
Brick,10008377,Hilo dental/cinta dental,53000000,53180000,53181500
Brick,10008381,Irrigador bucal,53000000,53180000,53181500
Brick,10008376,Limpiador de lengua,53000000,53180000,53181500
Brick,10008370,Limpieza de la lengua,53000000,53180000,53181500
Brick,10000383,Limpieza dental/pasta de dientes,53000000,53180000,53181500
Brick,10000783,Otros productos de higiene bucal,53000000,53180000,53181500
Brick,10000716,Paquetes variados de higiene bucal,53000000,53180000,53181500
Brick,10008380,Quitamanchas/blanqueador de dientes (eléctrico),53000000,53180000,53181500
Brick,10008379,Quitamanchas/blanqueador de dientes (sin motor),53000000,53180000,53181500
Brick,10008369,Refrescantes para el aliento,53000000,53180000,53181500
Brick,10008374,Sistema de limpieza bucal (eléctrico),53000000,53180000,53181500
Brick,10000362,Accesorios de higiene para el amamantamiento,53000000,53180000,53181200
Brick,10000344,Higiene femenina – Accesorios,53000000,53180000,53181200
Brick,10000376,Higiene femenina – Compresas/toallas,53000000,53180000,53181200
Brick,10000482,Higiene femenina – Copas menstruales,53000000,53180000,53181200
Brick,10000483,Higiene femenina – Salvaslips,53000000,53180000,53181200
Brick,10000320,Higiene femenina – Tampones,53000000,53180000,53181200
Brick,10000785,Otros productos de higiene para el amamantamiento/femenina,53000000,53180000,53181200
Brick,10000714,Paquetes variados de higiene para el amamantamiento/femenina,53000000,53180000,53181200
Brick,10000338,Antitranspirantes/desodorantes,53000000,53180000,53181100
Brick,10000341,Cuidados del oído/la nariz,53000000,53180000,53181100
Brick,10000786,Otros productos de higiene personal general,53000000,53180000,53181100
Brick,10000485,Pañuelos faciales/pañuelos (desechables),53000000,53180000,53181100
Brick,10000375,Papel higiénico,53000000,53180000,53181100
Brick,10000715,Paquetes variados de higiene personal general,53000000,53180000,53181100
Brick,10000335,Productos de algodón en lama,53000000,53180000,53181100
Brick,10000321,Incontinencia en adultos – Artículos,53000000,53180000,53181300
Brick,10000709,Incontinencia en adultos – Ropa interior (desechable),53000000,53180000,53181300
Brick,10000710,Incontinencia en adultos – Ropa interior (no desechable),53000000,53180000,53181300
Brick,10000481,Incontinencia en adultos – toallas,53000000,53180000,53181300
Brick,10000784,Otros productos para la incontinencia en adultos,53000000,53180000,53181300
Brick,10000713,Paquetes variados de productos para la incontinencia en adultos,53000000,53180000,53181300
Brick,10008295,Incontinencia infantil - Compresas,53000000,53180000,53181800
Brick,10008300,Incontinencia infantil - Otros,53000000,53180000,53181800
Brick,10008296,Incontinencia infantil - Pañales (desechables),53000000,53180000,53181800
Brick,10008297,Incontinencia infantil - Pañales (no desechables),53000000,53180000,53181800
Brick,10008301,Incontinencia infantil - Paquetes variados,53000000,53180000,53181800
Brick,10008298,Incontinencia infantil - Ropa interior (desechable),53000000,53180000,53181800
Brick,10008299,Incontinencia infantil - Ropa interior (no desechable),53000000,53180000,53181800
Brick,10000496,Accesorios para pañales de bebé,53000000,53180000,53181700
Brick,10000728,Pañales (no desechables),53000000,53180000,53181700
Brick,10006821,Pañales de bebé / otros accesorios,53000000,53180000,53181700
Brick,10000494,Pañales para bebés (desechables),53000000,53180000,53181700
Brick,10006822,Paquetes surtidos de pañales/accesorios para bebés,53000000,53180000,53181700
Brick,10000495,Rellenos/almohadillas absorbentes del pañal de bebé,53000000,53180000,53181700
Brick,10000712,Paquetes variados de productos de higiene personal,53000000,53180000,53181600
Brick,10008238,Cinturón de maternidad,53000000,53240000,53240100
Brick,10008239,Productos de cuidado de la piel / hidratación de maternidad,53000000,53240000,53240100
Brick,10000676,Paquetes variados de productos para el cabello,53000000,53140000,53141200
Brick,10000369,Afeitado – Cuchillas,53000000,53140000,53141000
Brick,10000831,Afeitado – Cuchillas (eléctricas),53000000,53140000,53141000
Brick,10000370,Afeitado – Cuchillas desechables (no eléctricas),53000000,53140000,53141000
Brick,10000730,Afeitado – Cuchillas no desechables (no eléctricas),53000000,53140000,53141000
Brick,10000350,Depilación – Cuidados,53000000,53140000,53141000
Brick,10000830,Depilación (eléctrica),53000000,53140000,53141000
Brick,10000340,Depilación (no eléctrica),53000000,53140000,53141000
Brick,10000349,Depilación/afeitado – Accesorios,53000000,53140000,53141000
Brick,10000679,Espejos – Cuidado personal,53000000,53140000,53141000
Brick,10000835,Otros productos para disimular/depilar el vello,53000000,53140000,53141000
Brick,10000680,Paquetes variados de productos para disimular/depilar el vello,53000000,53140000,53141000
Brick,10000329,Productos aclaradores/decolorantes,53000000,53140000,53141000
Brick,10000832,Productos para disimular/depilar el vello – Recambios,53000000,53140000,53141000
Brick,10000535,Productos para el afeitado,53000000,53140000,53141000
Brick,10008023,Cabello - Cepillos y peines,53000000,53140000,53141100
Brick,10000379,Cabello – Accesorios,53000000,53140000,53141100
Brick,10000346,Cabello – Acondicionador/tratamiento,53000000,53140000,53141100
Brick,10000828,Cabello – Artículos de ayuda (eléctricos),53000000,53140000,53141100
Brick,10000564,Cabello – Artículos de ayuda (no eléctricos),53000000,53140000,53141100
Brick,10000368,Cabello – Champú,53000000,53140000,53141100
Brick,10000348,Cabello – Permanente,53000000,53140000,53141100
Brick,10000343,Cabello – Postizos,53000000,53140000,53141100
Brick,10000678,Cabello – Productos para dar forma al pelo (eléctricos),53000000,53140000,53141100
Brick,10000381,Cabello – Productos para dar forma al pelo (no eléctricos),53000000,53140000,53141100
Brick,10000345,Cabellos – Color,53000000,53140000,53141100
Brick,10000834,Otros productos para el cuidado del cabello,53000000,53140000,53141100
Brick,10000677,Paquetes variados de productos para el cuidado del cabello,53000000,53140000,53141100
Brick,10000833,Productos para el cuidado del cabello – Recambios,53000000,53140000,53141100
Brick,10000829,Rulos para el cabello,53000000,53140000,53141100
Brick,10000334,Accesorios de aseo/limpieza – Personal,53000000,53130000,53131300
Brick,10000328,Aditivos para el baño,53000000,53130000,53131300
Brick,10000330,Limpieza/aseo/jabón – Personal,53000000,53130000,53131300
Brick,10000813,Otros productos de aseo corporal,53000000,53130000,53131300
Brick,10000722,Paquetes variados de aseo corporal,53000000,53130000,53131300
Brick,10000573,Toallitas – Personal,53000000,53130000,53131300
Brick,10000810,Cuidado de la piel – Artículos de recambio,53000000,53130000,53131100
Brick,10000356,Cuidado de la piel/productos hidratantes,53000000,53130000,53131100
Brick,10000324,Cuidados para después del afeitado,53000000,53130000,53131100
Brick,10000342,Exfoliantes/mascarillas,53000000,53130000,53131100
Brick,10006275,Hidratante after-sun,53000000,53130000,53131100
Brick,10000808,Limpiadores/desmaquilladores (eléctricos),53000000,53130000,53131100
Brick,10000332,Limpiadores/desmaquilladores (no eléctricos),53000000,53130000,53131100
Brick,10000812,Otros cuidados de la piel,53000000,53130000,53131100
Brick,10000721,Paquetes variados de cuidados de la piel,53000000,53130000,53131100
Brick,10000374,Polvo para secar la piel,53000000,53130000,53131100
Brick,10000806,Productos antimanchas (eléctricos),53000000,53130000,53131100
Brick,10000327,Productos antimanchas (no eléctricos),53000000,53130000,53131100
Brick,10005727,Protector labial,53000000,53130000,53131100
Brick,10000484,Tónicos/astringentes,53000000,53130000,53131100
Brick,10000719,Vaporizadores para refrescar el cuerpo/la cara,53000000,53130000,53131100
Brick,10000717,Paquetes variados de productos para la piel,53000000,53130000,53131400
Brick,10000731,Bronceado artificial – Uso oral (no eléctrico),53000000,53130000,53131200
Brick,10000355,Bronceado artificial – Uso tópico (no eléctrico),53000000,53130000,53131200
Brick,10000809,Bronceado artificial (eléctrico),53000000,53130000,53131200
Brick,10000814,Otros productos para el bronceado,53000000,53130000,53131200
Brick,10000723,Paquetes variados de productos de bronceado,53000000,53130000,53131200
Brick,10000388,Productos aceleradores del bronceado,53000000,53130000,53131200
Brick,10000373,Productos de protección solar,53000000,53130000,53131200
Brick,10000811,Productos para el bronceado – Recambios,53000000,53130000,53131200
Brick,10008454,Tatuajes - Permanentes - Equipo de estudio,53000000,53250000,53250100
Brick,10008453,Tatuajes - Permanentes - Equipo de tatuaje,53000000,53250000,53250100
Brick,10008353,Bombas de diafragma,11000000,11020000,11020200
Brick,10008352,Bombas de émbolo,11000000,11020000,11020200
Brick,10008351,Bombas de pistón,11000000,11020000,11020200
Brick,10008354,Bombas neumáticas,11000000,11020000,11020300
Brick,10008348,Bombas de cavidad progresiva,11000000,11020000,11020100
Brick,10008349,Bombas de engranajes,11000000,11020000,11020100
Brick,10008347,Bombas de paletas,11000000,11020000,11020100
Brick,10008345,Bombas de tornillo,11000000,11020000,11020100
Brick,10008350,Bombas lobulares,11000000,11020000,11020100
Brick,10008346,Bombas peristálticas/de rodillos,11000000,11020000,11020100
Brick,10008341,Bombas entre rodamientos,11000000,11010000,11010100
Brick,10008340,Bombas suspendidas,11000000,11010000,11010100
Brick,10008342,Bombas suspendidas verticalmente,11000000,11010000,11010100
Brick,10008343,Bombas sumergibles,11000000,11010000,11010200
Brick,10008382,Equipos de contra de incendios,11000000,11010000,11010300
Brick,10008344,Sistemas de hidrantes contra incendios,11000000,11010000,11010300
Brick,10008357,Balsas flotantes industriales,11000000,11040000,11040100
Brick,10008361,Barandillas industriales,11000000,11040000,11040100
Brick,10008359,Estructuras Industriales,11000000,11040000,11040100
Brick,10008362,Flotadores Industriales,11000000,11040000,11040100
Brick,10008360,Pasarelas Flotantes Industriales,11000000,11040000,11040100
Brick,10008358,Tapas/cubiertas de balsas industriales,11000000,11040000,11040100
Brick,10008355,Bombas Industriales - Motores Eléctricos,11000000,11030000,11030100
Brick,10008356,Bombas Industriales -Motores de Combustión,11000000,11030000,11030100
Brick,10008364,Bombas Industriales – Piezas de Repuesto/Accesorios,11000000,11050000,11050100
Brick,10000433,Calzado – Accesorios/ recambios,63000000,63010000,63010200
Brick,10000700,Paquetes variados de accesorios para el calzado,63000000,63010000,63010200
Brick,10000400,Productos para el cuidado/la limpieza del calzado,63000000,63010000,63010200
Brick,10001074,Relleno del calzado,63000000,63010000,63010200
Brick,10000432,Tintes/colorantes para el calzado,63000000,63010000,63010200
Brick,10001076,Botas – General,63000000,63010000,63010300
Brick,10001077,Zapatos – General,63000000,63010000,63010300
Brick,10001071,Calzado deportivo – Especializado,63000000,63010000,63010100
Brick,10001070,Calzado deportivo – General,63000000,63010000,63010100
Brick,10001078,Calzado de casa – Completamente cerrado,63000000,63010000,63010400
Brick,10001079,Calzado de casa – Parcialmente cerrado,63000000,63010000,63010400
Brick,10001080,Calzado de protección/de seguridad,63000000,63010000,63010500
Brick,10001081,Chanclos de protección/de seguridad,63000000,63010000,63010500
Brick,10001082,Zapatos de protección/de seguridad,63000000,63010000,63010500
Brick,10001116,Accesorios para carcasas/cajas protectoras de computadora,65000000,65010000,65010100
Brick,10001113,Alfombrilla/reposamuñecas – Informática,65000000,65010000,65010100
Brick,10001114,Asistente de datos personales/bolígrafo organizador,65000000,65010000,65010100
Brick,10005741,Auriculares para computadoras/videojuegos,65000000,65010000,65010100
Brick,10005843,Editor de vídeo,65000000,65010000,65010100
Brick,10001107,Estuche/porta computadoras/video juego,65000000,65010000,65010100
Brick,10001110,Filtros/cubiertas (equipos electrónicos),65000000,65010000,65010100
Brick,10006744,Grabadora personal de video,65000000,65010000,65010100
Brick,10001112,Herramientas/juegos de herramientas para computadoras,65000000,65010000,65010100
Brick,10001115,Lectores de tarjetas,65000000,65010000,65010100
Brick,10001362,Otros accesorios para videojuegos/computadoras,65000000,65010000,65010100
Brick,10001363,Paquetes variados de accesorios para videojuegos/computadoras,65000000,65010000,65010100
Brick,10001108,Productos para la limpieza de videojuegos/computadoras,65000000,65010000,65010100
Brick,10001111,Productos para la seguridad de videojuegos/computadoras,65000000,65010000,65010100
Brick,10001109,Puertos de acoplamientos/bases de computadoras,65000000,65010000,65010100
Brick,10005438,Soportes/bases para computadoras,65000000,65010000,65010100
Brick,10001124,Suministros de energía para computadoras,65000000,65010000,65010100
Brick,10005683,Almacenamiento de videojuegos/juegos de computadora,65000000,65010000,65010200
Brick,10001117,Carcasas/cajas protectoras de computadoras,65000000,65010000,65010200
Brick,10001118,Componentes del computadora – Accesorios/piezas de repuesto,65000000,65010000,65010200
Brick,10001122,Memoria para computadora,65000000,65010000,65010200
Brick,10001119,Otros componentes de computadora,65000000,65010000,65010200
Brick,10001120,Paquetes variados de componentes de computadora,65000000,65010000,65010200
Brick,10001125,Procesadores para computadora,65000000,65010000,65010200
Brick,10001121,Refrigeración para computadora,65000000,65010000,65010200
Brick,10001126,Tarjetas de expansión,65000000,65010000,65010200
Brick,10001123,Tarjetas madres para computadora,65000000,65010000,65010200
Brick,10001146,Asistentes digitales personales,65000000,65010000,65010500
Brick,10001141,Computadoras – Accesorios/ piezas de repuesto,65000000,65010000,65010500
Brick,10001144,Computadoras personales – De escritorio/Terminal de Internet,65000000,65010000,65010500
Brick,10001145,Computadoras personales – Portátiles,65000000,65010000,65010500
Brick,10006405,Computadoras personales – Todo en uno,65000000,65010000,65010500
Brick,10006276,Computadoras personales/Tablets/eBooks,65000000,65010000,65010500
Brick,10001143,Organizadores electrónicos,65000000,65010000,65010500
Brick,10001142,Otros computadoras,65000000,65010000,65010500
Brick,10006743,Relojes inteligentes (smart watches),65000000,65010000,65010500
Brick,10001147,Servidores,65000000,65010000,65010500
Brick,10005763,Accesorios para consolas,65000000,65010000,65011000
Brick,10003817,Consolas de videojuegos – No portátiles,65000000,65010000,65011000
Brick,10003819,Consolas de videojuegos – piezas de repuesto,65000000,65010000,65011000
Brick,10003818,Consolas de videojuegos – Portátiles,65000000,65010000,65011000
Brick,10001148,Dispositivos de control para videojuegos/computadoras,65000000,65010000,65010600
Brick,10001152,Dispositivos de entrada/control de videojuegos/computadoras – Accesorios/piezas de repuesto,65000000,65010000,65010600
Brick,10001151,Dispositivos de punteros para computadoras,65000000,65010000,65010600
Brick,10001364,Otros dispositivos de entrada/control de videojuegos/computadoras,65000000,65010000,65010600
Brick,10001365,Paquetes variados de dispositivos de entrada/control de videojuegos/computadoras,65000000,65010000,65010600
Brick,10005686,Plumas digitales,65000000,65010000,65010600
Brick,10001149,Tabletas de gráficos para computadoras,65000000,65010000,65010600
Brick,10001150,Teclados para computadoras,65000000,65010000,65010600
Brick,10001166,Centros de red/USB,65000000,65010000,65010800
Brick,10001169,Conmutadores de red,65000000,65010000,65010800
Brick,10001163,"Dispositivos de entrada (Interruptores, concentradores, enrutadores y cortafuegos)",65000000,65010000,65010800
Brick,10001168,Enrutadores de red,65000000,65010000,65010800
Brick,10001172,Equipo de redes para computadoras – Accesorios/piezas de repuesto,65000000,65010000,65010800
Brick,10001162,Firewalls (Servidores de seguridad),65000000,65010000,65010800
Brick,10005831,Memoria USB de Internet,65000000,65010000,65010800
Brick,10001164,Módems,65000000,65010000,65010800
Brick,10001170,Otros equipos de redes para computadoras,65000000,65010000,65010800
Brick,10001171,Paquetes variados de equipos de redes para computadoras,65000000,65010000,65010800
Brick,10001165,Puntos de acceso a la red,65000000,65010000,65010800
Brick,10001173,Repetidores,65000000,65010000,65010800
Brick,10001167,Tarjetas de interfaz de red,65000000,65010000,65010800
Brick,10001370,Paquetes variados de videojuegos/computadoras,65000000,65010000,65010900
Brick,10001154,Altavoces para computadoras/mini altavoces,65000000,65010000,65010700
Brick,10001161,Cámaras Web,65000000,65010000,65010700
Brick,10006745,"Conmutador de teclado, voz y ratón (KVM)",65000000,65010000,65010700
Brick,10001156,Consumibles para impresoras,65000000,65010000,65010700
Brick,10001160,Escáneres,65000000,65010000,65010700
Brick,10001158,Impresoras y dispositivos de impresión,65000000,65010000,65010700
Brick,10001153,Monitores para videojuegos/computadoras,65000000,65010000,65010700
Brick,10001366,Otros periféricos para videojuegos/computadoras,65000000,65010000,65010700
Brick,10001367,Paquetes variados de periféricos para videojuegos/computadoras,65000000,65010000,65010700
Brick,10001155,Periféricos para videojuegos/computadoras – Accesorios/piezas de repuesto,65000000,65010000,65010700
Brick,10001159,Sistemas de proyección,65000000,65010000,65010700
Brick,10001139,Otros programas para videojuegos/computadoras,65000000,65010000,65010400
Brick,10001140,Paquetes variados de programas para videojuegos/computadoras,65000000,65010000,65010400
Brick,10001137,Programas de juegos para videojuegos/computadoras,65000000,65010000,65010400
Brick,10001138,Programas informáticos (no de juegos),65000000,65010000,65010400
Brick,10006235,Software de juegos para televisión y computadora – Digital,65000000,65010000,65010400
Brick,10006236,Software para computadoras (No juegos) – Digital,65000000,65010000,65010400
Brick,10001127,Dispositivos ópticos – Lectura/escritura,65000000,65010000,65010300
Brick,10001128,Dispositivos ópticos – Sólo lectura,65000000,65010000,65010300
Brick,10001130,Otras unidades del computadora,65000000,65010000,65010300
Brick,10001131,Paquetes variados de unidades del computadora,65000000,65010000,65010300
Brick,10001135,Unidades de cinta/bobinadores en continuo,65000000,65010000,65010300
Brick,10001129,Unidades de computadora – Accesorios/piezas de repuesto,65000000,65010000,65010300
Brick,10001136,Unidades de disco Zip/Jazz,65000000,65010000,65010300
Brick,10001133,Unidades de discos duros,65000000,65010000,65010300
Brick,10001132,Unidades de discos flexibles,65000000,65010000,65010300
Brick,10001134,Unidades de intercambio,65000000,65010000,65010300
Brick,10001178,Cajas para teléfonos móviles,66000000,66010000,66010100
Brick,10001174,Dispositivos de identificación de llamada,66000000,66010000,66010100
Brick,10001181,Equipos de manos libres para comunicaciones/auriculares,66000000,66010000,66010100
Brick,10005680,Limpiadores de teléfono,66000000,66010000,66010100
Brick,10001379,Otros accesorios de comunicación,66000000,66010000,66010100
Brick,10001380,Paquetes variados de accesorios de comunicación,66000000,66010000,66010100
Brick,10001183,Protección contra la radiación de teléfonos móviles,66000000,66010000,66010100
Brick,10005745,Recambios/accesorios para auriculares con micrófono incorporado,66000000,66010000,66010100
Brick,10005740,Repetidores de telecomunicaciones inalámbricas mejoradas digitalmente (DECT),66000000,66010000,66010100
Brick,10001182,Salpicadero para teléfonos móviles,66000000,66010000,66010100
Brick,10001177,Soportes de teléfono,66000000,66010000,66010100
Brick,10005681,Accesorios de dispositivos de comunicación fija,66000000,66010000,66010200
Brick,10001186,Aparatos de fax,66000000,66010000,66010200
Brick,10001190,Conmutadores telefónicos,66000000,66010000,66010200
Brick,10005677,Consumibles de máquinas de fax,66000000,66010000,66010200
Brick,10001184,Contestadores automáticos,66000000,66010000,66010200
Brick,10001189,Intercomunicadores,66000000,66010000,66010200
Brick,10001383,Otros dispositivos para comunicaciones fijas,66000000,66010000,66010200
Brick,10001384,Paquetes variados de dispositivos para comunicaciones fijas,66000000,66010000,66010200
Brick,10001185,Sistemas de conferencias,66000000,66010000,66010200
Brick,10001188,Tarjetas de llamadas/justificantes de prepago para comunicaciones fijas,66000000,66010000,66010200
Brick,10001191,Teléfonos,66000000,66010000,66010200
Brick,10001382,Paquetes variados de comunicación,66000000,66010000,66010400
Brick,10006227,Señal – Recambio/Accesorio,66000000,66010000,66010500
Brick,10006225,Señales combinación,66000000,66010000,66010500
Brick,10006223,Señales preimpresas,66000000,66010000,66010500
Brick,10006224,Señales sin imprimir,66000000,66010000,66010500
Brick,10006226,Soportes para señales,66000000,66010000,66010500
Brick,10007020,Accesorios para teléfonos móviles / teléfonos inteligentes,66000000,66010000,66010300
Brick,10001199,Buscapersonas,66000000,66010000,66010300
Brick,10001200,Comunicaciones bilaterales por radio,66000000,66010000,66010300
Brick,10005711,Emisores/localizadores personales digitales,66000000,66010000,66010300
Brick,10001193,Equipo GPS – Comunicaciones móviles,66000000,66010000,66010300
Brick,10001192,Equipos de radio para comunicación,66000000,66010000,66010300
Brick,10008503,Localizadores de objetos / rastreadores de artículos personales,66000000,66010000,66010300
Brick,10001385,Otros servicios/dispositivos de comunicaciones móviles,66000000,66010000,66010300
Brick,10001386,Paquetes variados de servicios/dispositivos de comunicaciones móviles,66000000,66010000,66010300
Brick,10003779,Servicios/dispositivos de comunicaciones móviles – Recambios,66000000,66010000,66010300
Brick,10006237,Software de GPS – Comunicaciones Digitales – Digital,66000000,66010000,66010300
Brick,10001194,Software GPS – Comunicaciones móviles,66000000,66010000,66010300
Brick,10001197,Software para teléfonos móviles,66000000,66010000,66010300
Brick,10001196,Tarjetas SIM de móvil/Adaptadores de tarjeta SIM,66000000,66010000,66010300
Brick,10008506,Teléfonos móviles,66000000,66010000,66010300
Brick,10001198,Teléfonos Smartphones,66000000,66010000,66010300
Brick,10005846,Barriles de almacenamiento (vacíos),92000000,92010000,92010300
Brick,10005847,Tambores de almacenamiento (vacíos),92000000,92010000,92010300
Brick,10005851,Botellas de almacenamiento (vacías),92000000,92010000,92010100
Brick,10005852,Garrafas de almacenamiento portátiles (vacías),92000000,92010000,92010100
Brick,10008307,Latas de almacenamiento (vacías),92000000,92010000,92010100
Brick,10005850,Bandejas de almacenamiento/transporte (vacías),92000000,92020000,92020100
Brick,10005848,Cajas de almacenamiento/transporte (vacías),92000000,92020000,92020100
Brick,10005849,Cajones de almacenamiento/transporte (vacíos),92000000,92020000,92020100
Brick,10005860,Contenedores de transporte aéreo (vacíos),92000000,92030000,92030100
Brick,10005859,Contenedores de transporte intermodal marítimo (vacíos),92000000,92030000,92030100
Brick,10005861,Contenedores flexibles a granel (vacíos),92000000,92030000,92030100
Brick,10005862,Contenedores rígidos intermedios a granel (vacíos),92000000,92030000,92030100
Brick,10005853,Depósitos de almacenamiento/transporte (vacíos),92000000,92030000,92030100
Brick,10005858,Bastidores (racks),92000000,92040000,92040100
Brick,10005855,Carros de transporte,92000000,92040000,92040100
Brick,10005856,Hojas deslizantes,92000000,92040000,92040100
Brick,10005857,Marcos/convertidores de palets,92000000,92040000,92040100
Brick,10005854,Pallets,92000000,92040000,92040100
Brick,10007342,Acacias (Acacia Spp.),94000000,94030000,94030300
Brick,10007363,Acacias de anillo de manzana (Faidherbia Albida),94000000,94030000,94030300
Brick,10007344,Árboles Albizia (Albizia Spp.),94000000,94030000,94030300
Brick,10007362,Arboles de coral (Erythrina Spp.),94000000,94030000,94030300
Brick,10007366,Árboles de Gliricidia (Gliricidia Sepium),94000000,94030000,94030300
Brick,10007361,Árboles de Guanacaste (Enterolobium Cyclocarpum),94000000,94030000,94030300
Brick,10007371,Árboles de Leucaena (Leucaena Leucocephala),94000000,94030000,94030300
Brick,10007372,Árboles de Lotononis (Lotononis Bainesii),94000000,94030000,94030300
Brick,10007380,Barril de plantas medicinales (Medicago Truncatula),94000000,94030000,94030300
Brick,10007395,"bersín, trébol de Alejandría o hirusta (Trifolium Alexandrinum)",94000000,94030000,94030300
Brick,10007349,Calliandra (Calliandra Calothyrsus),94000000,94030000,94030300
Brick,10007365,Langostas de miel (Gleditsia Triacanthos),94000000,94030000,94030300
Brick,10007381,Meliloto blanco (Melilotus Albus),94000000,94030000,94030300
Brick,10007393,Plantas Ahuhu (Tephrosia Purpurea),94000000,94030000,94030300
Brick,10007343,Plantas American Jointvetch (Aeschynomene Americana),94000000,94030000,94030300
Brick,10007348,Plantas Bauhinia (Bauhinia Spp.),94000000,94030000,94030300
Brick,10007350,Plantas Calopo (Calopogonium Spp.),94000000,94030000,94030300
Brick,10007354,Plantas Cratylia (Cratylia Argentea),94000000,94030000,94030300
Brick,10007379,Plantas de alfalfa (Medicago Sativa),94000000,94030000,94030300
Brick,10007351,Plantas de algarroba (Ceratonia Siliqua),94000000,94030000,94030300
Brick,10007374,Plantas de altramuz (Lupinus Spp.),94000000,94030000,94030300
Brick,10007368,Plantas de añil (Indigofera Spp.),94000000,94030000,94030300
Brick,10007369,Plantas de arveja (Lathyrus Sativus),94000000,94030000,94030300
Brick,10007403,Plantas de arveja (Vicia Sativa),94000000,94030000,94030300
Brick,10007404,Plantas de arveja peluda (Vicia Villosa),94000000,94030000,94030300
Brick,10007352,Plantas de Cassia de hoja redonda (Chamaecrista Rotundifolia),94000000,94030000,94030300
Brick,10007355,Plantas de Crotalaria (Crotalaria Spp.),94000000,94030000,94030300
Brick,10007364,Plantas de Flemingia (Flemingia Macrophylla),94000000,94030000,94030300
Brick,10007386,Plantas de frijol langosta africana (Parkia africana),94000000,94030000,94030300
Brick,10007376,Plantas de frijol Phasey (Macroptilium Lathyroides),94000000,94030000,94030300
Brick,10007405,Plantas de gramo negro (Vigna Mungo),94000000,94030000,94030300
Brick,10007387,Plantas de guisantes forrajeros (Pisum Sativum var. Arvense),94000000,94030000,94030300
Brick,10007390,Plantas de Kudzu (Pueraria Spp.),94000000,94030000,94030300
Brick,10007347,Plantas de maní pinto (Arachis Pintoi),94000000,94030000,94030300
Brick,10007346,Plantas de maní Rhizoma (Arachis Glabrata),94000000,94030000,94030300
Brick,10007389,Plantas de Prosopis (Prosopis Spp.),94000000,94030000,94030300
Brick,10007384,Plantas de sainfoina (Onobrychis Viciifolia),94000000,94030000,94030300
Brick,10007385,Plantas de Serradella (Ornithopus Sativus),94000000,94030000,94030300
Brick,10007391,Plantas de Sesban (Sesbania Spp.),94000000,94030000,94030300
Brick,10007360,Plantas de Sicklebush (Dichrostachys Cinerea),94000000,94030000,94030300
Brick,10007367,Plantas de Sila (Hedysarum Coronarium),94000000,94030000,94030300
Brick,10007375,Plantas de Siratro (Phaseolus Atropurpureus),94000000,94030000,94030300
Brick,10007383,"Plantas de soja perennes, perenne trepador (Glycine Wightii)",94000000,94030000,94030300
Brick,10007392,Plantas de Stylo (Stylosanthes Spp.),94000000,94030000,94030300
Brick,10007356,Plantas de Tagasaste (Cytisus Proliferus),94000000,94030000,94030300
Brick,10007378,Plantas de trebol (Medicago Lupulina),94000000,94030000,94030300
Brick,10007345,Plantas de trébol Alyce (Alysicarpus Spp.),94000000,94030000,94030300
Brick,10007382,Plantas de trébol amargo (Melilotus Indicus),94000000,94030000,94030300
Brick,10007399,Plantas de trébol blanco (Trifolium Repens),94000000,94030000,94030300
Brick,10007397,Plantas de trébol carmesí (Trifolium Incarnatum),94000000,94030000,94030300
Brick,10007402,Plantas de trébol de hoja de flecha (Trifolium Vesiculosum),94000000,94030000,94030300
Brick,10007394,Plantas de trébol no especificadas (Trifolium),94000000,94030000,94030300
Brick,10007373,Plantas de trébol patas de pájaro (Lotus Corniculatus),94000000,94030000,94030300
Brick,10007400,Plantas de trébol persa (Trifolium Resupinatum),94000000,94030000,94030300
Brick,10007398,Plantas de trébol rojo (Trifolium Pratense),94000000,94030000,94030300
Brick,10007357,Plantas Desmanthus (Desmanthus Spp.),94000000,94030000,94030300
Brick,10007359,Plantas Desmodium (Desmodium Spp.),94000000,94030000,94030300
Brick,10007377,Plantas medicinales negras (Medicago Lupulina),94000000,94030000,94030300
Brick,10007370,Plantas Sericea (Lespedeza Cuneata),94000000,94030000,94030300
Brick,10007401,Plantas subclover (Trifolium Subterraneum),94000000,94030000,94030300
Brick,10007353,Plantas Yeheb (Cordeauxia Edulis),94000000,94030000,94030300
Brick,10007388,Tamarindos de Manila (Pithecellobium Dulce),94000000,94030000,94030300
Brick,10007396,Trébol Híbrido / Plantas Alsike (Trifolium Hybridum),94000000,94030000,94030300
Brick,10007341,"Mostaza Blanca, Brassica alba, Brassica hirta o mostaza amarilla (Sinapsis Alba)",94000000,94030000,94030200
Brick,10007340,Mostaza del campo o Flor del Pis (Sinapis Arvensis),94000000,94030000,94030200
Brick,10007338,Mostaza negra (Brassica Nigra),94000000,94030000,94030200
Brick,10007339,Plantas de lino falsas (Camelina Sativa),94000000,94030000,94030200
Brick,10007337,"Plantas de remolacha forrajera,  también llamado mangold, remolacha de mangel, remolacha de campo, remolacha forrajera y raíz de escasez (Beta Vulgaris Subsp. Vulgaris var. Crassa)",94000000,94030000,94030200
Brick,10007336,Plantas Rocket Amarillas (Barbarea Vulgaris),94000000,94030000,94030200
Brick,10007619,Alang-Alang (Imperata Cylindrica),94000000,94030000,94030100
Brick,10007330,Alfombra de hierba (Axonopus spp.),94000000,94030000,94030100
Brick,10007543,Amor hierba (Eragrostis spp.),94000000,94030000,94030100
Brick,10007328,Anthephora (Anthephora spp.),94000000,94030000,94030100
Brick,10007537,Bambú (Dendrocalamus strictus),94000000,94030000,94030100
Brick,10007326,Beachgrass Americano (Ammophila Breviligulata),94000000,94030000,94030100
Brick,10007324,"Bentgrass, Agrostis (Agrostis spp.)",94000000,94030000,94030100
Brick,10007538,Bluegrass o Hierba azul (Dichanthium spp.),94000000,94030000,94030100
Brick,10007331,Bluestemgrass o tallo azul amarillo (Bothriochloa spp.),94000000,94030000,94030100
Brick,10007463,Bordes planos (papiro) (Cyperus spp.),94000000,94030000,94030100
Brick,10007638,Canario (Phalaris spp.),94000000,94030000,94030100
Brick,10007329,Carrizo gigante (Arundo Donax),94000000,94030000,94030100
Brick,10007437,Cenchrus ciliaris (Cenchrus Ciliaris),94000000,94030000,94030100
Brick,10007624,Centeno Pernnial (Lolium Perenne),94000000,94030000,94030100
Brick,10007625,Césped híbrido de centeno (Lolium X Hybridum),94000000,94030000,94030100
Brick,10007686,Césped Zoysia  (Zoysia spp.),94000000,94030000,94030100
Brick,10007611,Ciempiés (Eremochloa Ophiuroides),94000000,94030000,94030100
Brick,10007621,Corte sur (Leersia Hexandra),94000000,94030000,94030100
Brick,10007539,Dedo de hierba (Digitaria spp.),94000000,94030000,94030100
Brick,10007462,Dog's Tail con cresta (Cynosurus Cristatus),94000000,94030000,94030100
Brick,10007622,"Duna americana,duna silvestre de centeno silvestre, hierba de lyme de mar, trigo y hebras de hierba (Leymus spp.)",94000000,94030000,94030100
Brick,10007641,"espiguilla"", pasto azul de Kentucky, poa de los prados, grama de prado, poa común o zacate poa (Poa Pratensis)",94000000,94030000,94030100
Brick,10007644,Festuca alta (Schedonorus Arundinaceus),94000000,94030000,94030100
Brick,10007613,Festuca de oveja (Festuca Ovina),94000000,94030000,94030100
Brick,10007612,Festuca dura (Festuca Brevipila),94000000,94030000,94030100
Brick,10007322,Festuca híbrida (× Schedolium Loliaceum),94000000,94030000,94030100
Brick,10007615,Festuca Roja (Festuca Rubra),94000000,94030000,94030100
Brick,10007661,Fowl Meadow grass (Poa Palustris),94000000,94030000,94030100
Brick,10007541,Goose Grass (Eleusine Indica),94000000,94030000,94030100
Brick,10007332,Grama (Bouteloua spp.),94000000,94030000,94030100
Brick,10007666,Hierba Colón (Sorgo X Almum),94000000,94030000,94030100
Brick,10007630,Hierba de arroz indio (Oryzopsis Hymenoides),94000000,94030000,94030100
Brick,10007671,Hierba De Avena Roja (Themeda Triandra),94000000,94030000,94030100
Brick,10007635,Hierba de Bahía o Pasto de Bahía (Paspalum Notatum),94000000,94030000,94030100
Brick,10007327,hierba de barba plateada o el tallo azul de la plata (Andropogon spp.),94000000,94030000,94030100
Brick,10007634,"Hierba de búfalo, hierba T, hierba carabao, hierba agria, paspalum agrio o hierba de vaca  (Paspalum Conjugatum)",94000000,94030000,94030100
Brick,10007623,Hierba de centeno italiana (Lollium Multiflorum),94000000,94030000,94030100
Brick,10007627,"hierba de elefante, pasto de Napier o pasto de Uganda (Pennisetum Purpureum)",94000000,94030000,94030100
Brick,10007632,Hierba de Guinea (Panicum Maximum),94000000,94030000,94030100
Brick,10007643,Hierba de Java (Polytrias Armaura),94000000,94030000,94030100
Brick,10007620,Hierba de Muraina (Ischaemum spp.),94000000,94030000,94030100
Brick,10007536,Hierba de pata de gallo egipcia (Dactyloctenium Aegyptium),94000000,94030000,94030100
Brick,10007325,Hierba de playa europea (Ammophila Arenaria),94000000,94030000,94030100
Brick,10007540,Hierba de pradera llorona (Ehrharta Stipoides),94000000,94030000,94030100
Brick,10007439,Hierba de Rodas (Chloris Gayana),94000000,94030000,94030100
Brick,10007669,Hierba de San Agustín (Stenotaphrum Secundatum),94000000,94030000,94030100
Brick,10007663,Hierba de Sudán (Sorgo × Drummondii),94000000,94030000,94030100
Brick,10007441,Hierba de vetiver (Chrysopogon spp.),94000000,94030000,94030100
Brick,10007323,Hierba del Nilo (Acroceras Macrum),94000000,94030000,94030100
Brick,10007676,Hierba Gama (Tripsacum spp.),94000000,94030000,94030100
Brick,10007637,Hierba Kikuyu (Pennisetum Clandestinum),94000000,94030000,94030100
Brick,10007617,Hierba Lanza (Heteropogon Contortus),94000000,94030000,94030100
Brick,10007682,Hierba Liverseed (Urochloa Panicoides),94000000,94030000,94030100
Brick,10007626,Hierba Natal (Melinis Repens),94000000,94030000,94030100
Brick,10007679,Hierba Sabi (Urochloa Mosambicensis),94000000,94030000,94030100
Brick,10007636,Hierba Scrobic (Paspalum Scrobiculatum),94000000,94030000,94030100
Brick,10007618,Jaragua (Hyparrhenia Rufa),94000000,94030000,94030100
Brick,10007631,"kleingrass, panicgrass azul, buffalograss blanco; Bambatsi panic, makarikari grass y coolah grass. (Panicum Coloratum)",94000000,94030000,94030100
Brick,10007656,Korali (Setaria Pumila),94000000,94030000,94030100
Brick,10007443,Las lágrimas de Job (Coix Lacryma-jobi),94000000,94030000,94030100
Brick,10007616,Limpograss (Hemarthria Altissima),94000000,94030000,94030100
Brick,10007614,Meadow fescue (Festuca Pratensis),94000000,94030000,94030100
Brick,10007652,Mijo de cola de zorra (Setaria Italica),94000000,94030000,94030100
Brick,10007435,Para hierba (Brachiaria Mutica),94000000,94030000,94030100
Brick,10007449,"Pasto Bermuda, Grama, césped, agramen, gramón, gramilla,  Pasto estrella, Pata de gallo, pasto",94000000,94030000,94030100
Brick,10007535,Pie de gallo (Dactylis Glomerata),94000000,94030000,94030100
Brick,10007642,"Poa pratensis, espiguilla, pasto azul de Kentucky, poa de los prados, grama de prado, poa común o zacate poa (Poa spp.)",94000000,94030000,94030100
Brick,10007640,Pradera de Aves (Poa Palustris),94000000,94030000,94030100
Brick,10007542,Sofá Hierba (Elymus repens),94000000,94030000,94030100
Brick,10007633,"Switchgrass, Pasto varilla (Panicum Virgatum)",94000000,94030000,94030100
Brick,10007639,Timothy grass (Phleum Pratense),94000000,94030000,94030100
Brick,10007412,ÁrbolesCombretum (Combretum Aculeatum),94000000,94030000,94030400
Brick,10007406,Baobab africano (Adansonia Digitata),94000000,94030000,94030400
Brick,10007417,Caléndula Africana (Tagetes Erecta),94000000,94030000,94030400
Brick,10007419,Espinos de búfalo (Ziziphus Mucronata),94000000,94030000,94030400
Brick,10007415,Plantas Arak (Salvadora Persica),94000000,94030000,94030400
Brick,10007408,Plantas de alimentación de amaranto (Amaranthus Spp.),94000000,94030000,94030400
Brick,10007409,Plantas de argán (Argania Spinosa),94000000,94030000,94030400
Brick,10007407,Plantas de Bush Kapok (Aerva Javanica),94000000,94030000,94030400
Brick,10007411,Plantas de Cadaba (Cadaba Farinosa),94000000,94030000,94030400
Brick,10007418,Plantas de girasol mexicano (Tithonia Diversifolia),94000000,94030000,94030400
Brick,10007410,Plantas de Saltbush (Atriplex Spp.),94000000,94030000,94030400
Brick,10007416,Plantas espurias de maíz (Spergula Arvensis),94000000,94030000,94030400
Brick,10007413,Plantas Tansy Phacelia (Phacelia Tanacetifolia),94000000,94030000,94030400
Brick,10007414,Robles (Quercus Spp),94000000,94030000,94030400
Brick,10006881,Árboles Kapok (Ceiba pentandra),94000000,94010000,94010100
Brick,10006876,Árboles Kyenkyen (Antiaris Africana),94000000,94010000,94010100
Brick,10006877,Arbustos de bambú (Bambuseae),94000000,94010000,94010100
Brick,10006882,Arbustos de yute (Corchorus),94000000,94010000,94010100
Brick,10006891,Ortiga mayor (Urtica dioica),94000000,94010000,94010100
Brick,10006874,Otras plantas de agave/cáñamo (Agave letonae),94000000,94010000,94010100
Brick,10006889,Palmeras de rafia (Raphia farinifera),94000000,94010000,94010100
Brick,10006879,Palmeras rattan (Calamus rotang),94000000,94010000,94010100
Brick,10006869,Plantas de agave amarillo o pita (Agave americana),94000000,94010000,94010100
Brick,10006884,Plantas de algodón (Gossypium hirsutum),94000000,94010000,94010100
Brick,10006883,Plantas de algodón pima / tangüis (Gossypium barbadense),94000000,94010000,94010100
Brick,10006880,Plantas de cáñamo (Cannabis sativa),94000000,94010000,94010100
Brick,10006871,Plantas de cáñamo de Mauritanas (Furcraea foetida),94000000,94010000,94010100
Brick,10006886,Plantas de cáñamo Roselle (Hibiscus sabdariffa var. altissima),94000000,94010000,94010100
Brick,10006888,Plantas de fibra aramina (Musa textilis),94000000,94010000,94010100
Brick,10006872,Plantas de Henequén (Agave fourcroydes ),94000000,94010000,94010100
Brick,10006885,Plantas de Kenaf (Hibiscus cannabinus),94000000,94010000,94010100
Brick,10006873,Plantas de lechugilla o ixtle (Agave lecheguilla),94000000,94010000,94010100
Brick,10006887,Plantas de lino (Linum Usitatissimum),94000000,94010000,94010100
Brick,10006867,Plantas de lino de la India (Abroma augustum),94000000,94010000,94010100
Brick,10006870,Plantas de Maguey (Agave cantala),94000000,94010000,94010100
Brick,10006878,Plantas de ramio (Boehmeria nivea),94000000,94010000,94010100
Brick,10006875,Plantas de sisal (Agave sisalane),94000000,94010000,94010100
Brick,10006868,Plantas de yute Chinas (Abutilon avicennae),94000000,94010000,94010100
Brick,10006890,Plantas de yute del Congo (Urena lobata),94000000,94010000,94010100
Brick,10007335,Abedules africanos (Anogeissus Leiocarpa),94000000,94010000,94010300
Brick,10006911,Abeto balámico (Abies balsamea),94000000,94010000,94010300
Brick,10006921,Árboles balsámicos de Perú (Myroxylon balsamum),94000000,94010000,94010300
Brick,10006925,Árboles de Cornicabra (Pistacia terebinthus),94000000,94010000,94010300
Brick,10006923,Árboles de estoraque  (Styrax benzoin),94000000,94010000,94010300
Brick,10006910,Árboles de goma Árabe  (Acacia senegal),94000000,94010000,94010300
Brick,10006915,Árboles de Henna (Lawsonia inermis),94000000,94010000,94010300
Brick,10006918,Árboles de jara pringosa (Cistus ladanifer),94000000,94010000,94010300
Brick,10006909,Árboles de madera de agar (Aquilaria malaccensis),94000000,94010000,94010300
Brick,10006926,Árboles de Palma de cera del Quindío (Ceroxylon quindiuense),94000000,94010000,94010300
Brick,10006922,Árboles de palo de rosa de Senegal  (Pterocarpus erinaceus),94000000,94010000,94010300
Brick,10006924,Árboles del incienso (Boswelia),94000000,94010000,94010300
Brick,10006917,Árboles Kamala (Mallotus philippensis),94000000,94010000,94010300
Brick,10006914,Arbusto Ferula gummosa (Ferula gummosa),94000000,94010000,94010300
Brick,10006913,Arbusto genista (Genista tinctoria),94000000,94010000,94010300
Brick,10006920,"Arbustos de Lentisco, Entina o Mata Charneca (Pistacia lentiscus)",94000000,94010000,94010300
Brick,10007334,Plantas de caléndula africana (Tagetes Erecta),94000000,94010000,94010300
Brick,10007333,Plantas de Tara (Caesalpinia Spinosa),94000000,94010000,94010300
Brick,10006916,Plantas Indigo (Indigofera tinctoria),94000000,94010000,94010300
Brick,10006919,Plantas Rubia Roja  (Rubia tinctorum),94000000,94010000,94010300
Brick,10006892,Árboles de goma (Hevea brasiliensis),94000000,94010000,94010200
Brick,10006906,Árboles Gutapercha (Palaquium sp.),94000000,94010000,94010200
Brick,10006905,Plantas Asafétida (Ferula assa-foetida),94000000,94010000,94010200
Brick,10006908,Plantas de Diente de León Ruso (Taraxacum kok-saghyz),94000000,94010000,94010200
Brick,10006907,Plantas Guayule (Parthenium argentatum),94000000,94010000,94010200
Brick,10007517,Árboles de estricnina (Strychnos Nux-Vomica),94000000,94010000,94010800
Brick,10007514,Arbustos agridulces (Solanum Dulcamara),94000000,94010000,94010800
Brick,10007504,cornezuelo o ergot (Claviceps Purpurea),94000000,94010000,94010800
Brick,10007516,Enredaderas de flecha de Kombe (Strophantus Kombe),94000000,94010000,94010800
Brick,10007507,Hierba Datura (Datura),94000000,94010000,94010800
Brick,10007510,Mandrake plantas (Mandragora Officinarum),94000000,94010000,94010800
Brick,10007505,Plantas de azafrán de otoño (Colchicum Autumnale),94000000,94010000,94010800
Brick,10007509,Plantas de beleño (Hyoscyamus Niger),94000000,94010000,94010800
Brick,10007503,Plantas de belladona (Atropa Belladonna),94000000,94010000,94010800
Brick,10007520,Plantas de bígaro (Vinca),94000000,94010000,94010800
Brick,10007502,Plantas de cálamo (Acorus Calamus),94000000,94010000,94010800
Brick,10007512,Plantas de helecho (Pteridium Aquilinum),94000000,94010000,94010800
Brick,10007506,Plantas de lirio de los valles (Convallaria Majalis),94000000,94010000,94010800
Brick,10007511,Plantas de Mayapple (Podophyllum Peltatum),94000000,94010000,94010800
Brick,10007513,Plantas de raíz de sangre (Sanguinaria Canadensis),94000000,94010000,94010800
Brick,10007515,Plantas de sombra negra (Solanum Nigrum),94000000,94010000,94010800
Brick,10007518,Plantas de Tansy (Tanacetum Vulgare),94000000,94010000,94010800
Brick,10007508,Plantas dedalera (Digitalis Purpurea),94000000,94010000,94010800
Brick,10007501,Plantas del monasterio (Aconitum),94000000,94010000,94010800
Brick,10007519,Plantas Drimia Maritima (Urginea Maritima),94000000,94010000,94010800
Brick,10007447,Alcanfor (Cinnamomum Camphora),94000000,94010000,94010700
Brick,10007429,Árboles de ajenjo (Artemisia Arborescens),94000000,94010000,94010700
Brick,10007442,Árboles de Ipecacuana (Carapichea Ipecacuanha),94000000,94010000,94010700
Brick,10007440,Árboles de madera de vera (Bulnesia Sarmientoi),94000000,94010000,94010700
Brick,10007495,Árboles de mayo Chang (Litsea Cubeba),94000000,94010000,94010700
Brick,10007434,Árboles de Udjong Atup (Baeckea Frutescens),94000000,94010000,94010700
Brick,10007473,Árboles Yohimbe (Pausinystalia Johimbe),94000000,94010000,94010700
Brick,10007486,Arbor vitae (Thuja Occidentalis),94000000,94010000,94010700
Brick,10007425,Arbustos Ammi (Ammi),94000000,94010000,94010700
Brick,10007427,Arbustos de ajenjo africano (Artemisia Afra),94000000,94010000,94010700
Brick,10007436,Arbustos de Boronia (Boronia),94000000,94010000,94010700
Brick,10007474,Arbustos de la Rue siria (Peganum Harmala),94000000,94010000,94010700
Brick,10007498,Arbustos de pachulí (Pogostemon Cablin),94000000,94010000,94010700
Brick,10007430,Arbustos de Santonica (Artemisia Cina),94000000,94010000,94010700
Brick,10007468,Arbustos Kanuka (Kunzea),94000000,94010000,94010700
Brick,10007466,Arbustos Savin (Juniperus Sabina),94000000,94010000,94010700
Brick,10007424,Buchu (Agathosma),94000000,94010000,94010700
Brick,10007491,Cananga / Ylang Ylang (Cananga Odorata),94000000,94010000,94010700
Brick,10007467,Cedros rojos (Juniperus Virginiana),94000000,94010000,94010700
Brick,10007452,Copaiba / Dieseltrees (Copaifera Langsdorffii),94000000,94010000,94010700
Brick,10007496,Corteza de papel / Árbol de té (Melaleuca Sp.),94000000,94010000,94010700
Brick,10007493,Eucaliptos (Eucalyptus Sp.),94000000,94010000,94010700
Brick,10007492,Hierba de vetiver (Chrysopogon Zizanioides),94000000,94010000,94010700
Brick,10007446,Kina (Cinchona),94000000,94010000,94010700
Brick,10007487,Liquen de barba (Usnea),94000000,94010000,94010700
Brick,10007455,Maleferns (Dryopteris Filix-Mas),94000000,94010000,94010700
Brick,10007470,Menta de lobo  (Lycopus Europaeus),94000000,94010000,94010700
Brick,10007458,Musgo de roble (Evernia Prunastri),94000000,94010000,94010700
Brick,10007472,Onagra (Oenothera Fruticosa),94000000,94010000,94010700
Brick,10007476,Palo de rosa de Senegal (Pterocarpus Erinaceus),94000000,94010000,94010700
Brick,10007444,Plantas africanas de laburnum (Cassia Sieberiana),94000000,94010000,94010700
Brick,10007432,Plantas Asarabacca (Asarum Europaeum),94000000,94010000,94010700
Brick,10007471,Plantas Cabreuva (Myrocarpus Frondosus),94000000,94010000,94010700
Brick,10007464,Plantas Candytuft (Iberis),94000000,94010000,94010700
Brick,10007448,Plantas Colocynth (Citrullus Colocynthis),94000000,94010000,94010700
Brick,10007500,Plantas Costmary (Tanacetum Balsamita),94000000,94010000,94010700
Brick,10007478,Plantas de aceite de ricino (Ricinus communis),94000000,94010000,94010700
Brick,10007431,Plantas de ajenjo de mar (Artemisia Maritima),94000000,94010000,94010700
Brick,10007428,Plantas de ajenjo dulce (Artemisia Annua),94000000,94010000,94010700
Brick,10007438,Plantas de Bryony blanco (Bryonia Alba),94000000,94010000,94010700
Brick,10007450,Plantas de Calamint (Clinopodium Nepeta),94000000,94010000,94010700
Brick,10007480,Plantas de campanillas de Henbane (Scopolia Carniolica),94000000,94010000,94010700
Brick,10007457,Plantas de coca (Erythroxylum Coca),94000000,94010000,94010700
Brick,10007460,Plantas de curry (Helichrysum Italicum),94000000,94010000,94010700
Brick,10007451,Plantas de enredadera siria (Convolvulus Scammonia),94000000,94010000,94010700
Brick,10007456,Plantas de Epazote (Dysphania Ambrosioides),94000000,94010000,94010700
Brick,10007459,Plantas de Ginkgo Biloba (Ginkgo Biloba),94000000,94010000,94010700
Brick,10007461,Plantas de hierba de San Juan (Hypericum Perforatum),94000000,94010000,94010700
Brick,10007421,Plantas de hoja de vainilla (Achlys Triphylla),94000000,94010000,94010700
Brick,10007465,Plantas de jalap (Ipomoea Purga),94000000,94010000,94010700
Brick,10007481,Plantas de jojoba (Simmondsia Chinensis),94000000,94010000,94010700
Brick,10007494,Plantas de lavanda (Lavandula Angustifolia),94000000,94010000,94010700
Brick,10007477,Plantas de madera serpentina (Rauvolfia Serpentina),94000000,94010000,94010700
Brick,10007445,Plantas de manzanilla romana (Chamaemelum Nobile),94000000,94010000,94010700
Brick,10007420,Plantas de milenrama (Achillea Millefolium),94000000,94010000,94010700
Brick,10007433,Plantas de Milkvetch (astrágalo),94000000,94010000,94010700
Brick,10007497,Plantas de Nardus (Nardostachys Jatamansi),94000000,94010000,94010700
Brick,10007423,Plantas de ojo de faisán (Adonis Vernalis),94000000,94010000,94010700
Brick,10007422,Plantas de Paracress (Acmella Oleracea),94000000,94010000,94010700
Brick,10007475,Plantas de psyllium (plantago ovata),94000000,94010000,94010700
Brick,10007479,Plantas de rosa de Damasco (Rosa × Damascena),94000000,94010000,94010700
Brick,10007469,Plantas de Tarwi (Lupinus Mutabilis),94000000,94010000,94010700
Brick,10007488,Plantas de valeriana (Valeriana Officinalis),94000000,94010000,94010700
Brick,10007483,Plantas de vara de oro (Solidago),94000000,94010000,94010700
Brick,10007489,Plantas de verbena (verbena),94000000,94010000,94010700
Brick,10007426,Plantas de Wolf's Bane (Arnica Montana),94000000,94010000,94010700
Brick,10007490,Plantas de yuca (yuca),94000000,94010000,94010700
Brick,10007482,Plantas de zarzaparrilla (Smilax),94000000,94010000,94010700
Brick,10007454,Plantas Fraxinella (Dictamnus Albus),94000000,94010000,94010700
Brick,10007485,Plantas Wild Garmander (Teucrium Chamaedrys),94000000,94010000,94010700
Brick,10007453,Purga de plantas de Croton (Croton Tiglium),94000000,94010000,94010700
Brick,10007499,Ravensara aromática (Ravensara Aromática),94000000,94010000,94010700
Brick,10007309,Babussa Palmeras (Attalea Speciosa),94000000,94020000,94022100
Brick,10007317,Olivos (Olea Europea),94000000,94020000,94022100
Brick,10007313,Palmeras africanas de aceite (Elaeis Guineensis),94000000,94020000,94022100
Brick,10007314,Palmeras de aceite de América (Elaeis Oleifera),94000000,94020000,94022100
Brick,10007311,Plantas de cártamo (Carthamus Tinctorius),94000000,94020000,94022100
Brick,10007310,Plantas de colza / colza (Brassica Napus),94000000,94020000,94022100
Brick,10007312,Plantas de frijol de soya (Glycine Max),94000000,94020000,94022100
Brick,10007315,Plantas de girasol (Helianthus Annuus),94000000,94020000,94022100
Brick,10007316,Plantas de lino (Linum Usitatissimum),94000000,94020000,94022100
Brick,10007318,Plantas de sésamo comunes (Sesamum Indicum),94000000,94020000,94022100
Brick,10007304,Arces de azúcar (Acer Saccharum),94000000,94020000,94022000
Brick,10007305,Palmeras de azúcar (Arenga Saccharifera),94000000,94020000,94022000
Brick,10007307,Plantas de caña de azúcar (Saccharum Officinarum),94000000,94020000,94022000
Brick,10007306,Plantas de remolacha azucarera (Beta Vulgaris subsp. Vulgaris var. Altissima),94000000,94020000,94022000
Brick,10007308,Plantas de sorgo dulce (Sorghum Saccharatum),94000000,94020000,94022000
Brick,10006957,Ajo (Allium sativum),94000000,94020000,94020400
Brick,10006951,Ajo elefante (Allium ampeloprasum),94000000,94020000,94020400
Brick,10006953,Cebolla (Allium cepa),94000000,94020000,94020400
Brick,10006955,Cebolla cambray o cebollín (Allium fistulosum),94000000,94020000,94020400
Brick,10006954,"Cebolla común, de bulbos simples (sin bulbos pequeños), grandes  (Allium cepa var. Cepa)",94000000,94020000,94020400
Brick,10006952,"Chalota, echalote, carlota, chalote o escaloña (Allium ascalonicum)",94000000,94020000,94020400
Brick,10006956,Puerro Egipcio (Allium kurrat),94000000,94020000,94020400
Brick,10007279,Avena Abisinia (Avena Abyssinica),94000000,94020000,94021900
Brick,10007281,Avena negra (Avena Strigosa),94000000,94020000,94021900
Brick,10007319,Cebada (Hordeum vulgare),94000000,94020000,94021900
Brick,10007300,"espelta, trigo espelta, escaña mayor o escanda mayor (Triticum Spelta)",94000000,94020000,94021900
Brick,10007284,"lágrima de Job​, lágrimas de Moisés​, lágrimas de San Pedro, adlay, o adlai  (Coix Lacryma-Jobi)",94000000,94020000,94021900
Brick,10007285,Plantas blancas de Fonio (Digitaria Exilis),94000000,94020000,94021900
Brick,10007296,Plantas Canarias (Phalaris Canariensis),94000000,94020000,94021900
Brick,10007292,Plantas de arroz (Oryza Sativa),94000000,94020000,94021900
Brick,10007291,Plantas de arroz africanas (Oryza Glaberrima),94000000,94020000,94021900
Brick,10007303,Plantas de arroz silvestre (Zizania Aquatica),94000000,94020000,94021900
Brick,10007280,Plantas de avena (Avena Sativa),94000000,94020000,94021900
Brick,10007282,Plantas de Canagua o Coaihua (Chenopodium Pallidicaule),94000000,94020000,94021900
Brick,10007320,Plantas de centeno (Secale cereale),94000000,94020000,94021900
Brick,10007302,Plantas de maíz (Zea Mays subsp. Mays),94000000,94020000,94021900
Brick,10007293,Plantas de mijo (Panicum Spp.),94000000,94020000,94021900
Brick,10007287,Plantas de mijo japonés (Echinochloa Frumentacea),94000000,94020000,94021900
Brick,10007294,Plantas de mijo Koda o zanja (Paspalum Scrobiculatum),94000000,94020000,94021900
Brick,10007295,Plantas de mijo perla o totora (Pennisetum Glaucum),94000000,94020000,94021900
Brick,10007283,Plantas de quinua (Chenopodium quinoa),94000000,94020000,94021900
Brick,10007297,Plantas de sorgo o maicillo (sorgo bicolor),94000000,94020000,94021900
Brick,10007289,Plantas de Teff / Ingera (Eragrostis Tef),94000000,94020000,94021900
Brick,10007321,Plantas de trigo (Triticum spp.),94000000,94020000,94021900
Brick,10007299,Plantas de trigo polaco (Triticum Polonicum),94000000,94020000,94021900
Brick,10007290,Plantas de trigo sarraceno (Fagopyrum Esculentum),94000000,94020000,94021900
Brick,10007298,Plantas de triticale (Triticosecale),94000000,94020000,94021900
Brick,10007301,Plantas Kamut (Triticum Turgidum subsp. Turanicum),94000000,94020000,94021900
Brick,10007286,Plantas negras de Fonio (Digitaria Iburua),94000000,94020000,94021900
Brick,10007288,"Ragi, mijo de dedo o mijo africano (Eleusine Coracana)",94000000,94020000,94021900
Brick,10007742,"calabaza hiedra, tindola o kowai (Coccinia Grandis)",94000000,94020000,94022800
Brick,10007748,Melón cornudo (Cucumis Metuliferus),94000000,94020000,94022800
Brick,10007743,Melón Melón (Cucumis Melo var. Cantaloupensis),94000000,94020000,94022800
Brick,10007754,Plantas de calabaza (Cucurbita moschata),94000000,94020000,94022800
Brick,10007758,Plantas de calabaza chayote (Sechium Edule),94000000,94020000,94022800
Brick,10007755,Plantas de calabaza de calabaza (Lagenaria Siceraria),94000000,94020000,94022800
Brick,10007740,Plantas de calabaza de ceniza (Benincasa Hispida),94000000,94020000,94022800
Brick,10007753,Plantas de calabaza Pattypan (Cucurbita Melopepo),94000000,94020000,94022800
Brick,10007756,Plantas de luffa (luffa),94000000,94020000,94022800
Brick,10007747,Plantas de melón (Cucumis Melo var. Reticulatus),94000000,94020000,94022800
Brick,10007757,Plantas de melón amargo (Momordica Charantia),94000000,94020000,94022800
Brick,10007744,Plantas de melón Conomon (Cucumis Melo var. Conomon),94000000,94020000,94022800
Brick,10007746,Plantas de melón de invierno (Cucumis Melo var. Inodorus),94000000,94020000,94022800
Brick,10007749,Plantas de pepino (Cucumis Sativus),94000000,94020000,94022800
Brick,10007745,Plantas de pepino armenio (Cucumis Melo var. Flexuosus),94000000,94020000,94022800
Brick,10007741,Plantas de sandía (Citrullus Lunatus),94000000,94020000,94022800
Brick,10007750,Plantas gigantes de calabaza (Cucurbita maxima),94000000,94020000,94022800
Brick,10007752,"Tuétano, calabacín y otras variedades de Cucurbita Pepo (Cucurbita Pepo)",94000000,94020000,94022800
Brick,10007731,"pimiento, chile, ají o morrón (Capsicum Frutescens)",94000000,94020000,94022700
Brick,10007729,Pimientos de Cayena (Capsicum Annuum),94000000,94020000,94022700
Brick,10007735,Plantas Antroewa (Solanum Macrocarpon),94000000,94020000,94022700
Brick,10007730,Plantas de Aji (Capsicum Baccatum),94000000,94020000,94022700
Brick,10007736,Plantas de berenjena - Berenjenas (Solanum Melongena),94000000,94020000,94022700
Brick,10007732,Plantas de Goji Berry (Lycium Barbarum),94000000,94020000,94022700
Brick,10007738,Plantas de Lulo (Solanum Quitoense),94000000,94020000,94022700
Brick,10007737,Plantas de pepino (Solanum Muricatum),94000000,94020000,94022700
Brick,10007728,Plantas de pimiento (Capsicum Annuum),94000000,94020000,94022700
Brick,10007734,Plantas de tomate (Solanum Lycopersicum),94000000,94020000,94022700
Brick,10007733,Plantas de tomatillo (Physalis Philadelphica),94000000,94020000,94022700
Brick,10007739,"Plantas Wonderberrie, sunberrie (Solanum Retroflexum)",94000000,94020000,94022700
Brick,10007557,Algarrobos africanos (Parkia Biglobosa),94000000,94020000,94022300
Brick,10007558,Alubias Peteh (Parkia Speciosa),94000000,94020000,94022300
Brick,10007563,Frijoles (Phaseolus Vulgaris),94000000,94020000,94022300
Brick,10007568,Frijoles alados (Psophocarpus tetragonolobus),94000000,94020000,94022300
Brick,10007554,Nuez de tierra Plantas de guisantes (Lathyrus Tuberosus),94000000,94020000,94022300
Brick,10007550,Plantas de ala de paloma asiática (Clitoria Ternatea),94000000,94020000,94022300
Brick,10007553,Plantas de arveja dulce (Lathyrus Odoratus),94000000,94020000,94022300
Brick,10007565,"Plantas de bisalto, tirabeque (Pisum Sativum Subsp. Arvense)",94000000,94020000,94022300
Brick,10007569,Plantas de espárragos (Tetragonolobus Purpureus),94000000,94020000,94022300
Brick,10007572,Plantas de frijol ancho (Vicia Faba var. Major),94000000,94020000,94022300
Brick,10007575,Plantas de frijol de arroz (Vigna Umbellata),94000000,94020000,94022300
Brick,10007570,Plantas de frijol de campo (Vicia Faba subsp. Menor),94000000,94020000,94022300
Brick,10007548,"Plantas de frijol espada, haba espada (Canavalia Gladiata)",94000000,94020000,94022300
Brick,10007551,Plantas de frijol guar (Cyamopsis Tetragonoloba),94000000,94020000,94022300
Brick,10007547,Plantas de frijol Jack (Canavalia Ensiformis),94000000,94020000,94022300
Brick,10007561,Plantas de frijol lima (Phaseolus Lunatus),94000000,94020000,94022300
Brick,10007574,Plantas de frijol mungo (Vigna Radiata),94000000,94020000,94022300
Brick,10007559,Plantas de frijol Tepari (Phaseolus Acutifolius),94000000,94020000,94022300
Brick,10007556,Plantas de frijol terciopelo (Mucuna Pruriens),94000000,94020000,94022300
Brick,10007577,Plantas de frijol Yard Long (Vigna Unguiculata subsp. Sesquipedalis),94000000,94020000,94022300
Brick,10007549,Plantas de garbanzo (Cicer Arietinum),94000000,94020000,94022300
Brick,10007576,Plantas de guisante de ojos negros (Vigna Unguiculata),94000000,94020000,94022300
Brick,10007544,Plantas de guisantes (Cajanus Cajan),94000000,94020000,94022300
Brick,10007564,Plantas de guisantes de jardín (Pisum Sativum),94000000,94020000,94022300
Brick,10007567,Plantas de guisantes de nieve (Pisum Sativum var. Saccharatum),94000000,94020000,94022300
Brick,10007571,Plantas de haba de caballo (Vicia Faba var. Equina),94000000,94020000,94022300
Brick,10007560,Plantas de judías verdes (Phaseolus Coccineus),94000000,94020000,94022300
Brick,10007555,Plantas de lentejas (Lens Culinaris),94000000,94020000,94022300
Brick,10007562,Plantas francesas y de cera (Phaseolus Vulgaris),94000000,94020000,94022300
Brick,10007573,"udía, frijol o poroto adzuki (o azuki) y también a veces como soja roja (Vigna Angularis)",94000000,94020000,94022300
Brick,10007552,Zarandaja/judía de Egipto (Lablab purpureus),94000000,94020000,94022300
Brick,10006942,Cydonia (Cydonia oblonga),94000000,94020000,94020300
Brick,10006944,Manzano (Malus domestica),94000000,94020000,94020300
Brick,10006945,"Manzano silvestre, manzano silvestre europeo (Malus sylvestris)",94000000,94020000,94020300
Brick,10006946,"Níspero europeo o níspero, (Mespilus germanica)",94000000,94020000,94020300
Brick,10006943,Níspero japonés o níspero (Eriobotrya japonica),94000000,94020000,94020300
Brick,10006948,Peral europeo o peral común (Pyrus communis),94000000,94020000,94020300
Brick,10006950,"Peral Ussurio, Harbio o Manchurio  (Pyrus ussuriensis)",94000000,94020000,94020300
Brick,10006949,"Peral, pera asiática, nashi, japonesa, coreana, de Taiwán, arena, manzana, asiática (Pyrus pyrifolia)",94000000,94020000,94020300
Brick,10006947,"Peral, pera ya, pera china blanca (Pyrus bretschneideri)",94000000,94020000,94020300
Brick,10007214,Árboles de cacao (Theobroma cacao),94000000,94020000,94021800
Brick,10007774,Árboles de Quina (Cinchona),94000000,94020000,94021800
Brick,10007221,Árboles Imbe (Garcinia livingstonei),94000000,94020000,94021800
Brick,10007217,Arbustos de café (Coffea),94000000,94020000,94021800
Brick,10007223,Arbustos de Kava (Piper methysticum),94000000,94020000,94021800
Brick,10007232,Arbustos de té (Camellia sinensis),94000000,94020000,94021800
Brick,10007212,Asam Gelugurtrees (Garcinia atroviridis),94000000,94020000,94021800
Brick,10007226,"Moringa oleifera, moringa o ben  (Moringa oleifera)",94000000,94020000,94021800
Brick,10007235,Palmeras de Vino (Jubaea),94000000,94020000,94021800
Brick,10007216,Plantas de Aloe del Cabo (Aloe ferox),94000000,94020000,94021800
Brick,10007231,Plantas de aloe socotrina (Aloe perryi),94000000,94020000,94021800
Brick,10007211,Plantas de aloe vera (aloe vera),94000000,94020000,94021800
Brick,10007233,Plantas de árbol de té (Leptospermum),94000000,94020000,94021800
Brick,10007224,Plantas de centaurea (Centaurea),94000000,94020000,94021800
Brick,10007219,Plantas de guaraná (Paullinia cupana),94000000,94020000,94021800
Brick,10007218,Plantas de helenio (Inula helenium),94000000,94020000,94021800
Brick,10007222,Plantas de jazmín (Jasminum officinale),94000000,94020000,94021800
Brick,10007225,Plantas de Ledum (Ledum groenlandicum),94000000,94020000,94021800
Brick,10007220,Plantas de lúpulo (Humulus lupulus),94000000,94020000,94021800
Brick,10007215,Plantas de manzanilla (Matricaria chamomilla),94000000,94020000,94021800
Brick,10007228,"Plantas de roselle, flor de Jamaica (Hibiscus sabdariffa)",94000000,94020000,94021800
Brick,10007236,Plantas de uva de vinificación (Vitis vinifera),94000000,94020000,94021800
Brick,10007234,Plantas de violeta (viola),94000000,94020000,94021800
Brick,10007237,Plantas de yerba mate (Ilex paraguariensis),94000000,94020000,94021800
Brick,10007227,Plantas Rooibos (Aspalathus linearis),94000000,94020000,94021800
Brick,10007229,Rosales (Rosa),94000000,94020000,94021800
Brick,10007230,"Sen de Alejandría​, Plantas de Senna (Senna alexandrina)",94000000,94020000,94021800
Brick,10007213,Tilia americana (Tilia),94000000,94020000,94021800
Brick,10007049,Acerola / Barbados-cerezos (Malpighia emarginata),94000000,94020000,94020500
Brick,10007064,Arándanos (Vaccinium myrtillus),94000000,94020000,94020500
Brick,10007060,Árboles de servicio (Sorbus domestica),94000000,94020000,94020500
Brick,10007780,Arbusto de grosella negra (Ribes Nigrum),94000000,94020000,94020500
Brick,10007040,Arbustos Amelanchier (Amelanchier),94000000,94020000,94020500
Brick,10007062,Arbustos de arándano americano (Vaccinium macrocarpon),94000000,94020000,94020500
Brick,10007061,Arbustos de Arándano Azul / Cascada (Vaccinium deliciosum),94000000,94020000,94020500
Brick,10007063,Arbustos de arándano negro (Vaccinium membranaceum),94000000,94020000,94020500
Brick,10007066,Arbustos de arándano rojo (Vaccinium parvifolium),94000000,94020000,94020500
Brick,10007068,Arbustos de arándano rojo / arándano rojo (Vaccinium vitis-idaea),94000000,94020000,94020500
Brick,10007067,Arbustos de arándanos (Vaccinium sect. Cyanococcus),94000000,94020000,94020500
Brick,10007043,Arbustos de bayas de asfixia (Aronia),94000000,94020000,94020500
Brick,10007058,Arbustos de bayas de cinco sabores (Schisandra chinensis),94000000,94020000,94020500
Brick,10007046,Arbustos de bayas de cuervo (Empetrum nigrum),94000000,94020000,94020500
Brick,10007044,Arbustos de espino (Crataegus),94000000,94020000,94020500
Brick,10007048,Arbustos de espino cerval de mar (Hippophae),94000000,94020000,94020500
Brick,10007050,Arbustos de grosella dorada (Ribes aureum),94000000,94020000,94020500
Brick,10007784,Arbustos de grosella espinosa (Ribes Uva-Crispa),94000000,94020000,94020500
Brick,10007778,Arbustos de grosella espinosa americana (Ribes Hirtellum),94000000,94020000,94020500
Brick,10007782,Arbustos de grosella roja (Ribes Rubrum),94000000,94020000,94020500
Brick,10007051,Arbustos de mora ártica (Rubus flagellaris),94000000,94020000,94020500
Brick,10007787,Arbustos de morera (Rubus Chamaemorus),94000000,94020000,94020500
Brick,10007057,Arbustos de saúco (Sambucus),94000000,94020000,94020500
Brick,10007054,Arbustos de Tayberry (híbridos Rubus Tayberry),94000000,94020000,94020500
Brick,10007786,Arbustos Jostaberry (Ribes X Nidigrolaria),94000000,94020000,94020500
Brick,10007056,Bayas de Logan (Rubus x loganobaccus),94000000,94020000,94020500
Brick,10007042,Bayas de oso (Arctostaphylos uva-ursi),94000000,94020000,94020500
Brick,10007045,Eleano gris/baya plateada de fresa (Elaeagnus multiflora),94000000,94020000,94020500
Brick,10007041,Madroño (Arbutus menziesii),94000000,94020000,94020500
Brick,10007069,"nannyberry, la oveja o el viburnum dulce (Viburnum lentago)",94000000,94020000,94020500
Brick,10007065,Pequeños arbustos de arándano (Vaccinium oxycoccos),94000000,94020000,94020500
Brick,10007055,Plantas de bayas de Boysen (Rubus ursinus),94000000,94020000,94020500
Brick,10007053,Plantas de frambuesa (Rubus idaeus),94000000,94020000,94020500
Brick,10007047,Plantas de Fresas (Fragaria x ananassa),94000000,94020000,94020500
Brick,10007070,Plantas de mesa (Vitis sp.),94000000,94020000,94020500
Brick,10007052,Plantas de mora (Rubus fruticosus),94000000,94020000,94020500
Brick,10007788,Plantas de uvas (Rubus Phoenicolasius),94000000,94020000,94020500
Brick,10007059,Sorbas (Sorbus aucuparia),94000000,94020000,94020500
Brick,10007210,Plantas de maní (Arachis hypogaea),94000000,94020000,94021700
Brick,10007207,Plantas de maní americano (Apios americana),94000000,94020000,94021700
Brick,10007208,Plantas de maní Bambara (Vigna subterranea),94000000,94020000,94021700
Brick,10007209,Plantas de maní Hausa (Macrotyloma geocarpum),94000000,94020000,94021700
Brick,10006932,"Árboles de anón, chirimorinon, achta (Annona x atemoya)",94000000,94020000,94020100
Brick,10006931,"Árboles de anón, riñón, anona o saramuyo (Annona squamosa)",94000000,94020000,94020100
Brick,10006930,"Árboles de anona roja, anona corazón, corazón de buey (Annona reticulata)",94000000,94020000,94020100
Brick,10006933,"Árboles de baanano de montaña, asimina, pawpaw (Asimina)",94000000,94020000,94020100
Brick,10006927,Árboles de Cherimoya (Annona cherimola),94000000,94020000,94020100
Brick,10006929,Árboles de Guanábana (Annona muricata),94000000,94020000,94020100
Brick,10006928,Árboles Ilama (Annona diversifolia),94000000,94020000,94020100
Brick,10007071,"Aegle marmelos, Bael (Aegle marmelos)",94000000,94020000,94020600
Brick,10007077,Árboles de la India (Citrus limettioides),94000000,94020000,94020600
Brick,10007082,Árboles de Mandarina (Citrus x reticulata),94000000,94020000,94020600
Brick,10007084,Árboles de Minneola (Citrus x tangelo),94000000,94020000,94020600
Brick,10007085,Árboles de Papeda (Citrus papeda),94000000,94020000,94020600
Brick,10007075,"Árboles de pomelo, toronja (Citrus paradisi)",94000000,94020000,94020600
Brick,10007092,Árboles de Wampee (Clausena lansium),94000000,94020000,94020600
Brick,10007087,Árboles Satsuma (Citrus reticulata 'Satsuma'),94000000,94020000,94020600
Brick,10007072,Calamondina o planta de naranjo miniatura (Citrofortunella microcarpa),94000000,94020000,94020600
Brick,10007073,"Cidro, citrones  (Citrus medica)",94000000,94020000,94020600
Brick,10007074,Clementinas (Citrus clementina),94000000,94020000,94020600
Brick,10007079,"Kumquat, fortunella japonica (Citrus japonica)",94000000,94020000,94020600
Brick,10007080,Limoneros (Citrus limon),94000000,94020000,94020600
Brick,10007091,Mandarinas (Citrus tangerina),94000000,94020000,94020600
Brick,10007088,Naranjos agrios (Citrus aurantium),94000000,94020000,94020600
Brick,10007090,Naranjos dulces (Citrus sinensis),94000000,94020000,94020600
Brick,10007076,Naranjos resistentes (Poncirus trifolata),94000000,94020000,94020600
Brick,10007078,"Rey  mandarino, árbol de mandarina  (Citrus nobilis)",94000000,94020000,94020600
Brick,10007081,Tilos (Citrus latifolia),94000000,94020000,94020600
Brick,10007089,"Tilos dulces, árbol de limón dulce (Citrus limetta)",94000000,94020000,94020600
Brick,10007083,"Tilos mexicanos, árboles de limón mexicano (Citrus aurantifolia)",94000000,94020000,94020600
Brick,10007086,Toronjo (Citrus maxima),94000000,94020000,94020600
Brick,10007149,Arándano rojo (Phyllanthus acidus),94000000,94020000,94021400
Brick,10007145,"Árboles Bignay, laurel chino o salamandra (Antidesma bunius)",94000000,94020000,94021400
Brick,10007148,"Baccaurea motleyana, Rambai (Baccaurea motleyana)",94000000,94020000,94021400
Brick,10007147,Grosellas indias (Phyllanthus emblica),94000000,94020000,94021400
Brick,10007150,Tampoi (Baccaurea macrocarpa),94000000,94020000,94021400
Brick,10007146,Uvas birmanas (Baccaurea ramiflora),94000000,94020000,94021400
Brick,10007138,Árboles de lúcuma (Pouteria lucuma),94000000,94020000,94021300
Brick,10007143,Árboles mamey amarillos (Mammea americana),94000000,94020000,94021300
Brick,10007139,Mamey Sapote (Pouteria sapota),94000000,94020000,94021300
Brick,10007141,Manzano estrella (Chrysophyllum cainito),94000000,94020000,94021300
Brick,10007137,Manzano estrella africano / manzano blanco (Chrysophyllum albidum),94000000,94020000,94021300
Brick,10007144,Sapote amarillo (Pouteria campechiana),94000000,94020000,94021300
Brick,10007142,Zapote blanco (Casimiroa edulis),94000000,94020000,94021300
Brick,10007140,Zapotes (Manilkara zapota),94000000,94020000,94021300
Brick,10007159,Árboles Chempedak (entero Artocarpus),94000000,94020000,94021500
Brick,10007152,Árboles de aguacate (Persea americana),94000000,94020000,94021500
Brick,10007174,Árboles de Mabolo (Diospyros decoloración),94000000,94020000,94021500
Brick,10007175,Árboles de mangostán (Garcinia mangostana),94000000,94020000,94021500
Brick,10007179,Árboles de noni (Morinda citrifolia),94000000,94020000,94021500
Brick,10007183,Árboles de Santol (Sandoricum koetjape),94000000,94020000,94021500
Brick,10007791,Árboles del pan (Artocarpus Altilis),94000000,94020000,94021500
Brick,10007169,"Árboles Jengkol, Djenkol o Jering  (Archidendron jiringa)",94000000,94020000,94021500
Brick,10007165,Azufaifa india (Ziziphus mauritiana),94000000,94020000,94021500
Brick,10007160,"azufaifo chino, jinjolero o planta de la yuyuba (Ziziphus jujuba)",94000000,94020000,94021500
Brick,10007153,Barbadina / Granadilla gigante (Passiflora quadrangularis),94000000,94020000,94021500
Brick,10007154,Bayberry (Myrica),94000000,94020000,94021500
Brick,10007155,Bilimbitros (Averrhoa bilimbi),94000000,94020000,94021500
Brick,10007151,caqui de Virginia o caqui americano  (Diospyros virginiana),94000000,94020000,94021500
Brick,10007158,Carambola - árboles de carambola (Averrhoa carambola),94000000,94020000,94021500
Brick,10007168,Cerezos de Jamaica (Muntingia calabura),94000000,94020000,94021500
Brick,10007166,Ciruelos indios (Flacourtia indica),94000000,94020000,94021500
Brick,10007161,Copoazú (Theobroma grandiflora),94000000,94020000,94021500
Brick,10007792,Curabas (Passiflora Mollissima),94000000,94020000,94021500
Brick,10007170,"Diospyros kaki, el caqui o palosanto (Diospyros kaki)",94000000,94020000,94021500
Brick,10007162,"Durian, durión (Durio zibethinus)",94000000,94020000,94021500
Brick,10007182,Granada (Punica granatum),94000000,94020000,94021500
Brick,10007184,Granadilla dulce (Passiflora ligularis),94000000,94020000,94021500
Brick,10007164,"Guamachil, tamarindo de Manila (Pithecellobium dulce)",94000000,94020000,94021500
Brick,10007163,Higueras (Ficus carica),94000000,94020000,94021500
Brick,10007167,Jaca / Nanka (Artocarpus heterophyllus),94000000,94020000,94021500
Brick,10007171,Kiwis (Actinidia deliciosa),94000000,94020000,94021500
Brick,10007172,"Kokum, Garcinia indica (Garcinia indica)",94000000,94020000,94021500
Brick,10007173,Langsat o lanzón (Lansium domesticum),94000000,94020000,94021500
Brick,10007176,Maracuyá (Passiflora edulis),94000000,94020000,94021500
Brick,10007178,Moreras o morus alba (Morus),94000000,94020000,94021500
Brick,10007180,Papayas (Carica papaya),94000000,94020000,94021500
Brick,10007177,Papayas de montaña (Vasconcellea pubescens),94000000,94020000,94021500
Brick,10007181,Plantas de piña (Ananas comosus),94000000,94020000,94021500
Brick,10007185,"Tamarillo, tomate de árbol (Cyphomandra betacea)",94000000,94020000,94021500
Brick,10007186,Tamarindo o dátiles indios (Tamarindus indica),94000000,94020000,94021500
Brick,10007157,"uchuva, aguaymanto, uvilla o ushun (Physalis peruviana)",94000000,94020000,94021500
Brick,10007156,Zapote negro (Diospyros digyna),94000000,94020000,94021500
Brick,10007110,Cocoteros (Cocos nucifera),94000000,94020000,94020900
Brick,10007109,Palmera de azaí (Euterpe oleracea),94000000,94020000,94020900
Brick,10007111,Palmeras datileras (Phoenix dactylifera),94000000,94020000,94020900
Brick,10007112,Palmyra palmeras (Borassus),94000000,94020000,94020900
Brick,10007113,Salak (Salacca edulis),94000000,94020000,94020900
Brick,10007093,"albaricoque, damasco, albergero o chabacano (Prunus armeniaca)",94000000,94020000,94020700
Brick,10007095,Árboles de Greengage (Prunus domestica ssp. Italica),94000000,94020000,94020700
Brick,10007096,Árboles de nectarina (Prunus persica var nucipersica),94000000,94020000,94020700
Brick,10007100,Árboles híbridos interespecíficos de Prunus (híbridos de Prunus),94000000,94020000,94020700
Brick,10007102,Cherrie amargos (Prunus cerasus),94000000,94020000,94020700
Brick,10007103,Cherrie dulce (Prunus avium),94000000,94020000,94020700
Brick,10007094,Ciruelo silvestre (Prunus domestica subsp. insititia),94000000,94020000,94020700
Brick,10007099,Ciruelos (Prunus domestica),94000000,94020000,94020700
Brick,10007101,Endrino (Prunus spinosa),94000000,94020000,94020700
Brick,10007098,Melocotoneros (Prunus persica),94000000,94020000,94020700
Brick,10007097,Paraguayo (Prunus persica var. Platycarpa),94000000,94020000,94020700
Brick,10007135,Árboles de rambután (Nephelium lappaceum),94000000,94020000,94021200
Brick,10007133,Árboles longan (Dimocarpus longan),94000000,94020000,94021200
Brick,10007132,"Blighia sapida, akee o ackee  (Blighia sapida)",94000000,94020000,94021200
Brick,10007134,Lichis (Litchi chinensis),94000000,94020000,94021200
Brick,10007776,"Mamoncillo, mamón, quenepa, anoncillo, mojón, huaya, maco, cojoncillo, chupalotes, guaretones, mamalón, chupones, güevillos o limoncillo(Meliococcus Bijgatus)",94000000,94020000,94021200
Brick,10007136,Tavas (Pometia pinnata),94000000,94020000,94021200
Brick,10007125,Árboles de caja (Spondias mombin),94000000,94020000,94021100
Brick,10007131,Árboles de mombril púrpura (Spondias purpurea),94000000,94020000,94021100
Brick,10007124,Argus faisán árboles (Dracontomelon dao),94000000,94020000,94021100
Brick,10007123,Ciruelo de Filipinas (Spondias dulcis),94000000,94020000,94021100
Brick,10007126,"Gandaria, ciruelos marianos (Bouea macrophylla)",94000000,94020000,94021100
Brick,10007128,Kuwini (Mangifera odorata),94000000,94020000,94021100
Brick,10007129,Mangos (Mangifera indica),94000000,94020000,94021100
Brick,10007127,Mangos de caballo (Mangifera foetida),94000000,94020000,94021100
Brick,10007130,Marula (Sclerocarya birrea),94000000,94020000,94021100
Brick,10007790,Umbu / Brazilia Ciruelos (Spondias Tuberosa),94000000,94020000,94021100
Brick,10007108,Pitaya amarilla (Selenicereus megalanthus),94000000,94020000,94020800
Brick,10007107,Pitaya de pulpa blanca o pitaya (Hylocereus undatus),94000000,94020000,94020800
Brick,10007105,Pitaya dulce o pitaya de Costa Rica (Hylocereus costaricensis),94000000,94020000,94020800
Brick,10007106,Pitayas ácidas (Stenocereus),94000000,94020000,94020800
Brick,10007104,Plantas de higo de cactus (Opuntia ficus-indica),94000000,94020000,94020800
Brick,10007114,Árboles de feijoa (Feijoa sellowiana),94000000,94020000,94021000
Brick,10007115,Árboles de guayaba (Psidium guajava),94000000,94020000,94021000
Brick,10007121,guayabo-fresa o arazá (Psidium cattleianum),94000000,94020000,94021000
Brick,10007116,Jabuticaba (Myrciaria cauliflora),94000000,94020000,94021000
Brick,10007117,jambul o jambolán (Syzygium cumini),94000000,94020000,94021000
Brick,10007119,Ma-kiangtrees (Cleistocalyx operculatus var. paniala),94000000,94020000,94021000
Brick,10007122,Manzanos de agua (Syzygium aqueum),94000000,94020000,94021000
Brick,10007118,Manzanos Java (Syzygium samarangense),94000000,94020000,94021000
Brick,10007120,Rosales de malaya (Syzygium malaccense),94000000,94020000,94021000
Brick,10007187,Almendros (Prunus dulcis var. Dulcis),94000000,94020000,94021600
Brick,10007189,Almendros amargos (Prunus dulcis var. Amara),94000000,94020000,94021600
Brick,10007197,Almendros de Java (Canarium indicum),94000000,94020000,94021600
Brick,10007196,Almendros malabar (Terminalia catappa),94000000,94020000,94021600
Brick,10007192,Anacardo (Anacardium occidentale),94000000,94020000,94021600
Brick,10007190,Árboles de Brasil (Bertholletia excelsa),94000000,94020000,94021600
Brick,10007199,Árboles de macadamia (Macadamia ternifolia),94000000,94020000,94021600
Brick,10007200,Árboles monosypot (Lecythis ollaria),94000000,94020000,94021600
Brick,10007201,Árboles Mozinda (Treculia africana),94000000,94020000,94021600
Brick,10007195,Avellanos (Corylus avellana),94000000,94020000,94021600
Brick,10007193,Castaños (Castanea sativa),94000000,94020000,94021600
Brick,10007194,Chinquapin (Castanopsis),94000000,94020000,94021600
Brick,10007206,Karité (Vitellaria paradoxa),94000000,94020000,94021600
Brick,10007191,Mantequilla o nueces de Swarri (Caryocar nuciferum),94000000,94020000,94021600
Brick,10007198,Nuez de cola o nuez de Sudán (Cola acuminata),94000000,94020000,94021600
Brick,10007188,"Palmeras de betel, palmeras de areca (Areca catechu)",94000000,94020000,94021600
Brick,10007202,Paraíso o nueces de sapucaia (Lecythis zabucajo),94000000,94020000,94021600
Brick,10007203,Pecano (Carya illinoinensis),94000000,94020000,94021600
Brick,10007204,Pinos (Pinus pinea),94000000,94020000,94021600
Brick,10007205,Pistachos (Pistacia vera),94000000,94020000,94021600
Brick,10006935,"Árbol bananero de Etiopía, Absinia, fanana falsa o ensete (Ensete ventricosum)",94000000,94020000,94020200
Brick,10006934,Árboles snowbanana (Ensete glaucum),94000000,94020000,94020200
Brick,10006938,Arbustos babybanana  (Musa acuminata – AA),94000000,94020000,94020200
Brick,10006940,Arbustos banana Latundan (o manzana) (Musa acuminata × M. balbisiana (AAB Group) Silk),94000000,94020000,94020200
Brick,10006939,Arbustos banana Red Dacca  (Musa acuminata – AAA var. Rubra),94000000,94020000,94020200
Brick,10006937,Arbustos de banana Cavendish (Musa acuminata – AAA),94000000,94020000,94020200
Brick,10006941,Arbustos de banana Lacatan (Musa acuminata × M. balbisiana – AA Group-  Lakatan),94000000,94020000,94020200
Brick,10006936,Arbustos de banano (Musa x paradisiaca – AAB),94000000,94020000,94020200
Brick,10007700,"escaravía, chirivía de azúcar, escaravía tudesca o sisaro (Sium Sisarum)",94000000,94020000,94022500
Brick,10007703,Frijoles africanos de ñame (Sphenostylis Stenocarpa),94000000,94020000,94022500
Brick,10007681,"ñame de agua, ñame alado, ube o ubi (Dioscorea Alata)",94000000,94020000,94022500
Brick,10007684,Nombre de plantas de Mapuey (Dioscorea Trifida),94000000,94020000,94022500
Brick,10007677,nuez del Tigre (Cyperus Esculentus),94000000,94020000,94022500
Brick,10007697,"Plantas Daikon, rabano de invierno (Raphanus Sativus var. Longipinnatus)",94000000,94020000,94022500
Brick,10007694,Plantas de Ajipo (Pachyrhizus Tuberosus),94000000,94020000,94022500
Brick,10007687,Plantas de alcachofa de Jerusalén (Helianthus Tuberosus),94000000,94020000,94022500
Brick,10007668,Plantas de apio (Apium Graveolens),94000000,94020000,94022500
Brick,10007672,Plantas de Arracacha (Arracacia Xanthorrhiza),94000000,94020000,94022500
Brick,10007690,Plantas de arrurruz (Maranta Arundinacea),94000000,94020000,94022500
Brick,10007688,Plantas de batata (Ipomoea Batatas),94000000,94020000,94022500
Brick,10007685,Plantas de castaño de agua (Eleocharis Dulcis),94000000,94020000,94022500
Brick,10007693,Plantas de frijol Jicama (Pachyrhizus Erosus),94000000,94020000,94022500
Brick,10007708,Plantas de jengibre (Zingiber Officinale),94000000,94020000,94022500
Brick,10007667,"Plantas de Konjac, konjak, konjacu (Amorphophallus Konjac)",94000000,94020000,94022500
Brick,10007691,Plantas de loto (Nelumbo Nucifera),94000000,94020000,94022500
Brick,10007680,Plantas de ñame (Dioscorea Esculenta),94000000,94020000,94022500
Brick,10007692,Plantas de Oca (Oxalis Tuberosa),94000000,94020000,94022500
Brick,10007702,Plantas de papa (Solanum Tuberosum),94000000,94020000,94022500
Brick,10007695,Plantas de pastinaca (Pastinaca Sativa),94000000,94020000,94022500
Brick,10007683,Plantas de patata de aire (Dioscorea Bulbifera),94000000,94020000,94022500
Brick,10007696,Plantas de rábano común (Raphanus Sativus),94000000,94020000,94022500
Brick,10007698,Plantas de rábano de invierno (Raphanus Sativus var. Níger),94000000,94020000,94022500
Brick,10007670,Plantas de raíz de gobo / bardana (Arctium Lappa),94000000,94020000,94022500
Brick,10007704,Plantas de salsas / ostras (Tragopogon Porrifolius),94000000,94020000,94022500
Brick,10007707,Plantas de tannia (Xanthosoma Sagittifolium),94000000,94020000,94022500
Brick,10007675,Plantas de taro (Colocasia Esculenta),94000000,94020000,94022500
Brick,10007706,Plantas de Ulluco (Ullucus Tuberosus),94000000,94020000,94022500
Brick,10007701,Plantas de yacón (Smallanthus Sonchifolius),94000000,94020000,94022500
Brick,10007689,Plantas de yuca (Manihot Esculenta),94000000,94020000,94022500
Brick,10007678,Plantas de zanahoria (Daucus Carota),94000000,94020000,94022500
Brick,10007674,Plantas Eddo (Colocasia Antiquorum),94000000,94020000,94022500
Brick,10007665,Plantas gigantes de taro (Alocasia macrorrhizos),94000000,94020000,94022500
Brick,10007705,Plantas Mashua (Tropaeolum Tuberosum),94000000,94020000,94022500
Brick,10007699,Plantas Scorzonera (Scorzonera Hispanica),94000000,94020000,94022500
Brick,10007673,Remolacha Roja / Plantas de Remolacha (Beta Vulgaris Subsp. Vulgaris var. Conditiva),94000000,94020000,94022500
Brick,10007795,Mizuna / plantas de mostaza japonesa (Brassica Rapa Subsp. Nipposinica),94000000,94020000,94023200
Brick,10007797,Plantas de berro (Lepidium Sativum),94000000,94020000,94023200
Brick,10007798,Plantas de berros (capuchina officinale),94000000,94020000,94023200
Brick,10007779,Plantas de Choy Sum (Brassica Chinensis var. Parachinensis),94000000,94020000,94023200
Brick,10007777,Plantas de cohetes (Eruca Sativa),94000000,94020000,94023200
Brick,10007796,Plantas de col china (Brassica Pekinensis),94000000,94020000,94023200
Brick,10007781,Plantas de mostaza de hoja / Sarepta (Brassica Juncea),94000000,94020000,94023200
Brick,10007793,Plantas Komatsuna (Brassica Perviridis),94000000,94020000,94023200
Brick,10007794,Plantas Mibuna (Brassica Rapa Japonica),94000000,94020000,94023200
Brick,10007785,Plantas Pak Choy (Brassica Chinensis),94000000,94020000,94023200
Brick,10007783,Plantas Tatsoi (Brassica Narinosa),94000000,94020000,94023200
Brick,10007789,Plantas verdes Collard (Brassica oleracea var. Viridis),94000000,94020000,94023200
Brick,10007769,Endivia belga / plantas Witloof (Cichorium Intybus var. Foliosum),94000000,94020000,94023000
Brick,10007767,Plantas de achicoria de raíz (Cichorium Intybus var. Sativum),94000000,94020000,94023000
Brick,10007764,Plantas de endivia (Cichorium Endivia),94000000,94020000,94023000
Brick,10007766,Plantas de Pan de Azúcar (Cichorium Intybus var. Foliosum),94000000,94020000,94023000
Brick,10007765,Plantas de Radicchio Rosso (Cichorium Intybus var. Foliosum),94000000,94020000,94023000
Brick,10007770,Plantas Puntarelle (Cichorium Intybus Gr. Catalugna),94000000,94020000,94023000
Brick,10007801,Plantas de acelga (Beta Vulgaris Subsp. Vulgaris var. Cicla),94000000,94020000,94023300
Brick,10007799,Plantas de amaranto (amaranto),94000000,94020000,94023300
Brick,10007802,Plantas de espinacas (Spinacia oleracea),94000000,94020000,94023300
Brick,10007800,Plantas Orache (Atriplex),94000000,94020000,94023300
Brick,10007771,Cabeza de plantas de lechuga (Lactuca Sativa var. Capitata),94000000,94020000,94023100
Brick,10007775,Plantas de Celtuce (Lactuca Sativa var. Angustana),94000000,94020000,94023100
Brick,10007773,Plantas de lechuga de hoja (Lactuca Sativa var. Crispa),94000000,94020000,94023100
Brick,10007772,Plantas de lechuga romana / cos (Lactuca Sativa var. Romana),94000000,94020000,94023100
Brick,10007807,Acedera- Plantas de muelle (Rumex Acetosa),94000000,94020000,94023400
Brick,10007803,Chaya (Cnidoscolus Aconitifolius),94000000,94020000,94023400
Brick,10007808,Plantas de espinaca de Nueva Zelanda (Tetragonia Tetragonioides),94000000,94020000,94023400
Brick,10007804,Plantas de lechuga de cordero (Valerianella Locusta),94000000,94020000,94023400
Brick,10007805,Plantas de Ong Choy / Kangkung (Ipomoea Aquatica),94000000,94020000,94023400
Brick,10007809,Plantas de puerro (Allium Porrum),94000000,94020000,94023400
Brick,10007806,Verdolaga plantas (Portulaca oleracea),94000000,94020000,94023400
Brick,10007911,Anís estrellado (Illicium Verum),94000000,94020000,94023600
Brick,10007880,Árbol de canela (Cinnamomum verum),94000000,94020000,94023600
Brick,10007878,Árbol de canela cassia (Cinnamomum cassia),94000000,94020000,94023600
Brick,10007872,Árbol de cardamomo negro (Amomum subulatum),94000000,94020000,94023600
Brick,10007881,Árbol de clavo (Syzygium aromaticum),94000000,94020000,94023600
Brick,10007886,Árbol de galanga (Alpinia galanga),94000000,94020000,94023600
Brick,10007871,Árbol de onoto/achiote (Bixa orellana),94000000,94020000,94023600
Brick,10007875,Árbol de pimienta brasileña (Schinus terebinthifolia),94000000,94020000,94023600
Brick,10007867,Árbol de pimientos africanos (Xylopia aethiopica),94000000,94020000,94023600
Brick,10007893,Árbol de regaliz (Glycyrrhiza glabra),94000000,94020000,94023600
Brick,10007898,Árboles de montaña-horopito (Pseudowintera Colorata),94000000,94020000,94023600
Brick,10007889,Árboles indonesios de laurel (Eugenia Polyantha),94000000,94020000,94023600
Brick,10007895,Árboles Mahleb (Prunus Mahaleb),94000000,94020000,94023600
Brick,10007901,Árboles Njangsa (Ricinodendron Heudelotii),94000000,94020000,94023600
Brick,10007918,Árboles Vitex (Vitex Agnus-Castus),94000000,94020000,94023600
Brick,10007870,Arbusto amargo (Quassia amara),94000000,94020000,94023600
Brick,10007876,Arbustos de alcaparra (Capparis Spinosa),94000000,94020000,94023600
Brick,10007910,Arbustos de madera del sur (Artemisia Abrotanum),94000000,94020000,94023600
Brick,10007913,Arbustos de pimienta de Tasmania (Drimys Lanceolata),94000000,94020000,94023600
Brick,10007907,Azafrán (Crocus Sativus),94000000,94020000,94023600
Brick,10007887,Cardamomo verde (Elettaria Cardamomum),94000000,94020000,94023600
Brick,10007890,Enebro (Juniperus Communis),94000000,94020000,94023600
Brick,10007906,Majorana plantas de maceta (Origanum Onites),94000000,94020000,94023600
Brick,10007900,"Nigella / plantas de alcaravea negra, comino negro (Nigella Sativa)",94000000,94020000,94023600
Brick,10007902,Nuez moscada (Myristica Fragrans),94000000,94020000,94023600
Brick,10007903,Pandano (Pandanus Utilis),94000000,94020000,94023600
Brick,10007909,"pimienta japonesa, ceniza espinosa japonesa o pimienta coreana (Zanthoxylum)",94000000,94020000,94023600
Brick,10007904,Pimientos rosados ​​/ peruanos (Schinus Molle),94000000,94020000,94023600
Brick,10007882,Plantas Cubeb (Piper Cubeba),94000000,94020000,94023600
Brick,10007868,Plantas de ajwain (Trachyspermum ammi),94000000,94020000,94023600
Brick,10007877,Plantas de alcaravea (Carum carvi),94000000,94020000,94023600
Brick,10007905,Plantas de amapola (Papaver Somniferum),94000000,94020000,94023600
Brick,10007879,Plantas de camaleón (Houttuynia Cordata),94000000,94020000,94023600
Brick,10007894,Plantas de cilantro largo / cilantro (Eryngium Foetidum),94000000,94020000,94023600
Brick,10007917,Plantas de cilantro vietnamita (Persicaria Odorata),94000000,94020000,94023600
Brick,10007883,Plantas de comino (Cuminum Cyminum),94000000,94020000,94023600
Brick,10007873,Plantas de comino negro (Bunium Bulbocastanum),94000000,94020000,94023600
Brick,10007915,Plantas de cúrcuma (Curcuma Longa),94000000,94020000,94023600
Brick,10007884,Plantas de curry (Murraya Koenigii),94000000,94020000,94023600
Brick,10007885,Plantas de Epazote (Chenopodium Ambrosioides),94000000,94020000,94023600
Brick,10007914,Plantas de frijol tonka (Dipteryx Odorata),94000000,94020000,94023600
Brick,10007897,Plantas de hoja de pimienta mexicana (Piper Auritum),94000000,94020000,94023600
Brick,10007899,Plantas de mirto (Myrtus),94000000,94020000,94023600
Brick,10007892,Plantas de mirto limón (Backhousia Citriodoria),94000000,94020000,94023600
Brick,10007888,Plantas de pimienta larga india (Piper Longum),94000000,94020000,94023600
Brick,10007896,Plantas de pimienta malagueta/granos del paraíso (Aframomum melegueta),94000000,94020000,94023600
Brick,10007919,Plantas de pimiento de agua (Persicaria Hydropiper),94000000,94020000,94023600
Brick,10007869,Plantas de pimiento de Jamaica (Pimenta dioica),94000000,94020000,94023600
Brick,10007908,Plantas de Salep (Orchis Militaris),94000000,94020000,94023600
Brick,10007916,Plantas de vainilla (Vanilla Planifolia),94000000,94020000,94023600
Brick,10007891,Plantas Kawakawa (Piper Excelsum),94000000,94020000,94023600
Brick,10007920,Plantas Zedoary (Curcuma Zedoaria),94000000,94020000,94023600
Brick,10007874,Vid de pimienta negra (Piper nigrum),94000000,94020000,94023600
Brick,10007912,Zumacos (Rhus Coriaria),94000000,94020000,94023600
Brick,10008388,Hierbas comestibles - Otros,94000000,94020000,94023500
Brick,10007859,Plantas de ajedrea (Satureja),94000000,94020000,94023500
Brick,10007866,Plantas de ajenjo/absenta (Artemisia absinthium),94000000,94020000,94023500
Brick,10007833,Plantas de ajo cebollino (Allium tuberosum),94000000,94020000,94023500
Brick,10007852,Plantas de ajo de oso (Allium ursinum),94000000,94020000,94023500
Brick,10007817,Plantas de albahaca (Basilicum spp.),94000000,94020000,94023500
Brick,10007814,Plantas de angélica (Angelica archangelica),94000000,94020000,94023500
Brick,10007815,Plantas de anís (Pimpinella anisum),94000000,94020000,94023500
Brick,10007824,Plantas de apio (Apium graveolens),94000000,94020000,94023500
Brick,10007813,Plantas de apio caballar (Smyrnium olusatrum),94000000,94020000,94023500
Brick,10007842,Plantas de apio de monte (Levisticum officinale),94000000,94020000,94023500
Brick,10007846,Plantas de artemisa (Artemisia vulgaris),94000000,94020000,94023500
Brick,10007819,Plantas de bálsamo de abeja (Monarda didyma),94000000,94020000,94023500
Brick,10007821,Plantas de boldo (Peumus boldus),94000000,94020000,94023500
Brick,10007822,Plantas de borraja (Borago officinalis),94000000,94020000,94023500
Brick,10007828,Plantas de borraja de campo/menta mexicana (Plectranthus amboinicus),94000000,94020000,94023500
Brick,10007850,Plantas de caléndula de maceta (Calendula officinalis),94000000,94020000,94023500
Brick,10007820,Plantas de cardo mariano (Silybum marianum),94000000,94020000,94023500
Brick,10007826,Plantas de cebollino (Allium schoenoprasum),94000000,94020000,94023500
Brick,10007827,Plantas de cilantro (Coriandrum sativum),94000000,94020000,94023500
Brick,10007829,Plantas de diente de león (Taraxacum),94000000,94020000,94023500
Brick,10007851,Plantas de echinacea púrpura (Echinacea purpurea),94000000,94020000,94023500
Brick,10007830,Plantas de eneldo (Anethum graveolens),94000000,94020000,94023500
Brick,10007861,Plantas de estevia (Stevia rebaudiana),94000000,94020000,94023500
Brick,10007863,Plantas de estragón (Artemisia dracunculus),94000000,94020000,94023500
Brick,10007831,Plantas de fenogreco (Trigonella foenum-graecum),94000000,94020000,94023500
Brick,10007834,Plantas de genciana (Gentiana spp.),94000000,94020000,94023500
Brick,10007816,Plantas de ginseng asiático (Panax),94000000,94020000,94023500
Brick,10007835,Plantas de guasca (Galinsoga parviflora),94000000,94020000,94023500
Brick,10007860,Plantas de hierba amarga (Rumex arcticus),94000000,94020000,94023500
Brick,10007854,Plantas de hierba de arrozal (Limnophila aromatica),94000000,94020000,94023500
Brick,10007836,Plantas de hisopo (Hyssopus officinalis),94000000,94020000,94023500
Brick,10007832,Plantas de jengibre chino (Boesenbergia rotunda),94000000,94020000,94023500
Brick,10007818,Plantas de laurel (Laurus nobilis),94000000,94020000,94023500
Brick,10007841,Plantas de limoncillo/citronela (Cymbopogon citratus),94000000,94020000,94023500
Brick,10007843,Plantas de mejorana (Origanum majorana),94000000,94020000,94023500
Brick,10007845,Plantas de menta (Mentha spp.),94000000,94020000,94023500
Brick,10007862,Plantas de mirra (Myrrhis odorata),94000000,94020000,94023500
Brick,10007847,Plantas de orégano (Origanum vulgare),94000000,94020000,94023500
Brick,10007838,Plantas de pensamiento con cuernos (Viola tricolor),94000000,94020000,94023500
Brick,10007848,Plantas de perejil (Petroselinum crispum),94000000,94020000,94023500
Brick,10007825,Plantas de perifollo (Anthriscus cerefolium),94000000,94020000,94023500
Brick,10007849,Plantas de perilla y shiso (Perilla frutescens),94000000,94020000,94023500
Brick,10007823,Plantas de pimpinela (Sanguisorba spp.),94000000,94020000,94023500
Brick,10007853,Plantas de plátano de ribera (Plantago lanceolata),94000000,94020000,94023500
Brick,10007865,Plantas de rábano picante japonés (Eutrema japonicum),94000000,94020000,94023500
Brick,10007844,Plantas de reina de los prados (Filipendula ulmaria),94000000,94020000,94023500
Brick,10007855,Plantas de romero (Rosmarinus officinalis),94000000,94020000,94023500
Brick,10007856,Plantas de ruda (Ruta graveolens),94000000,94020000,94023500
Brick,10007857,Plantas de salvia (Salvia officinalis),94000000,94020000,94023500
Brick,10007858,Plantas de sasafrás (Sassafras albidum),94000000,94020000,94023500
Brick,10007837,Plantas de tabaco indio (Lobelia inflata),94000000,94020000,94023500
Brick,10007864,Plantas de tomillo (Thymus vulgaris),94000000,94020000,94023500
Brick,10007839,Plantas de toronjil (Melissa officinalis),94000000,94020000,94023500
Brick,10007840,Plantas de verbena de limón (Aloysia citriodora),94000000,94020000,94023500
Brick,10008387,Plantas nobles de Dendrobium (Dendrobium nobile),94000000,94020000,94023500
Brick,10007716,"cagarria, colmenilla (Morchella Esculenta)",94000000,94020000,94022600
Brick,10007712,Enoki o seta de aguja de oro (Flammulina Velutipes),94000000,94020000,94022600
Brick,10007718,"gírgola, champiñón ostra o pleuroto (Pleurotus Ostreatus)",94000000,94020000,94022600
Brick,10007714,Hayas Hongos Funghi (Hypsizygus Tessellatus),94000000,94020000,94022600
Brick,10007709,Hongos Comunes Funghi (Agaricus),94000000,94020000,94022600
Brick,10007720,Hongos Silvestres Funghi,94000000,94020000,94022600
Brick,10007713,"Linghzi, Reishi Funghi, pipa (Ganoderma Lucidum)",94000000,94020000,94022600
Brick,10007711,"rebozuelo, anacate o chantarela (Cantharellus Cibarius)",94000000,94020000,94022600
Brick,10007715,"seta china, hongo del árbol shi o shiitake (Lentinula Edodes)",94000000,94020000,94022600
Brick,10007710,"seta comestible, boleto, hongo, ​​ hongo blanco, ​ hongo pambazo, ​ seta calabaza, seta de calabaza, calabaza  (Boletus Edulis)",94000000,94020000,94022600
Brick,10007717,seta de cardo (Pleurotus Eryngii),94000000,94020000,94022600
Brick,10007719,Trufa Funghi (Tubérculo Aestivum),94000000,94020000,94022600
Brick,10007658,Hinojo (Foeniculum Vulgare),94000000,94020000,94022400
Brick,10007659,Palmeras de sagú (Metroxylon Spp.),94000000,94020000,94022400
Brick,10007653,Planta de hielo (Mesembryanthemum Crystallinum),94000000,94020000,94022400
Brick,10007657,Plantas de alcachofa (Cynara Scolymus),94000000,94020000,94022400
Brick,10007655,Plantas de cardo (Cynara Cardunculus),94000000,94020000,94022400
Brick,10007654,Plantas de colinabo (Brassica Oleracea var. Gongylodes),94000000,94020000,94022400
Brick,10007651,Plantas de espárragos (Asparagus Officinalis),94000000,94020000,94022400
Brick,10007660,Plantas de ruibarbo (Rheum Rhaponticum),94000000,94020000,94022400
Brick,10007529,Coles de Bruselas o repollo (Brassica Oleracea var. Gemmifera),94000000,94020000,94022200
Brick,10007524,"kai-lan, gai lan, brécol chino o col verde china (Brassica Oleracea var. Alboglabra)",94000000,94020000,94022200
Brick,10007534,Nabos Comunes (Brassica Rapa Subsp. Rapa),94000000,94020000,94022200
Brick,10007521,Nabos suecos / plantas de Rutabaga (Brassica Napobrassica),94000000,94020000,94022200
Brick,10007523,Plantas de Bimi / Brócoli (Brassica Oleracea Italica X Alboglabra),94000000,94020000,94022200
Brick,10007530,Plantas de brócoli (Brassica Oleracea var. Italica),94000000,94020000,94022200
Brick,10007526,Plantas de col blanca (Brassica Oleracea var. Capitata),94000000,94020000,94022200
Brick,10007531,Plantas de col de col rizada (Brassica Oleracea var. Sabauda),94000000,94020000,94022200
Brick,10007527,Plantas de col de corazón de buey (Brassica Oleracea var. Capitata F. Conica),94000000,94020000,94022200
Brick,10007528,Plantas de col roja (Brassica Oleracea var. Capitata F. Rubra),94000000,94020000,94022200
Brick,10007525,Plantas de coliflor (Brassica Oleracea var. Botrytis),94000000,94020000,94022200
Brick,10007532,Plantas rizadas (Brassica Oleracea var. Sabellica),94000000,94020000,94022200
Brick,10007522,Plantas Romanesco (Brassica Oleracea Convar. Botrytis var. Botrytis),94000000,94020000,94022200
Brick,10007762,Melinjo (Gnetum Gnemon),94000000,94020000,94022900
Brick,10007763,Plantas de maíz dulce (Zea Mays Subsp. Saccharata),94000000,94020000,94022900
Brick,10007761,Plantas de okra almizclera (Abelmoschus moschatus),94000000,94020000,94022900
Brick,10007759,"Plantas de okra, quimbombo (Abelmoschus Esculentus)",94000000,94020000,94022900
Brick,10001958,Aparatos calentadores – Accesorios/recambios,72000000,72010000,72010400
Brick,10001955,Cajones calentadores,72000000,72010000,72010400
Brick,10001956,Carritos camareras (eléctricas),72000000,72010000,72010400
Brick,10001957,Otros aparatos calentadores,72000000,72010000,72010400
Brick,10001931,Aparatos para compactar/triturar basura – Accesorios/recambios,72000000,72010000,72010100
Brick,10001928,Compactadoras de basura,72000000,72010000,72010100
Brick,10001930,Otros aparatos para compactar/triturar basura,72000000,72010000,72010100
Brick,10001929,Trituradora de desechos orgánicos,72000000,72010000,72010100
Brick,10001940,Aparatos de frío/calor,72000000,72010000,72010200
Brick,10001942,Aparatos de refrigeración/congelación – Accesorios/recambios,72000000,72010000,72010200
Brick,10003698,Congeladores,72000000,72010000,72010200
Brick,10001938,Máquinas de hacer hielo,72000000,72010000,72010200
Brick,10003710,Neveras para bebidas,72000000,72010000,72010200
Brick,10001941,Otros aparatos de refrigeración/congelación,72000000,72010000,72010200
Brick,10001939,Refrigerador para vinos,72000000,72010000,72010200
Brick,10003694,Refrigeradores,72000000,72010000,72010200
Brick,10003695,Refrigeradores/congeladores,72000000,72010000,72010200
Brick,10001954,Aparatos industriales de cocina – Accesorios/recambios,72000000,72010000,72010300
Brick,10005322,Campana de cocina,72000000,72010000,72010300
Brick,10001951,Hornillas/placas de cocina,72000000,72010000,72010300
Brick,10001950,Hornos,72000000,72010000,72010300
Brick,10003691,Hornos de vapor,72000000,72010000,72010300
Brick,10001952,Microondas,72000000,72010000,72010300
Brick,10003690,Ollas económicas/cocinas (placas de cocina combinadas/hornillas/hornos),72000000,72010000,72010300
Brick,10001953,Otros aparatos industriales de cocina,72000000,72010000,72010300
Brick,10001961,Combinación lavadora/secadora,72000000,72010000,72010500
Brick,10001959,Lavadoras,72000000,72010000,72010500
Brick,10001963,Lavadoras industriales – Accesorios/recambios,72000000,72010000,72010500
Brick,10001962,Otras lavadoras industriales,72000000,72010000,72010500
Brick,10003692,Secadoras centrífugas/secadoras,72000000,72010000,72010500
Brick,10001966,Aparatos para lavar artículos de cocina – Accesorios/recambios,72000000,72010000,72010600
Brick,10001964,Lavavajillas,72000000,72010000,72010600
Brick,10001965,Otros aparatos para lavar artículos de cocina,72000000,72010000,72010600
Brick,10003712,Máquinas expendedoras de agua – No empotradas,72000000,72010000,72010700
Brick,10008512,Báscula corporal personal (Eléctrica),72000000,72020000,72020900
Brick,10008513,Báscula corporal personal (No eléctrica),72000000,72020000,72020900
Brick,10005317,Aparatos de aire acondicionado – Portátiles,72000000,72020000,72020600
Brick,10005335,Aparatos de control de aire – Multifunción – Portátiles,72000000,72020000,72020600
Brick,10003992,Calentadores de aire – Portátiles,72000000,72020000,72020600
Brick,10006798,Deshumidificador de aire – portátil (no eléctrico),72000000,72020000,72020600
Brick,10005332,Deshumidificadores de aire - portátiles (eléctricos),72000000,72020000,72020600
Brick,10005331,Humidificadores de aire – Portátiles,72000000,72020000,72020600
Brick,10005333,Ionizadores de aire – Portátiles,72000000,72020000,72020600
Brick,10005697,Piezas de repuesto/accesorios para aparatos portátiles de control de aire,72000000,72020000,72020600
Brick,10005336,Purificadores de aire – Portátiles,72000000,72020000,72020600
Brick,10005334,Refrigeradores de aire – Portátiles,72000000,72020000,72020600
Brick,10005337,Ventiladores – Portátiles,72000000,72020000,72020600
Brick,10001985,Aparatos para cocinar pizzas,72000000,72020000,72020100
Brick,10001971,Aparatos para hacer donuts/crepes,72000000,72020000,72020100
Brick,10001970,Aparatos para hacer gofres/sándwiches,72000000,72020000,72020100
Brick,10001984,Aparatos para hacer palomitas de maíz,72000000,72020000,72020100
Brick,10001983,Aparatos para hacer pan,72000000,72020000,72020100
Brick,10001988,Aparatos para preparar platos mexicanos (eléctricos),72000000,72020000,72020100
Brick,10001972,Aparatos para raclettes (eléctricos),72000000,72020000,72020100
Brick,10005359,Bandejas térmicas (Eléctricas),72000000,72020000,72020100
Brick,10001986,Fondues (eléctricas),72000000,72020000,72020100
Brick,10001981,Freidoras,72000000,72020000,72020100
Brick,10001968,Hornillos,72000000,72020000,72020100
Brick,10005704,Máquina de hacer perritos calientes,72000000,72020000,72020100
Brick,10006740,Máquina para hacer pastel / pay,72000000,72020000,72020100
Brick,10001976,Ollas a presión,72000000,72020000,72020100
Brick,10001975,Ollas lentas/cazuelas calientes,72000000,72020000,72020100
Brick,10001977,Ollas para arroz/ollas a vapor,72000000,72020000,72020100
Brick,10001980,Ollas para huevos,72000000,72020000,72020100
Brick,10001978,Ollas para múltiples usos,72000000,72020000,72020100
Brick,10001979,Ollas para pastas,72000000,72020000,72020100
Brick,10002034,Otros pequeños aparatos de cocina,72000000,72020000,72020100
Brick,10001989,Paelleras,72000000,72020000,72020100
Brick,10001991,Paquetes variados de aparatos para cocinar,72000000,72020000,72020100
Brick,10001969,Parrillas (eléctricas),72000000,72020000,72020100
Brick,10001974,Parrillas/asadores (eléctricos),72000000,72020000,72020100
Brick,10002035,Pequeños aparatos de cocina – Accesorios/recambios,72000000,72020000,72020100
Brick,10001990,Piedras calientes (eléctricas),72000000,72020000,72020100
Brick,10001987,Tajines (eléctricos),72000000,72020000,72020100
Brick,10005365,Temporizadores de cocina (Eléctricos),72000000,72020000,72020100
Brick,10001967,Tostadoras,72000000,72020000,72020100
Brick,10001982,Woks (eléctricos),72000000,72020000,72020100
Brick,10002027,Aparatos para el cuidado de la ropa limpia – Accesorios/ recambios,72000000,72020000,72020300
Brick,10008120,Estanterías de secado y partes de molino/Accesorios,72000000,72020000,72020300
Brick,10002026,Otros aparatos para el cuidado de la ropa limpia,72000000,72020000,72020300
Brick,10008121,Tabla de planchado piezas de repuesto/Accesorios,72000000,72020000,72020300
Brick,10003711,Abrillantadores/limpiadores de calzado,72000000,72020000,72020400
Brick,10007952,Accesorios / piezas de repuesto para aspiradoras canalizadas,72000000,72020000,72020400
Brick,10002033,Aparatos de limpieza – Accesorios/recambios,72000000,72020000,72020400
Brick,10006220,Armario para desinfección,72000000,72020000,72020400
Brick,10008138,Aspiradora de mano,72000000,72020000,72020400
Brick,10007954,Aspiradora Mangueras / Tubos,72000000,72020000,72020400
Brick,10002028,Aspiradoras,72000000,72020000,72020400
Brick,10007951,Aspiradoras con mangueras,72000000,72020000,72020400
Brick,10007950,Aspiradoras de ceniza,72000000,72020000,72020400
Brick,10007949,Aspiradoras robóticas,72000000,72020000,72020400
Brick,10005762,Bolsas para aspiradoras,72000000,72020000,72020400
Brick,10007955,Cabezales de aspiradora,72000000,72020000,72020400
Brick,10002029,Cepillos (eléctricos),72000000,72020000,72020400
Brick,10007953,Filtros de aspiradora,72000000,72020000,72020400
Brick,10008280,Limpiadores de ventanas (eléctricos),72000000,72020000,72020400
Brick,10002032,Otros aparatos de limpieza,72000000,72020000,72020400
Brick,10002030,Productos limpiadores/abrillantadores de suelo,72000000,72020000,72020400
Brick,10002000,Abrelatas (eléctricos),72000000,72020000,72020200
Brick,10006739,Accesorios de cocina para batir,72000000,72020000,72020200
Brick,10006738,Accesorios de cocina para mezclar,72000000,72020000,72020200
Brick,10006736,Accesorios de cocina para rebanar,72000000,72020000,72020200
Brick,10002002,Afiladores de cuchillos (eléctricos),72000000,72020000,72020200
Brick,10006737,Aparatos de cocina para cortar,72000000,72020000,72020200
Brick,10006735,Aparatos de cocina para mezclar/cortar,72000000,72020000,72020200
Brick,10002003,Aparatos para cerrar al vacío (eléctricos),72000000,72020000,72020200
Brick,10002021,Aparatos para preparar bebidas/comidas – Accesorios/recambios,72000000,72020000,72020200
Brick,10000820,Artículos de ayuda para la alimentación del bebé (eléctricos),72000000,72020000,72020200
Brick,10005695,Básculas de cocina (eléctricas),72000000,72020000,72020200
Brick,10001998,Cuchillos (eléctricos),72000000,72020000,72020200
Brick,10002018,Deshidratadores (eléctricos),72000000,72020000,72020200
Brick,10002007,Exprimidores (eléctricos),72000000,72020000,72020200
Brick,10005868,Fuentes de bebidas para fiestas (eléctricas),72000000,72020000,72020200
Brick,10005690,Fuentes de chocolate (Eléctrico),72000000,72020000,72020200
Brick,10002015,Máquina para hacer mantequilla (eléctricas),72000000,72020000,72020200
Brick,10006218,Máquina para preparar leche de arroz/soja,72000000,72020000,72020200
Brick,10002019,Máquinas de algodón,72000000,72020000,72020200
Brick,10002011,Máquinas de bebidas calientes,72000000,72020000,72020200
Brick,10005689,Máquinas para bebidas granizadas/Granizadora de hielo (Eléctrico),72000000,72020000,72020200
Brick,10002013,Máquinas para hacer helados (eléctricas),72000000,72020000,72020200
Brick,10002016,Máquinas para hacer refrescos carbonatados,72000000,72020000,72020200
Brick,10002006,Molinillos de café (eléctricos),72000000,72020000,72020200
Brick,10002020,Otros aparatos para preparar bebidas/comidas,72000000,72020000,72020200
Brick,10002022,Paquetes variados de alimentación/bebidas,72000000,72020000,72020200
Brick,10005358,Pistolas de repostería (eléctricas),72000000,72020000,72020200
Brick,10002005,Ralladores (eléctricos),72000000,72020000,72020200
Brick,10005691,Sacacorchos/Abridores de botellas (Eléctrico),72000000,72020000,72020200
Brick,10002012,Tetera (eléctrica),72000000,72020000,72020200
Brick,10006852,Tostadoras de granos de café,72000000,72020000,72020200
Brick,10005357,Trituradoras de hielo/máquinas para hacer hielo (eléctricas),72000000,72020000,72020200
Brick,10002004,Trituradoras/picadoras de carne (eléctricas),72000000,72020000,72020200
Brick,10002014,Yogurtera,72000000,72020000,72020200
Brick,10006894,Aparatos electrodomésticos pequeños - otros,72000000,72020000,72020700
Brick,10007023,Casa Inteligente / Equipamiento de casa automatizada - Aparatos de regulación de temperatura,72000000,72020000,72020800
Brick,10007022,Casa Inteligente / Equipamiento de casa automatizada - Aparatos de seguridad,72000000,72020000,72020800
Brick,10007024,Casa Inteligente / Equipamiento de casa automatizada - Césped / Jardín / Electrodomésticos de ocio,72000000,72020000,72020800
Brick,10007957,Casa Inteligente / Equipamiento de casa automatizada - Dispositivo de monitoreo de energía,72000000,72020000,72020800
Brick,10007021,Casa Inteligente / Equipamiento de casa automatizada - Panel de control,72000000,72020000,72020800
Brick,10008303,Hogar inteligente/Equipo de automatización del hogar - Tomas de corriente/Enchufe inteligente,72000000,72020000,72020800
Brick,10003713,Máquinas expendedoras de agua – De sobremesa,72000000,72020000,72020500
Brick,10006893,Banderas/estandartes decorativos - accesorios,75000000,75030000,75030800
Brick,10005816,Banderas/estandartes decorativos,75000000,75030000,75030700
Brick,10002245,Espejos,75000000,75030000,75030200
Brick,10002243,Fotografías,75000000,75030000,75030200
Brick,10002246,Marcos para fotos,75000000,75030000,75030200
Brick,10002248,Otros marcos/espejos/fotos,75000000,75030000,75030200
Brick,10002247,Paquetes variados de marcos/espejos/fotos,75000000,75030000,75030200
Brick,10002240,Pinturas,75000000,75030000,75030200
Brick,10002241,Pósters/estampados,75000000,75030000,75030200
Brick,10008502,Tablón de anuncios,75000000,75030000,75030200
Brick,10005692,Accesorios ornamentales,75000000,75030000,75030100
Brick,10002234,Adhesivos para ventanas/pegatinas/imanes decorativos,75000000,75030000,75030100
Brick,10008302,Adornos (Eléctricos),75000000,75030000,75030100
Brick,10002231,Adornos (No eléctricos),75000000,75030000,75030100
Brick,10008407,Adornos Naturales,75000000,75030000,75030100
Brick,10002237,Adornos para cada estación (eléctricos),75000000,75030000,75030100
Brick,10002236,Adornos para cada estación (no eléctricos),75000000,75030000,75030100
Brick,10008283,Árbol de Navidad - Artificial (eléctrico),75000000,75030000,75030100
Brick,10007011,Árbol de Navidad - Artificial (no eléctricos),75000000,75030000,75030100
Brick,10002232,Árboles/plantas/flores artificiales,75000000,75030000,75030100
Brick,10008285,Corona de Navidad y Guirnalda - Artificial (eléctrico),75000000,75030000,75030100
Brick,10008284,Corona de Navidad y Guirnalda - Artificial (No eléctricos),75000000,75030000,75030100
Brick,10008112,Incienso,75000000,75030000,75030100
Brick,10002233,Jarrones,75000000,75030000,75030100
Brick,10002235,Móviles con tubos/atrapasueños/dorados,75000000,75030000,75030100
Brick,10002238,Paquetes variados de adornos,75000000,75030000,75030100
Brick,10008113,Porta-incienso / quemadores y accesorios,75000000,75030000,75030100
Brick,10002249,Soportes para velas/accesorios,75000000,75030000,75030100
Brick,10000555,Velas,75000000,75030000,75030100
Brick,10003816,Paquetes variados de decoración para el hogar,75000000,75030000,75030600
Brick,10002252,Relojes,75000000,75030000,75030400
Brick,10004101,Relojes - piezas de repuesto,75000000,75030000,75030400
Brick,10007006,Relojes de alarma,75000000,75030000,75030400
Brick,10005254,Forro/papel de contacto con autoagarre,75000000,75010000,75010600
Brick,10007721,Patas de muebles,75000000,75010000,75010600
Brick,10005437,Ruedas giratorias/almohadillas/deslizaderas para muebles,75000000,75010000,75010600
Brick,10002198,Asientos inflables,75000000,75010000,75010200
Brick,10002201,Otros asientos para oficinas/uso doméstico,75000000,75010000,75010200
Brick,10002200,Paquetes variados de asientos para oficinas/uso doméstico,75000000,75010000,75010200
Brick,10002197,Sacos rellenos de granos/pufs/otomanas,75000000,75010000,75010200
Brick,10005097,Sillas para oficinas/uso doméstico – Componentes/recambios,75000000,75010000,75010200
Brick,10002194,Sofás para oficinas/uso doméstico (eléctricos),75000000,75010000,75010200
Brick,10002195,Sofás para oficinas/uso doméstico (no eléctricos),75000000,75010000,75010200
Brick,10002196,Sofás-cama para oficinas/uso doméstico,75000000,75010000,75010200
Brick,10002199,Soportes para pies para oficinas/uso doméstico,75000000,75010000,75010200
Brick,10002192,Taburetes/sillas de oficina/uso doméstico (eléctricos),75000000,75010000,75010200
Brick,10002193,Taburetes/sillas de oficina/uso doméstico (no eléctricos),75000000,75010000,75010200
Brick,10005096,Accesorios camas/colchones,75000000,75010000,75010400
Brick,10008516,Base de camas/colchones (Eléctricas),75000000,75010000,75010400
Brick,10008515,Base de camas/colchones (No eléctricas),75000000,75010000,75010400
Brick,10008520,Cabecera/Pie de cama,75000000,75010000,75010400
Brick,10008518,Camas completas (Eléctricas),75000000,75010000,75010400
Brick,10008517,Camas completas (No eléctricas),75000000,75010000,75010400
Brick,10002210,Colchones domésticos,75000000,75010000,75010400
Brick,10008514,Estructura de cama (Eléctrica),75000000,75010000,75010400
Brick,10002207,Estructura de cama (No eléctrica),75000000,75010000,75010400
Brick,10002212,Otros colchones/camas de uso doméstico,75000000,75010000,75010400
Brick,10002213,Paquetes variados de colchones/camas de uso doméstico,75000000,75010000,75010400
Brick,10005095,Escritorios/mesas para oficinas/uso doméstico – Componentes/recambios,75000000,75010000,75010300
Brick,10002202,Mesas de oficina/uso doméstico,75000000,75010000,75010300
Brick,10002203,Mesas de trabajo/escritorios de oficinas/uso doméstico,75000000,75010000,75010300
Brick,10002205,Otras mesas de trabajo/escritorios de oficinas/uso doméstico,75000000,75010000,75010300
Brick,10002206,Paquetes variado de mesas de trabajo/escritorios de oficinas/uso doméstico,75000000,75010000,75010300
Brick,10006330,Soporte de exhibición,75000000,75010000,75010700
Brick,10002188,Almacenamiento en raíles/carpetas,75000000,75010000,75010100
Brick,10005810,Barras de bar domésticas/de oficina,75000000,75010000,75010100
Brick,10008499,Botiquines / gabinetes para medicamentos,75000000,75010000,75010100
Brick,10002117,Cajones,75000000,75010000,75010100
Brick,10002187,Cestos/cajas para oficinas/uso doméstico,75000000,75010000,75010100
Brick,10002189,Clasificadores/organizadores domésticos,75000000,75010000,75010100
Brick,10006731,Encimera (superficie de trabajo horizontal),75000000,75010000,75010100
Brick,10005199,Expositores/armarios de oficina/uso doméstico,75000000,75010000,75010100
Brick,10002185,Ficheros,75000000,75010000,75010100
Brick,10002118,Guardarropas de oficina/uso doméstico/taquillas,75000000,75010000,75010100
Brick,10002190,Mamparas/separadores de oficina/uso doméstico,75000000,75010000,75010100
Brick,10005098,Mobiliario de exposición/almacenamiento para oficinas/uso doméstico – Componentes/recambios,75000000,75010000,75010100
Brick,10003790,Otros tipos de mobiliario de exposición/almacenamiento para oficinas/uso doméstico,75000000,75010000,75010100
Brick,10002191,Paquetes variados de mamparas/mobiliario de exposición/almacenamiento para oficinas/uso doméstico,75000000,75010000,75010100
Brick,10005743,Plataformas giratorias universales,75000000,75010000,75010100
Brick,10002186,Unidades de entretenimiento universal,75000000,75010000,75010100
Brick,10002184,Unidades de estanterías de oficina/uso doméstico,75000000,75010000,75010100
Brick,10003814,Paquetes variados de mobiliario para oficinas/uso doméstico,75000000,75010000,75010500
Brick,10002218,Alfombras / tapetes de piso de decoración - Desmontable,75000000,75020000,75020100
Brick,10008114,Alfombrillas de baño e inodoro,75000000,75020000,75020100
Brick,10002225,Almohadas,75000000,75020000,75020100
Brick,10002227,Cenefas/sábanas,75000000,75020000,75020100
Brick,10002217,Cojines,75000000,75020000,75020100
Brick,10002214,Cortinas,75000000,75020000,75020100
Brick,10008014,Cortinas de ventana plisadas,75000000,75020000,75020100
Brick,10002222,Edredones/Colchas,75000000,75020000,75020100
Brick,10002223,Edredones/Fundas/Protectores - Desmontables,75000000,75020000,75020100
Brick,10008115,Felpudos,75000000,75020000,75020100
Brick,10002226,Fundas/protectores de almohada - Desmontables,75000000,75020000,75020100
Brick,10008304,Fundas/protectores de cojines - Desmontables,75000000,75020000,75020100
Brick,10002216,Fundas/protectores de decoración - Desmontables,75000000,75020000,75020100
Brick,10002224,Mantas/cubrecamas (no eléctricos),75000000,75020000,75020100
Brick,10005197,Mantas/Tiros (Accionados),75000000,75020000,75020100
Brick,10002221,Otros tipos de mobiliario/complementos textiles para oficinas/uso doméstico,75000000,75020000,75020100
Brick,10002220,Paquetes variados de mobiliario/complementos textiles para oficinas/uso doméstico,75000000,75020000,75020100
Brick,10002215,Persianas de telas/tejidos para ventanas,75000000,75020000,75020100
Brick,10008013,Persianas de ventana enrollables,75000000,75020000,75020100
Brick,10008012,Persianas enrollables,75000000,75020000,75020100
Brick,10008015,Persianas romanas,75000000,75020000,75020100
Brick,10008016,Persianas verticales,75000000,75020000,75020100
Brick,10007935,Piezas de repuesto/accesorios para tratamientos de ventanas,75000000,75020000,75020100
Brick,10008305,Protectores de mesa y cocina,75000000,75020000,75020100
Brick,10002219,Toallas de telas/tejidos,75000000,75020000,75020100
Brick,10003813,Paquetes variados de telas/complementos textiles,75000000,75020000,75020300
Brick,10006811,Asientos domésticos para bebé – otro,75000000,75050000,75050300
Brick,10006810,Asientos domésticos para bebé – partes de reemplazo,75000000,75050000,75050300
Brick,10000801,Hamacas/balancines (eléctricos),75000000,75050000,75050300
Brick,10000800,Hamacas/balancines (no eléctricos),75000000,75050000,75050300
Brick,10006809,Paquete con variedad de asientos domésticos para bebé,75000000,75050000,75050300
Brick,10000787,Silla alta de bebé,75000000,75050000,75050300
Brick,10008519,Camas infantiles (Eléctrica),75000000,75050000,75050200
Brick,10000789,Camas infantiles (No eléctrica),75000000,75050000,75050200
Brick,10006808,Camas/colchones domésticos para bebé – otro,75000000,75050000,75050200
Brick,10006807,Camas/colchones domésticos para bebé – partes de reemplazo,75000000,75050000,75050200
Brick,10000790,Colchón para cuna,75000000,75050000,75050200
Brick,10006806,Paquete variado de camas/colchones domésticos para bebé,75000000,75050000,75050200
Brick,10000821,Asientos para aprender/orinales para bebés,75000000,75050000,75050100
Brick,10000822,Cambiadores de tela para bebés,75000000,75050000,75050100
Brick,10000827,Cunas/sillas/bañeras para bebés,75000000,75050000,75050100
Brick,10000501,Mesas-cambiador para bebés,75000000,75050000,75050100
Brick,10006797,Mobiliario sanitario para bebés - otros,75000000,75050000,75050100
Brick,10006796,Mobiliario sanitario para bebés - piezas de repuesto,75000000,75050000,75050100
Brick,10006795,Paquetes con variedad de mobiliario sanitario para bebé,75000000,75050000,75050100
Brick,10000498,Productos seguros para el baño del bebé,75000000,75050000,75050100
Brick,10000797,Accesorios para carritos/sillitas/cochecitos de paseo,71000000,71020000,71020100
Brick,10000804,Andadores,71000000,71020000,71020100
Brick,10000793,Carritos/sillitas/cochecitos de paseo,71000000,71020000,71020100
Brick,10000803,Columpios,71000000,71020000,71020100
Brick,10000795,Cunas/moises/canastos portátiles,71000000,71020000,71020100
Brick,10006813,Ejercitadores para bebé / transportación – partes de reemplazo,71000000,71020000,71020100
Brick,10000794,Moisés/cunas – De viaje,71000000,71020000,71020100
Brick,10000805,Otros artículos de ejercicios para el bebé,71000000,71020000,71020100
Brick,10006812,Paquete con variedad de ejercitadores para bebé / transportación,71000000,71020000,71020100
Brick,10000502,Portabebés,71000000,71020000,71020100
Brick,10000802,Saltador de puerta,71000000,71020000,71020100
Brick,10001894,Accesorios para redes/porterías deportivas,71000000,71010000,71011900
Brick,10001900,Alfombras/tapetes deportivos,71000000,71010000,71011900
Brick,10001897,Bolos de madera/bolos de metal/palos deportivos,71000000,71010000,71011900
Brick,10005703,Bombas (eléctricas),71000000,71010000,71011900
Brick,10005702,Bombas (no eléctricas),71000000,71010000,71011900
Brick,10001893,Cerramientos/redes/porterías deportivas,71000000,71010000,71011900
Brick,10001898,Contenedores/estantes para almacenar equipamientos deportivos,71000000,71010000,71011900
Brick,10001896,Equipos de marcajes deportivos,71000000,71010000,71011900
Brick,10001892,Fundas/cajas/bolsas para equipamientos deportivos,71000000,71010000,71011900
Brick,10004111,Marcadores deportivos (eléctricos),71000000,71010000,71011900
Brick,10001899,Marcadores deportivos (no eléctricos),71000000,71010000,71011900
Brick,10001903,Otros accesorios para equipamientos deportivos,71000000,71010000,71011900
Brick,10001902,Paquetes variados de accesorios para equipamientos deportivos,71000000,71010000,71011900
Brick,10005812,Telémetros,71000000,71010000,71011900
Brick,10001883,Equipamiento de ropa para campos de caza,71000000,71010000,71011700
Brick,10001886,Otros artículos para deportes de caza,71000000,71010000,71011700
Brick,10001885,Paquetes variados de artículos para deportes de caza,71000000,71010000,71011700
Brick,10001880,Reclamos/señuelos/cebos para animales,71000000,71010000,71011700
Brick,10001787,Otros palos de golf/palos de hockey/bates y paletas,71000000,71010000,71010400
Brick,10001780,Palos de golf/palos de hockey/bates y paletas,71000000,71010000,71010400
Brick,10001891,Otros equipamientos para deportes acuáticos (no motorizados),71000000,71010000,71011800
Brick,10008509,Otros equipos acuáticos (Eléctricos),71000000,71010000,71011800
Brick,10001890,Paquetes variados de equipamiento para deportes acuáticos (no motorizados),71000000,71010000,71011800
Brick,10001889,Vehículos acuáticos – Accesorios/piezas de repuesto (no motorizados),71000000,71010000,71011800
Brick,10001887,Vehículos acuáticos (no motorizados),71000000,71010000,71011800
Brick,10008275,Accesorios para bicicletas - Computadoras/Equipos de navegación,71000000,71010000,71010800
Brick,10008276,Accesorios para bicicletas - Otros,71000000,71010000,71010800
Brick,10008274,Accesorios para bicicletas- Herramientas/Kits de parches de neumáticos,71000000,71010000,71010800
Brick,10005815,Bicicletas (motorizadas),71000000,71010000,71010800
Brick,10001810,Bicicletas (no motorizadas),71000000,71010000,71010800
Brick,10008268,Cycles bicicletas - Soportes,71000000,71010000,71010800
Brick,10006392,Dispositivo antirrobo para bicicletas,71000000,71010000,71010800
Brick,10006391,Escúter (sin motor),71000000,71010000,71010800
Brick,10001813,Otros equipamientos para ciclismo,71000000,71010000,71010800
Brick,10001812,Paquetes variados de equipamiento para ciclismo,71000000,71010000,71010800
Brick,10008260,Partes de bicicletas - Iluminación,71000000,71010000,71010800
Brick,10008261,Piezas de bicicletas - Accesorios de asientos y asientos,71000000,71010000,71010800
Brick,10008264,Piezas de bicicletas - Cadenas,71000000,71010000,71010800
Brick,10008262,Piezas de bicicletas - Campanas,71000000,71010000,71010800
Brick,10008263,Piezas de bicicletas - Frenos,71000000,71010000,71010800
Brick,10008259,Piezas de bicicletas - Neumáticos/Ruedas,71000000,71010000,71010800
Brick,10008270,Piezas de bicicletas - Otros,71000000,71010000,71010800
Brick,10008267,Piezas de bicicletas - Pedales,71000000,71010000,71010800
Brick,10008265,Piezas de bicicletas - Protectores de vestir / salpicaderas,71000000,71010000,71010800
Brick,10008266,Piezas de bicicletas - Puños,71000000,71010000,71010800
Brick,10008269,Piezas de bicicletas - Sistemas de engranajes,71000000,71010000,71010800
Brick,10008272,Transporte de bicicletas - Cestas/Cajas/Alforjas,71000000,71010000,71010800
Brick,10008273,Transporte de bicicletas - Transportistas/Correas,71000000,71010000,71010800
Brick,10008271,Transporte en bicicleta - Asientos para niños,71000000,71010000,71010800
Brick,10001798,Equipamiento para deportes de montañismo/senderismo,71000000,71010000,71010600
Brick,10001805,Otros equipamientos para deportes de montañismo/senderismo,71000000,71010000,71010600
Brick,10001841,Equipamiento para deportes con monopatines – Accesorios/recambios,71000000,71010000,71011200
Brick,10001840,Monopatines (no motorizados),71000000,71010000,71011200
Brick,10001843,Otros equipamientos para deportes con patinetes/monopatines,71000000,71010000,71011200
Brick,10001842,Paquetes variados de equipamiento para deportes con patinetes/monopatines,71000000,71010000,71011200
Brick,10008489,Patines,71000000,71010000,71011200
Brick,10005814,Scooters/patinetas/patinetas (eléctricas),71000000,71010000,71011200
Brick,10008385,Accesorios de Entrenamiento Ecuestre/Competición,71000000,71010000,71012400
Brick,10008384,Equipo de Entrenamiento Ecuestre/Competición,71000000,71010000,71012400
Brick,10008386,Equipo/Accesorios para Establos Ecuestres,71000000,71010000,71012400
Brick,10001909,Cinturones de sujeción de protección deportiva,71000000,71010000,71012000
Brick,10001904,Defensas de protección deportiva para la boca,71000000,71010000,71012000
Brick,10001907,Defensas/almohadillas de protección deportiva para el cuerpo,71000000,71010000,71012000
Brick,10001905,Máscaras para los ojos/gafas de protección deportiva,71000000,71010000,71012000
Brick,10001912,Otros equipamientos de protección deportiva personal,71000000,71010000,71012000
Brick,10001911,Paquetes variados de equipamientos de protección deportiva personal,71000000,71010000,71012000
Brick,10008053,Armas - Montadas pesadas,71000000,71010000,71011600
Brick,10008054,Armas - Montadas pesadas - Piezas y accesorios,71000000,71010000,71011600
Brick,10008052,Armas - Portátil - Granadas / Explosivos,71000000,71010000,71011600
Brick,10008051,Armas - Portátil - Propulsadas por cohete,71000000,71010000,71011600
Brick,10001877,Armas de fuego deportivas – Accesorios/recambios,71000000,71010000,71011600
Brick,10001872,Escopetas,71000000,71010000,71011600
Brick,10001873,Escopetas de aire comprimido,71000000,71010000,71011600
Brick,10001874,Munición para armas de fuego,71000000,71010000,71011600
Brick,10008055,Munición para armas pesadas,71000000,71010000,71011600
Brick,10001879,Otros equipamientos de armas de fuego,71000000,71010000,71011600
Brick,10001878,Paquetes variados de equipamiento para armas de fuego deportivas,71000000,71010000,71011600
Brick,10001870,Pistolas/revólveres,71000000,71010000,71011600
Brick,10001871,Rifles,71000000,71010000,71011600
Brick,10001847,Artículos de entrenamiento para natación,71000000,71010000,71011300
Brick,10001848,Equipamiento para buceo,71000000,71010000,71011300
Brick,10001852,Equipamientos para deportes de buceo/surf/natación – Accesorios/recambios,71000000,71010000,71011300
Brick,10001844,Esquíes/tablas (deportes acuáticos),71000000,71010000,71011300
Brick,10001845,Esquíes/tablas (deportes acuáticos) – Accesorios/recambios,71000000,71010000,71011300
Brick,10001854,Otros equipamientos para deportes de buceo/surf/natación,71000000,71010000,71011300
Brick,10001853,Paquetes variados de equipamientos para deportes de buceo/surf/natación,71000000,71010000,71011300
Brick,10001763,Equipamiento para deportes de carrera,71000000,71010000,71010100
Brick,10001764,Equipamiento para deportes de salto,71000000,71010000,71010100
Brick,10001762,Equipamiento para deportes de tiro,71000000,71010000,71010100
Brick,10001767,Otros equipamientos para deportes de atletismo/en cancha,71000000,71010000,71010100
Brick,10001766,Paquetes variados de equipamientos para deportes de atletismo/en cancha,71000000,71010000,71010100
Brick,10001806,Artículos de entrenamiento para deportes de combate,71000000,71010000,71010700
Brick,10001807,Equipamiento para deportes de artes marciales,71000000,71010000,71010700
Brick,10004098,Equipamiento para esgrima (eléctrico),71000000,71010000,71010700
Brick,10004112,Equipamiento para esgrima (no eléctrico),71000000,71010000,71010700
Brick,10004096,Otros equipamientos para deportes de combate,71000000,71010000,71010700
Brick,10001809,Paquetes variados de equipamiento para deportes combate,71000000,71010000,71010700
Brick,10001795,Equipamiento para deportes de hielo/nieve – Accesorios/recambios,71000000,71010000,71010500
Brick,10001797,Otros equipamientos para deportes de hielo/nieve,71000000,71010000,71010500
Brick,10001796,Paquetes variados de equipamiento para deportes de hielo/nieve,71000000,71010000,71010500
Brick,10001794,Piedras de curling,71000000,71010000,71010500
Brick,10001792,Tablas de Snowboard/tablas de esquí/esquíes,71000000,71010000,71010500
Brick,10001790,Trineos,71000000,71010000,71010500
Brick,10001778,Deportes de raqueta – Accesorios/recambios,71000000,71010000,71010300
Brick,10004097,Otros equipamientos para deportes de raqueta,71000000,71010000,71010300
Brick,10001779,Paquetes variados de equipamiento para deportes de raqueta,71000000,71010000,71010300
Brick,10001776,Raquetas,71000000,71010000,71010300
Brick,10001862,Arcos,71000000,71010000,71011500
Brick,10001860,Dardos,71000000,71010000,71011500
Brick,10001865,Dianas (eléctricas),71000000,71010000,71011500
Brick,10001866,Dianas (no eléctricas),71000000,71010000,71011500
Brick,10001867,Equipamiento para deportes de puntería – Accesorios/recambios,71000000,71010000,71011500
Brick,10001863,Flechas,71000000,71010000,71011500
Brick,10001869,Otros equipamientos para deportes de puntería,71000000,71010000,71011500
Brick,10001868,Paquetes variados de equipamiento para deportes de puntería,71000000,71010000,71011500
Brick,10001827,Aparatos de gimnasia,71000000,71010000,71011000
Brick,10001826,Equipamiento para gimnasia rítmica,71000000,71010000,71011000
Brick,10001830,Otros equipamientos para deportes gimnásticos,71000000,71010000,71011000
Brick,10001829,Paquetes variados de equipamiento para deportes gimnásticos,71000000,71010000,71011000
Brick,10001819,Accesorios de gimnasio,71000000,71010000,71010900
Brick,10001822,Aparatos de control de ejercicios,71000000,71010000,71010900
Brick,10001823,Equipamiento para mantenimiento físico personal – Accesorios/recambios,71000000,71010000,71010900
Brick,10001816,Mancuernas/pesas libres,71000000,71010000,71010900
Brick,10001814,Máquinas de ejercicios (eléctricas),71000000,71010000,71010900
Brick,10001815,Máquinas de ejercicios (no eléctricas),71000000,71010000,71010900
Brick,10001825,Otros equipamientos para deportes de mantenimiento físico personal,71000000,71010000,71010900
Brick,10001824,Paquetes variados de equipamientos para deportes de mantenimiento físico personal,71000000,71010000,71010900
Brick,10001834,Buggies/tablas para paracaídas/cometas (no eléctricos),71000000,71010000,71011100
Brick,10001831,Cometas,71000000,71010000,71011100
Brick,10001835,Equipamiento para deportes con paracaídas/cometas – Accesorios/recambios,71000000,71010000,71011100
Brick,10001838,Otros equipamientos para deportes con paracaídas/cometas,71000000,71010000,71011100
Brick,10001837,Paquetes variados de equipamiento para deportes con paracaídas/cometas,71000000,71010000,71011100
Brick,10001832,Paracaídas,71000000,71010000,71011100
Brick,10001921,Accesorios para cañas de pesca,71000000,71010000,71012100
Brick,10001916,Anzuelos,71000000,71010000,71012100
Brick,10001914,Carretes de pesca,71000000,71010000,71012100
Brick,10005870,Detectores de peces,71000000,71010000,71012100
Brick,10001917,Flotadores de pesca,71000000,71010000,71012100
Brick,10001915,Moscas/cebos de pesca,71000000,71010000,71012100
Brick,10001923,Otros equipamientos para deportes de pesca,71000000,71010000,71012100
Brick,10001922,Paquetes variados de equipamientos para deportes de pesca,71000000,71010000,71012100
Brick,10001918,Redes de pesca,71000000,71010000,71012100
Brick,10001920,Sedales,71000000,71010000,71012100
Brick,10001913,Varillas/cañas de pesca,71000000,71010000,71012100
Brick,10001855,Mesas de deportes,71000000,71010000,71011400
Brick,10001859,Otras mesas de deportes,71000000,71010000,71011400
Brick,10003688,Paquetes variados de equipamientos deportivos,71000000,71010000,71012300
Brick,10001772,Bumerangs,71000000,71010000,71010200
Brick,10001769,Disco de hockey,71000000,71010000,71010200
Brick,10001771,Frisbees,71000000,71010000,71010200
Brick,10001775,Otros bumerangs/frisbees/plumas/discos de hockey/pelotas para deportes,71000000,71010000,71010200
Brick,10001774,Paquetes variados de bumerangs/frisbees/plumas/discos de hockey/pelotas para deportes,71000000,71010000,71010200
Brick,10001768,Pelotas para deportes,71000000,71010000,71010200
Brick,10001770,Plumas,71000000,71010000,71010200
Brick,10005255,Aditivos para combustibles,87000000,87010000,87010200
Brick,10000543,Cerillas/Utensilios para encender,87000000,87010000,87010100
Brick,10005265,Combustibles en gel,87000000,87010000,87010100
Brick,10005264,Combustibles gaseosos,87000000,87010000,87010100
Brick,10005263,Combustibles líquidos,87000000,87010000,87010100
Brick,10005266,Combustibles sólidos,87000000,87010000,87010100
Brick,10006842,Herramientas / accesorios de iluminación con fuego,87000000,87010000,87010100
Brick,10000703,Paquetes variados de Combustible/Ayuda ignición,87000000,87010000,87010100
Brick,10007942,Piezas de repuesto / accesorios para bombonas de gas,87000000,87010000,87010100
Brick,10005262,Combustibles/paquetes variados de aditivos para combustibles,87000000,87010000,87010500
Brick,10006407,Gas de dióxido de carbono,87000000,87030000,87030100
Brick,10006411,Gas de helio,87000000,87030000,87030100
Brick,10006408,Gas de nitrógeno,87000000,87030000,87030100
Brick,10006409,Gas de óxido nitroso,87000000,87030000,87030100
Brick,10006410,"Gases técnicos, otros",87000000,87030000,87030100
Brick,10005258,Botellas/botes de combustible de gas presurizado (vacíos),87000000,87020000,87020200
Brick,10005306,Fluidos/Botellas de combustible líquido/Contenedores (vacíos),87000000,87020000,87020200
Brick,10002623,Alarma de temperatura para duchas,79000000,79010000,79010300
Brick,10004027,Asientos para bañeras,79000000,79010000,79010300
Brick,10004062,Asientos y tapas de inodoros,79000000,79010000,79010300
Brick,10004028,Barras de sujeción,79000000,79010000,79010300
Brick,10004032,Cadenas de baño/regadera - fijas,79000000,79010000,79010300
Brick,10002624,Elevadores de baño,79000000,79010000,79010300
Brick,10002627,Paquetes variados de accesorios de baño,79000000,79010000,79010300
Brick,10006232,Secadores de manos,79000000,79010000,79010300
Brick,10004026,Tiras de seguridad para duchas,79000000,79010000,79010300
Brick,10008026,Toallas / Ganchos / Anillos - No fijo,79000000,79010000,79010300
Brick,10004033,Toalleros/ganchos/anillos - fijos,79000000,79010000,79010300
Brick,10002650,Almacenamiento/tratamiento de agua – Accesorios/piezas de recambio,79000000,79010000,79010400
Brick,10002646,Cisternas de agua,79000000,79010000,79010400
Brick,10004006,Desoxidador (hágalo usted mismo),79000000,79010000,79010400
Brick,10002649,Inhibidor de óxido,79000000,79010000,79010400
Brick,10004016,Máquinas/sistemas de filtrado de agua,79000000,79010000,79010400
Brick,10004012,Medidores de agua,79000000,79010000,79010400
Brick,10002652,Paquetes variados de almacenamiento/tratamiento de agua,79000000,79010000,79010400
Brick,10007038,Piezas de repuesto / accesorios para ablandadores de agua,79000000,79010000,79010400
Brick,10004008,Suavizantes de agua (hágalo usted mismo),79000000,79010000,79010400
Brick,10002648,Tratamientos de agua (hágalo usted mismo),79000000,79010000,79010400
Brick,10005866,Dispositivos para prevenir el contraflujo,79000000,79010000,79011000
Brick,10005864,Igualadores de presión,79000000,79010000,79011000
Brick,10005863,Kit para controlar el contraflujo,79000000,79010000,79011000
Brick,10005865,Piezas para prevenir el contraflujo/Accesorios,79000000,79010000,79011000
Brick,10004063,Aparatos de aire acondicionado – Multifunción – Fijos,79000000,79010000,79010600
Brick,10003982,Aparatos de aires acondicionado/refrigeración – Fijos,79000000,79010000,79010600
Brick,10003997,Conductos,79000000,79010000,79010600
Brick,10003990,Deshumidificadores de aire – Fijos,79000000,79010000,79010600
Brick,10003993,Humidificadores de aire – Fijos,79000000,79010000,79010600
Brick,10006274,Monitores de aire,79000000,79010000,79010600
Brick,10003985,Paquetes surtidos de equipos de aire acondicionado/refrigeración/ventilación,79000000,79010000,79010600
Brick,10003984,Piezas de repuesto/accesorios para equipos de aire acondicionado/refrigeración/ventilación,79000000,79010000,79010600
Brick,10003996,Propulsor de conductos,79000000,79010000,79010600
Brick,10003988,Purificador de aire/ionizadores – Fijos,79000000,79010000,79010600
Brick,10003998,Ventilador – Extractor,79000000,79010000,79010600
Brick,10004064,Ventiladores - ventana/conducto de salida,79000000,79010000,79010600
Brick,10003995,Ventiladores – Techo,79000000,79010000,79010600
Brick,10006402,Almacenamiento de combustible para chimenea,79000000,79010000,79010500
Brick,10007003,Cable calefactor / cinta térmica / cable calefactor,79000000,79010000,79010500
Brick,10002658,Calderas/termos/calentadores de depósitos de agua para viviendas,79000000,79010000,79010500
Brick,10005717,Calefactores de habitación,79000000,79010000,79010500
Brick,10005479,Calentadores de agua sin depósito,79000000,79010000,79010500
Brick,10002657,Calentadores de inmersión,79000000,79010000,79010500
Brick,10005478,Chimeneas/alrededores del hogar/repisa,79000000,79010000,79010500
Brick,10002653,Controles del sistema de calefacción,79000000,79010000,79010500
Brick,10006399,Herramientas para chimenea,79000000,79010000,79010500
Brick,10006401,Pantallas para chimenea,79000000,79010000,79010500
Brick,10002662,Paquetes variados de sistemas de calefacción,79000000,79010000,79010500
Brick,10002660,Piezas de recambio/accesorios del sistema de calefacción central,79000000,79010000,79010500
Brick,10007005,Piezas de repuesto/accesorios para calentadores/hornos/calentadores de agua domésticos,79000000,79010000,79010500
Brick,10002654,Radiadores,79000000,79010000,79010500
Brick,10006400,Rejillas para chimenea,79000000,79010000,79010500
Brick,10004003,Sistemas de calefacción bajo suelo,79000000,79010000,79010500
Brick,10004002,Termostatos,79000000,79010000,79010500
Brick,10007004,Tratamientos/productos de limpieza para chimeneas,79000000,79010000,79010500
Brick,10003565,Desatascador,79000000,79010000,79010900
Brick,10002611,Piletas,79000000,79010000,79010900
Brick,10004049,Tanques sépticos,79000000,79010000,79010900
Brick,10005480,Trampa de residuos,79000000,79010000,79010900
Brick,10008062,Trampas de desechos / Drenajes - Repuestos / Accesorios,79000000,79010000,79010900
Brick,10003994,Paquetes variados de fontanería/calefacción/refrigeración/aire acondicionado,79000000,79010000,79010700
Brick,10006961,Accesorios de baño,79000000,79010000,79010100
Brick,10006962,Accesorios para lavamanos,79000000,79010000,79010100
Brick,10002608,Alcachofas de ducha,79000000,79010000,79010100
Brick,10002596,Bañeras – A chorro (Baños calientes/Spas),79000000,79010000,79010100
Brick,10002595,Bañeras – Remojo,79000000,79010000,79010100
Brick,10007727,Barras deslizantes de ducha,79000000,79010000,79010100
Brick,10002585,Bidés,79000000,79010000,79010100
Brick,10007724,Brazos De Ducha,79000000,79010000,79010100
Brick,10002589,Cisterna para váter/urinario,79000000,79010000,79010100
Brick,10002593,Combinaciones de lavabo/base,79000000,79010000,79010100
Brick,10007726,Conjuntos de ducha,79000000,79010000,79010100
Brick,10007973,Cortina de regadera,79000000,79010000,79010100
Brick,10007974,Cortina de regadera - accesorios y piezas de repuesto,79000000,79010000,79010100
Brick,10002602,Grifos/llaves,79000000,79010000,79010100
Brick,10007016,Kits de inodoro / bidé,79000000,79010000,79010100
Brick,10002592,Lavabos/lavamanos,79000000,79010000,79010100
Brick,10002600,Mampara para bañeras/duchas,79000000,79010000,79010100
Brick,10007725,Manguera de ducha,79000000,79010000,79010100
Brick,10007015,Marcos de inodoro / bidé,79000000,79010000,79010100
Brick,10002590,Módulos de bañera/ducha,79000000,79010000,79010100
Brick,10004029,Módulos de bañera/ducha – Chorro,79000000,79010000,79010100
Brick,10002601,Paneles de mampara para bañeras/duchas,79000000,79010000,79010100
Brick,10002614,Paquetes variados de productos de higiene,79000000,79010000,79010100
Brick,10002588,Particiones de urinarios,79000000,79010000,79010100
Brick,10002609,Pedestales para lavabo/lavamanos,79000000,79010000,79010100
Brick,10007941,Piezas de repuesto / accesorios para grifos,79000000,79010000,79010100
Brick,10007017,Piezas de repuesto / accesorios para inodoro / bidé / urinarios,79000000,79010000,79010100
Brick,10007723,Placa de pared al ras,79000000,79010000,79010100
Brick,10002599,Platos/suelos de ducha,79000000,79010000,79010100
Brick,10002612,Productos de higiene – Accesorios/recambios,79000000,79010000,79010100
Brick,10002597,Reservado/suites para duchas,79000000,79010000,79010100
Brick,10004044,Spas de ducha,79000000,79010000,79010100
Brick,10002610,Suites para baños,79000000,79010000,79010100
Brick,10007018,Tapas para inodoros/bidés,79000000,79010000,79010100
Brick,10002587,Urinarios,79000000,79010000,79010100
Brick,10002586,Váteres,79000000,79010000,79010100
Brick,10008060,Accesorios y repuestos para conductos de aire,79000000,79010000,79011300
Brick,10007610,Conductos de aire/Accesorios de conductos de aire,79000000,79010000,79011300
Brick,10007609,Gorro de chimenea / Gorro de lluvia,79000000,79010000,79011300
Brick,10007628,Paquete de variedad de conductos de aire,79000000,79010000,79011300
Brick,10007649,Accesorios de salud y bienestar - Accesorios y piezas de repuesto,79000000,79010000,79011400
Brick,10007645,Cabaña Hammam,79000000,79010000,79011400
Brick,10007647,Cabaña sauna,79000000,79010000,79011400
Brick,10007646,Cabina de infrarrojos,79000000,79010000,79011400
Brick,10007650,Cabina multipropósito de salud y bienestar,79000000,79010000,79011400
Brick,10007648,Estructura de hamacas,79000000,79010000,79011400
Brick,10008008,Abrazaderas de manguera,79000000,79010000,79010800
Brick,10008010,"Accesorios de conectores / piezas de repuesto - agua, gas, calefacción central",79000000,79010000,79010800
Brick,10004055,Bombas (Suministro de agua),79000000,79010000,79010800
Brick,10005867,Bridas para tuberías/tubos,79000000,79010000,79010800
Brick,10008009,"Conectores - agua, gas, calefacción central y conductos de aire",79000000,79010000,79010800
Brick,10004022,"Mangueras de conexión - agua, gas, calefacción central",79000000,79010000,79010800
Brick,10004058,Paquetes variados de suministro de agua,79000000,79010000,79010800
Brick,10004054,"Tuberías - agua, gas, calefacción central",79000000,79010000,79010800
Brick,10004057,Tubos/tuberías - accesorios/piezas de repuesto,79000000,79010000,79010800
Brick,10008011,Válvulas / Accesorios de accesorios / Piezas de repuesto - Agua y gas,79000000,79010000,79010800
Brick,10004024,Válvulas/accesorios - agua y gas,79000000,79010000,79010800
Brick,10003532,Alicates/pinzas (no eléctricos),80000000,80010000,80010800
Brick,10008308,Alicates/pinzas/herramienta de agarre/herramientas de corte - Piezas de repuesto/accesorios,80000000,80010000,80010800
Brick,10008445,Alicates/pinzas/herramientas de agarre/herramientas de corte - Consumibles,80000000,80010000,80010800
Brick,10003481,Aparatos para cortar cadenas/pernos (no eléctricos),80000000,80010000,80010800
Brick,10003638,Cortadoras de espuma (eléctricas),80000000,80010000,80010800
Brick,10006781,Fórceps (manuales) (no eléctricos),80000000,80010000,80010800
Brick,10003479,Herramientas de corte combinadas (no eléctricas),80000000,80010000,80010800
Brick,10006780,Juego de alicates (no eléctricos),80000000,80010000,80010800
Brick,10003632,Tijeras/cizallas/recortadoras - Hojas de metal  (eléctricas),80000000,80010000,80010800
Brick,10003486,Tijeras/cizallas/recortadoras – Hojas de metal (no eléctricas),80000000,80010000,80010800
Brick,10008442,Dados para roscado - Consumibles,80000000,80010000,80012200
Brick,10003808,Grifos (sin motor),80000000,80010000,80012200
Brick,10003551,Juegos de machos de roscar/dados/troqueles (no eléctricos),80000000,80010000,80012200
Brick,10008440,Machos de roscar/dados/troqueles - Piezas de repuesto/accesorios,80000000,80010000,80012200
Brick,10008441,Machos/llaves de roscar - Consumibles,80000000,80010000,80012200
Brick,10003550,Moldes (no eléctricos),80000000,80010000,80012200
Brick,10003639,Taladro para roscar (eléctrico),80000000,80010000,80012200
Brick,10008436,Cepillos/Talladoras/Limas/Raspadores - Consumibles,80000000,80010000,80011900
Brick,10008437,Cepillos/Talladoras/Limas/Raspadores - Piezas de repuesto/accesorios,80000000,80010000,80011900
Brick,10003546,Consumibles - herramientas para dar forma a superficies,80000000,80010000,80011900
Brick,10003730,Ensambladora-cepilladora (fijos) (eléctrica),80000000,80010000,80011900
Brick,10003616,Ensambladora-cepilladora (portátil) (eléctrica),80000000,80010000,80011900
Brick,10003604,Ensambladores de banco (eléctricos),80000000,80010000,80011900
Brick,10003534,Escofinas (no eléctricos),80000000,80010000,80011900
Brick,10003544,Garlopa o cepillos para carpintero (no eléctricos),80000000,80010000,80011900
Brick,10003746,Herramienta de moldeado (eléctrica),80000000,80010000,80011900
Brick,10003545,Herramientas de conformado de superficies (no eléctricos),80000000,80010000,80011900
Brick,10003615,Limadoras/cepilladoras de superficie/espesor (eléctricas),80000000,80010000,80011900
Brick,10003533,Limas (no eléctrios),80000000,80010000,80011900
Brick,10003807,Paquetes variados de escofinas/limas/cepilladoras/cepillos,80000000,80010000,80011900
Brick,10003605,Tornos (eléctricos),80000000,80010000,80011900
Brick,10008412,Compresores de aire - Consumibles,80000000,80010000,80013400
Brick,10008411,Compresores de aire - Piezas de Repuesto/Accesorios,80000000,80010000,80013400
Brick,10005230,Compresores de aire (fijos) (eléctricos),80000000,80010000,80013400
Brick,10003555,Compresores de aire (portátiles) (eléctricos),80000000,80010000,80013400
Brick,10003643,Cinceles (eléctricos),80000000,80010000,80011500
Brick,10003488,Cinceles (no eléctricos),80000000,80010000,80011500
Brick,10008415,Cinceles de aplanado (eléctricos),80000000,80010000,80011500
Brick,10008416,Cinceles/gubias - Consumibles,80000000,80010000,80011500
Brick,10008417,Cinceles/gubias - Piezas de repuesto/accesorios,80000000,80010000,80011500
Brick,10003491,Gubias (no eléctricos),80000000,80010000,80011500
Brick,10003787,Paquetes variados de gubias/cortafríos,80000000,80010000,80011500
Brick,10003823,Cuchillos/Navajas  (no eléctricos) – Accesorios/recambios,80000000,80010000,80011400
Brick,10003492,Cuchillos/Navajas – No eléctricos (ocio/utilidad),80000000,80010000,80011400
Brick,10003824,Hojas de cuchillo/navaja – No eléctricos (ocio/utilidad),80000000,80010000,80011400
Brick,10008444,Consumibles para destornilladores,80000000,80010000,80010700
Brick,10003826,Destornilladores – Accesorios/ recambios,80000000,80010000,80010700
Brick,10003654,Destornilladores (eléctricos),80000000,80010000,80010700
Brick,10003528,Destornilladores (no eléctricos),80000000,80010000,80010700
Brick,10003530,Juegos de destornilladores (no eléctricos),80000000,80010000,80010700
Brick,10003825,Otros destornilladores (no eléctricos),80000000,80010000,80010700
Brick,10003657,Pistolas de tornillos/clavos (eléctricos),80000000,80010000,80010700
Brick,10005714,Embudos (manuales) (no eléctricos),80000000,80010000,80012400
Brick,10005221,Carretillas de jardinería o construcción (eléctricas),80000000,80010000,80010400
Brick,10003496,Carretillas de jardinería o construcción (no eléctricas),80000000,80010000,80010400
Brick,10003498,Elevadores de succión (no eléctricos),80000000,80010000,80010400
Brick,10003749,Equipo de transporte/elevación/manipulación/escalada - Otros,80000000,80010000,80010400
Brick,10003822,Equipos de escalada/levantamiento/transporte – Accesorios/Partes de recambio,80000000,80010000,80010400
Brick,10003821,Escaleras (no eléctricos),80000000,80010000,80010400
Brick,10008414,Placas Vibradoras (eléctricas),80000000,80010000,80010400
Brick,10003473,Plataformas/andamios (no eléctricos),80000000,80010000,80010400
Brick,10003497,Plataformas/carretillas manuales (no eléctricos),80000000,80010000,80010400
Brick,10005679,Poleas y correas de transmisión (no eléctricos),80000000,80010000,80010400
Brick,10007956,Polipastos/Ascensores/Montacargas/Gatos (no eléctricos),80000000,80010000,80010400
Brick,10003679,Polipastos/Cabrestantes/Elevadores/Gatos (eléctricos),80000000,80010000,80010400
Brick,10008025,Taburetes (no eléctricos),80000000,80010000,80010400
Brick,10006779,Tirador de polea (eléctrico),80000000,80010000,80010400
Brick,10006778,Tirador de polea (manual) (no eléctrico),80000000,80010000,80010400
Brick,10007975,Aspiradoras industriales de humedad/secado/para la construcción (eléctricas),80000000,80010000,80013500
Brick,10007978,Cabezales para aspiradoras industriales de humedad/secado/para la construcción (eléctricos),80000000,80010000,80013500
Brick,10008443,Equipamiento de aspiradoras - Piezas de repuesto/accesorios,80000000,80010000,80013500
Brick,10007976,Filtros para aspiradoras industriales de humedad/secado/para la construcción (eléctricos),80000000,80010000,80013500
Brick,10007977,Mangueras/tubos para aspiradoras industriales de humedad/secado/para la construcción (eléctricos),80000000,80010000,80013500
Brick,10003737,Buriladoras/ruteadora/fresadora (eléctricas),80000000,80010000,80013600
Brick,10005718,Ensambladora engalletadora (eléctrica),80000000,80010000,80013600
Brick,10003495,Extractores de clavos (no eléctricos),80000000,80010000,80010500
Brick,10003562,Extractores de tornillos (no eléctricos),80000000,80010000,80010500
Brick,10008421,Herramientas de demolición/remoción - Consumibles,80000000,80010000,80010500
Brick,10008420,Herramientas de demolición/remoción - Piezas de repuesto/accesorios,80000000,80010000,80010500
Brick,10003563,Máquinas para abrir tuercas (no eléctricos),80000000,80010000,80010500
Brick,10003499,Palancas/barras para hacer palancas (no eléctricos),80000000,80010000,80010500
Brick,10003649,Equipo para soldar/soldadora (eléctricos),80000000,80010000,80012700
Brick,10007937,Herramienta para soldar/soplete varillas/alambre/soldadura - consumibles,80000000,80010000,80012700
Brick,10007936,Herramientas generadoras de calor - Piezas de repuesto/accesorios,80000000,80010000,80012700
Brick,10006783,Linternas de gas (no eléctrico),80000000,80010000,80012700
Brick,10006784,Linternas/antorchas/soplete de soldadura (no eléctricos),80000000,80010000,80012700
Brick,10008423,Pistolas de aire caliente - Consumibles,80000000,80010000,80012700
Brick,10003662,Pistolas de calor (eléctricas),80000000,80010000,80012700
Brick,10003651,Soldadoras de arco (eléctricos),80000000,80010000,80012700
Brick,10003744,Sopletes de soldar (eléctricos),80000000,80010000,80012700
Brick,10003663,Engrasadores a presión (eléctricos),80000000,80010000,80013200
Brick,10006782,Pistolas de fluidos (eléctrico),80000000,80010000,80013200
Brick,10005213,Pistolas de pegamento (eléctricas),80000000,80010000,80013200
Brick,10005653,Aplicadores de pintura (eléctricos),80000000,80010000,80010200
Brick,10005654,Aplicadores de pintura (no eléctricos),80000000,80010000,80010200
Brick,10003476,Espátulas para masilla/tablaroca  (No eléctricas),80000000,80010000,80010200
Brick,10002481,Herramientas de paneles de yeso - Accesorios/partes de recambio,80000000,80010000,80010200
Brick,10003884,Herramientas para revestimiento de pared/techo (eléctricas),80000000,80010000,80010200
Brick,10005672,Herramientas para revestimiento de pared/techo (no eléctricos),80000000,80010000,80010200
Brick,10003573,Paletas para yeso (no eléctricas),80000000,80010000,80010200
Brick,10007035,Ranurador de pared (eléctrico),80000000,80010000,80010200
Brick,10005716,Calibradores de bisel (no eléctricos),80000000,80010000,80010100
Brick,10008508,Calibradores manuales (Eléctricos),80000000,80010000,80010100
Brick,10003463,Calibradores manuales (No eléctricos),80000000,80010000,80010100
Brick,10007029,Cámara endoscópica (manual) (eléctrica),80000000,80010000,80010100
Brick,10003458,Cintas métricas (manuales) (no eléctricos),80000000,80010000,80010100
Brick,10003454,Compás manual (no eléctrico),80000000,80010000,80010100
Brick,10006777,Detector de fugas térmicas (no eléctricos),80000000,80010000,80010100
Brick,10006277,Detectores de metales (eléctricos),80000000,80010000,80010100
Brick,10005869,Detectores de vigas/clavos/detectores/sensores (eléctricos),80000000,80010000,80010100
Brick,10003464,Escuadras (manuales) (no eléctricos),80000000,80010000,80010100
Brick,10008428,Herramientas de medición/Nivelación/Marcado - Consumibles,80000000,80010000,80010100
Brick,10008427,Herramientas de Medición/Nivelación/Marcado - Piezas de Repuesto/Accesorios,80000000,80010000,80010100
Brick,10003576,Lápices/crayones - manuales (no eléctricos),80000000,80010000,80010100
Brick,10006776,Medidor de humedad (suelo) (no eléctricos),80000000,80010000,80010100
Brick,10003619,Medidores de ángulos (eléctricos),80000000,80010000,80010100
Brick,10003618,Medidores de distancia/lineales (eléctricos),80000000,80010000,80010100
Brick,10003459,Micrómetros (no eléctricos),80000000,80010000,80010100
Brick,10003465,Niveles (no eléctricos),80000000,80010000,80010100
Brick,10003620,Niveles láser (eléctricos),80000000,80010000,80010100
Brick,10003466,Plomadas (no eléctricos),80000000,80010000,80010100
Brick,10003455,Reglas (manuales) (no eléctricos),80000000,80010000,80010100
Brick,10003461,Ruedas de medición (no eléctricos),80000000,80010000,80010100
Brick,10005707,Tizas para Marcar/Cuerdas de Marcado (no eléctricas),80000000,80010000,80010100
Brick,10008433,Herramientas oscilantes/rotativas - Piezas de repuesto/accesorios,80000000,80010000,80013000
Brick,10008431,Multiherramientas oscilantes - Consumibles,80000000,80010000,80013000
Brick,10007032,Multiherramientas oscilantes (eléctricos),80000000,80010000,80013000
Brick,10008432,Multiherramientas rotativas - Consumibles,80000000,80010000,80013000
Brick,10007033,Multiherramientas rotativas (eléctricos),80000000,80010000,80013000
Brick,10003485,Diamantes corta vidrios (no eléctricos),80000000,80010000,80010300
Brick,10008426,Herramientas de albañilería/vidrio/azulejos - Piezas de Repuesto/Accesorios,80000000,80010000,80010300
Brick,10003594,Paletas para construcción (no eléctricos),80000000,80010000,80010300
Brick,10006258,Pistola para calafatear (no eléctricos),80000000,80010000,80010300
Brick,10008279,Pistolas de aislamiento (no eléctrico),80000000,80010000,80010300
Brick,10003664,Pistolas para calefactar (eléctricas),80000000,80010000,80010300
Brick,10003547,Pulidoras/Alisadores (no eléctricos),80000000,80010000,80010300
Brick,10008117,Rodillo para alisar autonivelantes (no eléctricos),80000000,80010000,80010300
Brick,10008418,Herramientas de hormigón/concreto - Consumibles,80000000,80010000,80013100
Brick,10008419,Herramientas para hormigón/concreto - Piezas de repuesto/accesorios,80000000,80010000,80013100
Brick,10005214,Máquinas mezcladoras de cemento/mortero (eléctricas),80000000,80010000,80013100
Brick,10007031,Mezclador/Vibrador (eléctrico),80000000,80010000,80013100
Brick,10003655,Atornilladores de impacto (eléctricos),80000000,80010000,80010600
Brick,10003665,Grapadoras (eléctricos),80000000,80010000,80010600
Brick,10008430,Herramientas de Clavadoras/Engrapadoras/Remachadora - Consumibles,80000000,80010000,80010600
Brick,10003505,Herramientas para remaches (no eléctricos),80000000,80010000,80010600
Brick,10003504,Martillo para tachuelas – No eléctrico,80000000,80010000,80010600
Brick,10003507,Piezas de repuesto/accesorios de herramientas para clavar/engrapar/fijar,80000000,80010000,80010600
Brick,10003502,Pistolas de clavos/grapas (no eléctricos),80000000,80010000,80010600
Brick,10003666,Pistolas de grapas/clavos (eléctricas),80000000,80010000,80010600
Brick,10003741,Barrenas de drenaje (eléctricas),80000000,80010000,80012000
Brick,10003564,Barrenas de drenaje (no eléctricos),80000000,80010000,80012000
Brick,10003480,Cortadores de tuberías/tubos (no eléctricos),80000000,80010000,80012000
Brick,10003640,Cortatubos (eléctricos),80000000,80010000,80012000
Brick,10003549,Herramientas de abocardado (no eléctricos),80000000,80010000,80012000
Brick,10005658,Herramientas de congelación de tuberías (no eléctricos),80000000,80010000,80012000
Brick,10008434,Herrmientas para Tuberias/Tubos-  Piezas de repuesto/accesorios,80000000,80010000,80012000
Brick,10003548,Máquinas para doblar tuberías (no eléctricos),80000000,80010000,80012000
Brick,10003642,Máquinas para enroscar tubos (no eléctricos),80000000,80010000,80012000
Brick,10008439,Herramientas/Equipamiento Otros - Consumibles,80000000,80010000,80012800
Brick,10003608,Herramientas/equipo eléctrico fijo - Accesorios/recambios,80000000,80010000,80012800
Brick,10006845,Herramientas/equipos – otro (manual),80000000,80010000,80012800
Brick,10008368,Enchufes (no eléctricos),80000000,80010000,80011700
Brick,10005252,Juegos de dados (no eléctricos),80000000,80010000,80011700
Brick,10003796,Juegos de llaves de tuercas/destornilladores/llaves inglesas (no eléctricos),80000000,80010000,80011700
Brick,10003656,Llaves de impacto (eléctricas),80000000,80010000,80011700
Brick,10003527,Llaves de tuerca/llaves inglesas/llaves - Piezas de repuesto/accesorios,80000000,80010000,80011700
Brick,10003827,Llaves hexagonales (no eléctricos),80000000,80010000,80011700
Brick,10003797,Llaves inglesas – Mangos/extensiones para llaves (no eléctricos),80000000,80010000,80011700
Brick,10003508,Llaves inglesas/llaves de tuercas (no eléctricos),80000000,80010000,80011700
Brick,10003795,Paquetes variados de llaves/para tubos/inglesas,80000000,80010000,80011700
Brick,10003789,Hachas (manuales) (no eléctricos),80000000,80010000,80011600
Brick,10007028,Martillo de demolición (eléctrico),80000000,80010000,80011600
Brick,10003500,Martillos (manuales) (no eléctricos),80000000,80010000,80011600
Brick,10003660,Martillos giratorios (eléctricos),80000000,80010000,80011600
Brick,10003501,Martillos/mazos/hachas – Accesorios/recambios,80000000,80010000,80011600
Brick,10003788,Mazos (manuales) (no eléctricos),80000000,80010000,80011600
Brick,10003791,Paquetes variados de martillos/mazos/hachas (manuales) (no eléctricos),80000000,80010000,80011600
Brick,10003552,Yunques (manuales) (no eléctricos),80000000,80010000,80011600
Brick,10008429,Militar - Equipamiento especializado de ingeniería - Piezas de repuesto/Accesorios,80000000,80010000,80012900
Brick,10008057,Militar - Equipo de especialidad de ingeniería (eléctrico),80000000,80010000,80012900
Brick,10008056,Militar - Equipos especiales de ingeniería (no eléctricos),80000000,80010000,80012900
Brick,10005645,Herramientas/equipos – Paquetes variados,80000000,80010000,80012300
Brick,10003489,Juegos de punzones/avellanadores (no eléctricos),80000000,80010000,80011300
Brick,10003778,Paquetes variados de clavos/perforadoras/punzones,80000000,80010000,80011300
Brick,10003487,Perforadoras (no eléctricos),80000000,80010000,80011300
Brick,10003490,Punzones (no eléctricos),80000000,80010000,80011300
Brick,10008413,Punzones/perforadoras/avellanadores  - Piezas de repuesto/accesorios,80000000,80010000,80011300
Brick,10007026,Abrasivos/pulverizadores/arenadores (eléctricos),80000000,80010000,80011000
Brick,10008139,Afiladores de herramientas (eléctricos),80000000,80010000,80011000
Brick,10003540,Afiladores de herramientas (no eléctricos),80000000,80010000,80011000
Brick,10003644,Esmeriladora (eléctrica),80000000,80010000,80011000
Brick,10003538,Fresadora (no eléctrica),80000000,80010000,80011000
Brick,10003539,Guías para esmerilado o bruñido (no eléctricos),80000000,80010000,80011000
Brick,10003611,Lijadoras combinadas de disco/cinta (eléctricos),80000000,80010000,80011000
Brick,10003669,Lijadoras de acabado (eléctricos),80000000,80010000,80011000
Brick,10003668,Lijadoras de cinta (fijas) (eléctricas),80000000,80010000,80011000
Brick,10003742,Lijadoras de cinta (portátiles) (eléctricas),80000000,80010000,80011000
Brick,10003609,Lijadoras de disco (eléctricos) (fijos),80000000,80010000,80011000
Brick,10005248,Lijadoras de disco/Lijadoras para paneles de yeso (portátiles) (eléctricas),80000000,80010000,80011000
Brick,10003610,Lijadoras de torno (eléctricas),80000000,80010000,80011000
Brick,10003672,Lijadoras para detalles (eléctricas),80000000,80010000,80011000
Brick,10008424,Molinillos/Afiladores/Raspadores/Lijadoras - Consumibles,80000000,80010000,80011000
Brick,10008425,Molinillos/Afiladores/Raspadores/Lijadoras - Piezas de Repuesto/Accesorios,80000000,80010000,80011000
Brick,10003543,Raspadores (no eléctricos),80000000,80010000,80011000
Brick,10003648,Rectificadora de superficie (eléctrica),80000000,80010000,80011000
Brick,10003598,Rectificadoras de banco (eléctricas),80000000,80010000,80011000
Brick,10007034,Rodillos de lijado (eléctrico),80000000,80010000,80011000
Brick,10003647,Triturador neumático/recto (eléctricos),80000000,80010000,80011000
Brick,10008448,Rociadores - Piezas de repuesto/accesorios,80000000,80010000,80013300
Brick,10008446,Rociadores (eléctricos),80000000,80010000,80013300
Brick,10008447,Rociadores (no eléctricos),80000000,80010000,80013300
Brick,10003596,Cortadoras de vidrio/sierras para azulejos/sierras refrigeradas con agua (eléctricas),80000000,80010000,80011800
Brick,10003800,Hojas – Para sierras  (No eléctricos),80000000,80010000,80011800
Brick,10008438,"Sierra húmeda, cortadores de azulejo/cristal  - Consumible",80000000,80010000,80011800
Brick,10003801,Sierras – Recambios/accesorios,80000000,80010000,80011800
Brick,10003799,Sierras (no eléctricos),80000000,80010000,80011800
Brick,10003631,Sierras alternativas verticales (eléctricas),80000000,80010000,80011800
Brick,10003629,Sierras alternativas/recíprocas (eléctricos),80000000,80010000,80011800
Brick,10005223,Sierras circulares (eléctricas),80000000,80010000,80011800
Brick,10003602,Sierras de arco (eléctricas),80000000,80010000,80011800
Brick,10003597,Sierras de banda (fijas) (eléctricas),80000000,80010000,80011800
Brick,10005231,Sierras de banda (portátiles) (eléctricas),80000000,80010000,80011800
Brick,10003603,Sierras de brazo radial (eléctricas),80000000,80010000,80011800
Brick,10007030,Sierras de corona (eléctricas),80000000,80010000,80011800
Brick,10003738,Sierras de inglete (portátiles) (eléctricas),80000000,80010000,80011800
Brick,10003601,Sierras de mesa (fijas) (eléctricas),80000000,80010000,80011800
Brick,10003627,Sierras de mesa (portátiles) (eléctricas),80000000,80010000,80011800
Brick,10003641,Sierras giratorias (eléctricas),80000000,80010000,80011800
Brick,10007027,Kit de taladro percutor y atornillador de impacto (eléctrico),80000000,80010000,80011100
Brick,10003659,Martillos percutores (eléctricos),80000000,80010000,80011100
Brick,10003542,Taladradoras – Accesorios/ recambios,80000000,80010000,80011100
Brick,10003541,Taladradoras (no eléctricos),80000000,80010000,80011100
Brick,10003658,Taladradoras combinadas (eléctricas),80000000,80010000,80011100
Brick,10003613,Taladradoras hidráulicas/mortajadoras (eléctricas),80000000,80010000,80011100
Brick,10003653,Taladro/Destornilladores (eléctricos),80000000,80010000,80011100
Brick,10008422,Taladros - Consumibles,80000000,80010000,80011100
Brick,10008490,Tijeras / Cizallas (sin motor),80000000,80010000,80013700
Brick,10003535,Abrazaderas (no eléctricos),80000000,80010000,80010900
Brick,10003536,Prensas o tornillos de banco (no eléctricos),80000000,80010000,80010900
Brick,10003537,Prensas/Tornillos de banco/abrazaderas – Accesorios/recambios,80000000,80010000,80010900
Brick,10005216,Faroles/antorchas/lámparas de exterior (no eléctricos),14000000,14010000,14010400
Brick,10005642,Linternas/flashes eléctricos,14000000,14010000,14010400
Brick,10005481,Balastos/arrancadores,14000000,14010000,14010200
Brick,10005633,Clavijas de bombillas (sockets),14000000,14010000,14010200
Brick,10005634,Reguladores,14000000,14010000,14010200
Brick,10006896,Iluminación eléctrica – Otros,14000000,14010000,14010300
Brick,10005217,Accesorios/recambios de iluminación para jardín/césped,14000000,14010000,14010500
Brick,10005636,Bases/soporte de lámparas,14000000,14010000,14010500
Brick,10005638,Cambiadores de bombillas,14000000,14010000,14010500
Brick,10005635,Pantallas de lámparas,14000000,14010000,14010500
Brick,10005637,Soportes/acoplamientos para lámparas,14000000,14010000,14010500
Brick,10007931,Trípode (iluminación),14000000,14010000,14010500
Brick,10000552,Bombillas/Fluorescentes/Diodos emisores de luz,14000000,14010000,14010100
Brick,10005641,Ilimunación - independiente,14000000,14010000,14010100
Brick,10008404,Iluminación colgante,14000000,14010000,14010100
Brick,10008406,Iluminación de debajo de gabinetes y espejos,14000000,14010000,14010100
Brick,10005640,Iluminación de fibra óptica,14000000,14010000,14010100
Brick,10008405,Iluminación enchufable,14000000,14010000,14010100
Brick,10005643,Iluminación gran angular y de luz alta (de trabajo),14000000,14010000,14010100
Brick,10008402,Iluminación incorporada,14000000,14010000,14010100
Brick,10008403,Iluminación montada,14000000,14010000,14010100
Brick,10005644,Serie de luces,14000000,14010000,14010100
Brick,10008292,Tiras de LED y piezas de repuesto/accesorios,14000000,14010000,14010100
Brick,10005146,Accesorios cosméticos/de belleza para muñecas,86000000,86010000,86010300
Brick,10006397,Accesorios para muñecos de acción,86000000,86010000,86010300
Brick,10005440,Cabezas de muñecas para peluquería (Eléctricos),86000000,86010000,86010300
Brick,10005439,Cabezas de muñecas para peluquería (No eléctricos),86000000,86010000,86010300
Brick,10005147,Escenarios/edificios de muñecas,86000000,86010000,86010300
Brick,10005149,Mobiliario de muñecas,86000000,86010000,86010300
Brick,10005150,Otros accesorios para muñecas/marionetas/muñecos de peluche,86000000,86010000,86010300
Brick,10005151,Paquetes variados para muñecas/marionetas/muñecos de peluche,86000000,86010000,86010300
Brick,10005148,Ropa de muñecas,86000000,86010000,86010300
Brick,10005152,Teatros de marionetas,86000000,86010000,86010300
Brick,10005176,Accesorios para disfraces (eléctricos),86000000,86010000,86010500
Brick,10005175,Accesorios para disfraces (no eléctricos),86000000,86010000,86010500
Brick,10005172,Disfraces,86000000,86010000,86010500
Brick,10005173,Disfraces/accesorios - otros,86000000,86010000,86010500
Brick,10005174,Paquetes variados de accesorios/disfraces,86000000,86010000,86010500
Brick,10005182,Estructuras de juego al aire libre,86000000,86010000,86010700
Brick,10005181,Juegos de jardín/al aire libre,86000000,86010000,86010700
Brick,10005180,Juegos/estructuras de juego al aire libre - otros,86000000,86010000,86010700
Brick,10005184,Juegos de mesa (eléctricos),86000000,86010000,86010800
Brick,10005183,Juegos de mesa (no eléctricos),86000000,86010000,86010800
Brick,10005185,Otros juegos de mesa,86000000,86010000,86010800
Brick,10005189,Juguetes - montables - otros,86000000,86010000,86011000
Brick,10005188,Juguetes - montables (eléctricos),86000000,86010000,86011000
Brick,10005187,Juguetes - montables (no eléctricos),86000000,86010000,86011000
Brick,10005441,Juguetes – Accesorios para juguetes rodados,86000000,86010000,86011000
Brick,10005443,Bromas,86000000,86010000,86011300
Brick,10006899,Juguetes / juegos – Otros,86000000,86010000,86011300
Brick,10005250,Juegos de rol - juguetes de cocina,86000000,86010000,86011200
Brick,10005684,Juegos de rol – actividades domésticas/jardinería/ juegos de hágalo usted mismo,86000000,86010000,86011200
Brick,10005685,Juegos de rol – Juguetes de compras/oficina/empresas,86000000,86010000,86011200
Brick,10005712,Accesorios para computadoras de juguete,86000000,86010000,86010400
Brick,10005442,Accesorios/tableros de dibujo de juguete,86000000,86010000,86010400
Brick,10005167,Bloques de construcción de juguete (eléctricos),86000000,86010000,86010400
Brick,10005166,Bloques de construcción de juguete (no eléctricos),86000000,86010000,86010400
Brick,10005164,Juguetes científicos (eléctricos),86000000,86010000,86010400
Brick,10005163,Juguetes científicos (no eléctricos),86000000,86010000,86010400
Brick,10008505,Juguetes de baño/piscina (Eléctricos),86000000,86010000,86010400
Brick,10005155,Juguetes de baño/piscina (No eléctricos),86000000,86010000,86010400
Brick,10005157,Juguetes de comunicación (eléctricos),86000000,86010000,86010400
Brick,10005156,Juguetes de comunicación (no eléctricos),86000000,86010000,86010400
Brick,10005154,Juguetes estimulantes de bebés/niños (eléctricos),86000000,86010000,86010400
Brick,10005153,Juguetes estimulantes de bebés/niños (no eléctricos),86000000,86010000,86010400
Brick,10005171,Juguetes ópticos (eléctricos),86000000,86010000,86010400
Brick,10005170,Juguetes ópticos (no eléctricos),86000000,86010000,86010400
Brick,10005162,Juguetes para empujar/tirar de ellos (eléctricos),86000000,86010000,86010400
Brick,10005161,Juguetes para empujar/tirar de ellos (no eléctricos),86000000,86010000,86010400
Brick,10005169,Maquetas de juguete (eléctricas),86000000,86010000,86010400
Brick,10005168,Maquetas de juguete (no eléctricas),86000000,86010000,86010400
Brick,10005158,Ordenadores de juguete,86000000,86010000,86010400
Brick,10005159,Otros juguetes educativos/para el desarrollo,86000000,86010000,86010400
Brick,10005160,Paquetes variados de juguetes educativos/para el desarrollo,86000000,86010000,86010400
Brick,10005165,Trompos/yoyos,86000000,86010000,86010400
Brick,10005179,Juguetes musicales - otros,86000000,86010000,86010600
Brick,10005178,Juguetes musicales (eléctricos),86000000,86010000,86010600
Brick,10005177,Juguetes musicales (no eléctricos),86000000,86010000,86010600
Brick,10005145,Marionetas,86000000,86010000,86010200
Brick,10005143,Muñecas/Muñecos de peluche (eléctricos),86000000,86010000,86010200
Brick,10005142,Muñecas/Muñecos de peluche (no eléctricos),86000000,86010000,86010200
Brick,10006396,Muñecos de acción (eléctricos),86000000,86010000,86010200
Brick,10006395,Muñecos de acción (manuales),86000000,86010000,86010200
Brick,10005144,Otras muñecas/marionetas/muñecos de peluche,86000000,86010000,86010200
Brick,10005186,Paquetes variados de juegos/juguetes,86000000,86010000,86010900
Brick,10005135,Accesorios/recambios de rompecabezas/juegos de naipes/juegos de tablero,86000000,86010000,86010100
Brick,10005139,Juegos de naipes (eléctricos),86000000,86010000,86010100
Brick,10005138,Juegos de naipes (no eléctricos),86000000,86010000,86010100
Brick,10005134,Juegos de tablero (eléctricos),86000000,86010000,86010100
Brick,10005133,Juegos de tablero (no eléctricos),86000000,86010000,86010100
Brick,10005136,Otros rompecabezas/juegos de naipes/juegos de tablero,86000000,86010000,86010100
Brick,10005137,Paquetes variados de rompecabezas/juegos de naipes/juegos de tablero,86000000,86010000,86010100
Brick,10005141,Rompecabezas (eléctricos),86000000,86010000,86010100
Brick,10005140,Rompecabezas (no eléctricos),86000000,86010000,86010100
Brick,10005192,Accesorios/recambios de juegos de coches/trenes,86000000,86010000,86011100
Brick,10005191,Juegos de coches/trenes (eléctricos),86000000,86010000,86011100
Brick,10005190,Juegos de coches/trenes (no eléctricos),86000000,86010000,86011100
Brick,10005195,Otros vehículos de juguete no aptos para montarse en ellos,86000000,86010000,86011100
Brick,10005196,Paquetes variados de vehículos de juguete no aptos para montarse en ellos,86000000,86010000,86011100
Brick,10005194,Vehículos de juguete no aptos para montarse en ellos (eléctricos),86000000,86010000,86011100
Brick,10005193,Vehículos de juguete no aptos para montarse en ellos (no eléctricos),86000000,86010000,86011100
Brick,10006755,Lotería y tarjetas para rascar,86000000,86020000,86020100
Brick,10005277,Criba de drenaje,88000000,88020000,88020200
Brick,10005280,Paquetes variados de almacenamiento de compuestos de lubricantes/protectores,88000000,88020000,88020200
Brick,10005272,Anticongelante/líquido refrigerante,88000000,88010000,88010200
Brick,10005273,Anticorrosivos,88000000,88010000,88010200
Brick,10005275,Paquetes variados de compuestos protectores,88000000,88010000,88010200
Brick,10005321,Productos antisalpicaduras,88000000,88010000,88010200
Brick,10005283,Lubricantes/paquetes variados de compuestos de protección,88000000,88010000,88010500
Brick,10005267,Aceites/líquidos lubricantes,88000000,88010000,88010100
Brick,10005269,Ceras lubricantes,88000000,88010000,88010100
Brick,10005268,Grasas lubricantes,88000000,88010000,88010100
Brick,10005270,Paquetes variados de productos lubricantes,88000000,88010000,88010100
Brick,10005356,Paquetes variados de lubricantes,88000000,88030000,88030100
Brick,10000925,Contenido digital eBook,60000000,60010000,60010200
Brick,10004103,Libros en formato auditivo,60000000,60010000,60010200
Brick,10000926,Libros y otras obras impresas,60000000,60010000,60010200
Brick,10004107,Paquetes variados de libros,60000000,60010000,60010200
Brick,10004106,Mapas electrónicos,60000000,60010000,60010400
Brick,10004105,Mapas impresos,60000000,60010000,60010400
Brick,10002103,Paquetes variados de materiales de referencia/impresos/de texto,60000000,60010000,60010100
Brick,10000927,Contenido digital periódico,60000000,60010000,60010300
Brick,10004108,Paquetes variados de publicaciones periódicas,60000000,60010000,60010300
Brick,10004104,Publicaciones periódicas en formato auditivo,60000000,60010000,60010300
Brick,10000928,Publicaciones periódicas impresas,60000000,60010000,60010300
Brick,10008163,Acero (Formado),98000000,98020000,98020100
Brick,10008161,Aluminio (Formado),98000000,98020000,98020100
Brick,10008162,Cobre (Formado),98000000,98020000,98020100
Brick,10008289,Fibra de carbono (formada),98000000,98020000,98020100
Brick,10008160,Hierro (Formado),98000000,98020000,98020100
Brick,10008164,Madera (Formada),98000000,98020000,98020100
Brick,10008168,Materia Prima (Formada)- Otros,98000000,98020000,98020100
Brick,10008167,Papeles y Cartones (Formados),98000000,98020000,98020100
Brick,10008165,Plásticos (Formados),98000000,98020000,98020100
Brick,10008166,Vidrio (Formado),98000000,98020000,98020100
Brick,10008469,Acero (desechos),98000000,98020000,98020300
Brick,10008466,Aluminio (desechos),98000000,98020000,98020300
Brick,10008470,Cobre (desechos),98000000,98020000,98020300
Brick,10008460,Desechos (Formados) - Otros,98000000,98020000,98020300
Brick,10008471,Hierro (desechos),98000000,98020000,98020300
Brick,10008465,Madera (desechos),98000000,98020000,98020300
Brick,10008459,Multicapa (desechos),98000000,98020000,98020300
Brick,10008464,Papel y cartón (desechos),98000000,98020000,98020300
Brick,10008463,Plástico (desechos),98000000,98020000,98020300
Brick,10008462,Vidrio (desechos),98000000,98020000,98020300
Brick,10008172,Acero (Reciclado/Renovable),98000000,98020000,98020200
Brick,10008170,Aluminio (Reciclado/Renovable),98000000,98020000,98020200
Brick,10008171,Cobre (Reciclado/Renovable),98000000,98020000,98020200
Brick,10008169,Hierro (Reciclado/Renovable),98000000,98020000,98020200
Brick,10008173,Madera (Reciclada/Renovable),98000000,98020000,98020200
Brick,10008177,Material (Reciclado/Renovable) - Otros,98000000,98020000,98020200
Brick,10008472,Multicapa (Reciclado/Renovable),98000000,98020000,98020200
Brick,10008176,Papeles y  Cartones (Reciclado/Renovable),98000000,98020000,98020200
Brick,10008174,Plásticos (Reciclado/Renovable),98000000,98020000,98020200
Brick,10008175,Vidrio (Reciclado/Renovable),98000000,98020000,98020200
Brick,10008150,Aceites (Sin Forma),98000000,98010000,98010100
Brick,10008155,Acero (Sin Forma),98000000,98010000,98010100
Brick,10008153,Aluminio (Sin Forma),98000000,98010000,98010100
Brick,10008154,Cobre (Sin Forma),98000000,98010000,98010100
Brick,10008152,Hierro (Sin Forma),98000000,98010000,98010100
Brick,10008156,Madera (Sin Forma),98000000,98010000,98010100
Brick,10008159,Materia prima (Sin Forma) - Otros,98000000,98010000,98010100
Brick,10008157,Plásticos (Sin Forma),98000000,98010000,98010100
Brick,10008151,Productos Químicos (Sin Forma),98000000,98010000,98010100
Brick,10008158,Vidrio (Sin Forma),98000000,98010000,98010100
Brick,10004119,Accesorios para instrumentos musicales de cuerda (no eléctricos),61000000,61010000,61010400
Brick,10004118,Accesorios para instrumentos musicales de percusión (no eléctricos),61000000,61010000,61010400
Brick,10004120,Accesorios para instrumentos musicales de viento de madera (no eléctricos),61000000,61010000,61010400
Brick,10004116,Accesorios para instrumentos musicales de viento de metal (no eléctricos),61000000,61010000,61010400
Brick,10004117,Accesorios para teclados/pianos (eléctricos),61000000,61010000,61010400
Brick,10004121,Fundas/bolsas/maletines de instrumentos musicales,61000000,61010000,61010400
Brick,10004123,Metrónomos/sintonizadores (eléctricos),61000000,61010000,61010400
Brick,10004125,Metrónomos/sintonizadores (no eléctricos),61000000,61010000,61010400
Brick,10004128,Otros accesorios para instrumentos musicales,61000000,61010000,61010400
Brick,10004127,Paquetes variados de accesorios para instrumentos musicales,61000000,61010000,61010400
Brick,10004122,Productos de limpieza para instrumentos musicales,61000000,61010000,61010400
Brick,10004124,Soportes/estantes/rayos para instrumentos musicales,61000000,61010000,61010400
Brick,10000939,Artículos de instrumentos musicales (eléctricos),61000000,61010000,61010300
Brick,10000942,Instrumentos musicales de cuerda (eléctricos),61000000,61010000,61010300
Brick,10000941,Instrumentos musicales de percusión (eléctricos),61000000,61010000,61010300
Brick,10000943,Instrumentos musicales de viento de madera (eléctricos),61000000,61010000,61010300
Brick,10000938,Instrumentos musicales de viento de metal (eléctricos),61000000,61010000,61010300
Brick,10001377,Otros instrumentos musicales (eléctricos),61000000,61010000,61010300
Brick,10000940,Teclados/pianos (eléctricos),61000000,61010000,61010300
Brick,10000936,Instrumentos musicales de cuerda (no eléctricos),61000000,61010000,61010200
Brick,10000935,Instrumentos musicales de percusión (no eléctricos),61000000,61010000,61010200
Brick,10000937,Instrumentos musicales de viento de madera (no eléctricos),61000000,61010000,61010200
Brick,10000933,Instrumentos musicales de viento de metal (no eléctricos),61000000,61010000,61010200
Brick,10001375,Otros instrumentos musicales (no eléctricos),61000000,61010000,61010200
Brick,10000934,Teclados/pianos (no eléctricos),61000000,61010000,61010200
Brick,10004126,Paquetes variados de accesorios/instrumentos musicales,61000000,61010000,61010500
Brick,10007984,Abies balsamea (abeto bálsamo),93000000,93080000,93080200
Brick,10007988,Abies concolor (Mientras abeto),93000000,93080000,93080200
Brick,10007982,Abies fraseri (abeto Fraser),93000000,93080000,93080200
Brick,10007985,Abies grandis (Gran abeto o abeto gigante),93000000,93080000,93080200
Brick,10007986,Abies guatemalensis (abeto guatemalteco),93000000,93080000,93080200
Brick,10007981,Abies koreana (abeto coreano),93000000,93080000,93080200
Brick,10007983,Abies lasiocarpa (abeto alpino),93000000,93080000,93080200
Brick,10007987,Abies magnifica (abeto Silvertip o abeto rojo),93000000,93080000,93080200
Brick,10007979,Abies nordmanniana (abeto de Nordmann),93000000,93080000,93080200
Brick,10007980,Abies procera (abeto noble),93000000,93080000,93080200
Brick,10007990,Araucaria heterophylla (pino de la isla Nordfolk),93000000,93080000,93080300
Brick,10003714,Arbustos/Árboles - Otros,93000000,93080000,93080100
Brick,10007993,Picea abies (Picea común o Picea de Noruega),93000000,93080000,93080400
Brick,10007991,Picea omorika (picea serbia),93000000,93080000,93080400
Brick,10007992,Picea Pungens (Picea de Colorado),93000000,93080000,93080400
Brick,10007999,Pinus cembra (pino suizo),93000000,93080000,93080500
Brick,10007996,Pinus edulis (pino pinyon de dos agujas),93000000,93080000,93080500
Brick,10007994,Pinus jeffreyi (pino Jeffreyi),93000000,93080000,93080500
Brick,10007995,Pinus monophylla (Pinyon Pine de una sola hoja),93000000,93080000,93080500
Brick,10007998,Pinus pinea (pino piñonero),93000000,93080000,93080500
Brick,10007997,Pinus sylvestris (pino silvestre),93000000,93080000,93080500
Brick,10006865,Alcatraces,93000000,93050000,93050100
Brick,10006864,Allium,93000000,93050000,93050100
Brick,10006861,Azucena (o lirio),93000000,93050000,93050100
Brick,10003290,Bulbos / Cormos / Rizomas / Tubérculos – Otros,93000000,93050000,93050100
Brick,10006860,Crocus,93000000,93050000,93050100
Brick,10006856,Dahlia,93000000,93050000,93050100
Brick,10006857,Gladiolus,93000000,93050000,93050100
Brick,10006854,Hippeastrum,93000000,93050000,93050100
Brick,10006859,Iris,93000000,93050000,93050100
Brick,10006858,Jacinto (Hyacinthus Orientalis),93000000,93050000,93050100
Brick,10006855,Muscari,93000000,93050000,93050100
Brick,10006862,Narciso,93000000,93050000,93050100
Brick,10006863,Tulipán,93000000,93050000,93050100
Brick,10006462,Agapanthus – Flores cortadas,93000000,93010000,93010100
Brick,10006463,Alchemilla Mollis – Flores cortadas,93000000,93010000,93010200
Brick,10006464,Alstroemeria – Flores cortadas,93000000,93010000,93010300
Brick,10006465,Anemone Coronaria – Flores cortadas,93000000,93010000,93010400
Brick,10006466,Anthurium – Flores cortadas,93000000,93010000,93010500
Brick,10006467,Antirrhinum Majus – Flores cortadas,93000000,93010000,93010600
Brick,10006468,Aster – Flores cortadas,93000000,93010000,93010700
Brick,10006469,Bouvardia – Flores cortadas,93000000,93010000,93010800
Brick,10006470,Celosia Argentea – Flores cortadas,93000000,93010000,93010900
Brick,10006471,Chamelaucium Other – Flores cortadas,93000000,93010000,93011000
Brick,10006472,Chamelaucium Uncinatum – Flores cortadas,93000000,93010000,93011000
Brick,10006473,Crisantemo – Flores cortadas,93000000,93010000,93011100
Brick,10006474,Cymbidium – Flores cortadas,93000000,93010000,93011200
Brick,10006476,Dahlia – Flores cortadas,93000000,93010000,93011400
Brick,10006477,Delphinium – Flores cortadas,93000000,93010000,93011500
Brick,10006478,Dianthus Barbatus – Flores cortadas,93000000,93010000,93011600
Brick,10006479,Dianthus Otro – Flores cortadas,93000000,93010000,93011600
Brick,10006480,Eryngium – Flores cortadas,93000000,93010000,93011700
Brick,10006481,Eustoma Russellianum – Flores cortadas,93000000,93010000,93011800
Brick,10006502,Flores cortadas Otros,93000000,93010000,93013500
Brick,10006482,Freesia – Flores cortadas,93000000,93010000,93011900
Brick,10006483,Gerbera – Flores cortadas,93000000,93010000,93012000
Brick,10006484,Gladiolus – Flores cortadas,93000000,93010000,93012100
Brick,10006485,Gypsophila Paniculata – Flores cortadas,93000000,93010000,93012200
Brick,10006486,Helianthus Annuus – Flores cortadas,93000000,93010000,93012300
Brick,10006487,Hippeastrum – Flores cortadas,93000000,93010000,93012400
Brick,10006488,Hyacinthus Orientalis – Flores cortadas,93000000,93010000,93012500
Brick,10006489,Hydrangea Macrophylla – Flores cortadas,93000000,93010000,93012600
Brick,10006490,Hypericum Androsaemum – Flores cortadas,93000000,93010000,93012700
Brick,10006491,Hypericum Other – Flores cortadas,93000000,93010000,93012700
Brick,10006492,Hypericum X Inodorum – Flores cortadas,93000000,93010000,93012700
Brick,10006493,Ilex Verticillata – Flores cortadas,93000000,93010000,93012800
Brick,10006494,Iris – Flores cortadas,93000000,93010000,93012900
Brick,10006495,Lilium Longiflorum – Flores cortadas,93000000,93010000,93013000
Brick,10006496,Lilium Otro – Flores cortadas,93000000,93010000,93013000
Brick,10006497,Limonium Otro – Flores cortadas,93000000,93010000,93013100
Brick,10006498,Limonium Sinuatum – Flores cortadas,93000000,93010000,93013100
Brick,10006499,Matthiola Incana – Flores cortadas,93000000,93010000,93013200
Brick,10006500,Narciso – Flores cortadas,93000000,93010000,93013300
Brick,10006501,Ornithogalum Saundersiae – Flores cortadas,93000000,93010000,93013400
Brick,10006503,Paeonia – Flores cortadas,93000000,93010000,93013600
Brick,10006504,Phalaenopsis – Flores cortadas,93000000,93010000,93013700
Brick,10006505,Phlox – Flores cortadas,93000000,93010000,93013800
Brick,10006506,Pittosporum – Flores cortadas,93000000,93010000,93013900
Brick,10006507,Ranunculus Asiaticus – Flores cortadas,93000000,93010000,93014000
Brick,10006508,Ranunculus Otro  – Flores cortadas,93000000,93010000,93014000
Brick,10006509,Rosa – Flores cortadas,93000000,93010000,93014100
Brick,10006510,Solidago – Flores cortadas,93000000,93010000,93014200
Brick,10006511,Strelitzia Reginae – Flores cortadas,93000000,93010000,93014300
Brick,10006512,Syringa Vulgaris – Flores cortadas,93000000,93010000,93014400
Brick,10006513,Tanacetum Parthenium – Flores cortadas,93000000,93010000,93014500
Brick,10006514,Trachelium Caeruleum – Flores cortadas,93000000,93010000,93014600
Brick,10006515,Tulipa – Flores cortadas,93000000,93010000,93014700
Brick,10006516,Vanda – Flores cortadas,93000000,93010000,93014800
Brick,10006517,Veronica – Flores cortadas,93000000,93010000,93014900
Brick,10006518,Viburnum Opulus – Flores cortadas,93000000,93010000,93015000
Brick,10006519,Zantedeschia Aethiopica – Flores cortadas,93000000,93010000,93015100
Brick,10006520,Zantedeschia Otros – Flores cortadas,93000000,93010000,93015100
Brick,10006521,Agapanthus – Follaje cortado,93000000,93020000,93020100
Brick,10006522,Anthurium – Follaje cortado,93000000,93020000,93020200
Brick,10006525,Aspidistra Elatior – Follaje cortado,93000000,93020000,93020400
Brick,10006526,Astilbe Otros – Follaje cortado,93000000,93020000,93020500
Brick,10006527,Brassica Oleracea – Follaje cortado,93000000,93020000,93020600
Brick,10006528,Carthamus Tinctorius – Follaje cortado,93000000,93020000,93020700
Brick,10006529,Corylus Avellana – Follaje cortado,93000000,93020000,93020800
Brick,10006530,Crocosmia – Follaje cortado,93000000,93020000,93020900
Brick,10006531,Cucumis – Follaje cortado,93000000,93020000,93021000
Brick,10006532,Cucurbita Maxima – Follaje cortado,93000000,93020000,93021100
Brick,10006533,Cucurbita Otros – Follaje cortado,93000000,93020000,93021100
Brick,10006534,Cucurbita Pepo – Follaje cortado,93000000,93020000,93021100
Brick,10006536,Dracaena Sanderiana – Follaje cortado,93000000,93020000,93021300
Brick,10006523,Espárragos Setaceus – Follaje cortado,93000000,93020000,93020300
Brick,10006524,Espárragos Umbellatus – Follaje cortado,93000000,93020000,93020300
Brick,10006537,Eucalyptus Cinerea – Follaje cortado,93000000,93020000,93021400
Brick,10006538,Eupatorium Rugosum – Follaje cortado,93000000,93020000,93021500
Brick,10006539,Fatsia Japonica – Follaje cortado,93000000,93020000,93021600
Brick,10006547,Follaje cortado – Otros,93000000,93020000,93022400
Brick,10006540,Gomphocarpus Fruticosus – Follaje cortado,93000000,93020000,93021700
Brick,10006541,Hydrangea Macrophylla – Follaje cortado,93000000,93020000,93021800
Brick,10006542,Ilex Verticillata – Follaje cortado,93000000,93020000,93021900
Brick,10006543,Leucadendron – Follaje cortado,93000000,93020000,93022000
Brick,10006544,Lilium – Follaje cortado,93000000,93020000,93022100
Brick,10006545,Matthiola Incana – Follaje cortado,93000000,93020000,93022200
Brick,10006546,Monstera – Follaje cortado,93000000,93020000,93022300
Brick,10006548,Panicum – Follaje cortado,93000000,93020000,93022500
Brick,10006549,Physalis Alkekengi – Follaje cortado,93000000,93020000,93022600
Brick,10006550,Pittosporum – Follaje cortado,93000000,93020000,93022700
Brick,10006551,Quercus Rubra – Follaje cortado,93000000,93020000,93022800
Brick,10006552,Rosa Rose/Hip – Follaje cortado,93000000,93020000,93022900
Brick,10006553,Ruscus Hypophyllum – Follaje cortado,93000000,93020000,93023000
Brick,10006554,Salix – Follaje cortado,93000000,93020000,93023100
Brick,10006555,Setaria Italica – Follaje cortado,93000000,93020000,93023200
Brick,10006556,Strelitzia Reginae – Follaje cortado,93000000,93020000,93023300
Brick,10006557,Symphoricarpos – Follaje cortado,93000000,93020000,93023400
Brick,10006558,Syringa Vulgaris – Follaje cortado,93000000,93020000,93023500
Brick,10006559,Thlaspi – Follaje cortado,93000000,93020000,93023600
Brick,10006535,Paquetes de variedad de Follaje cortado,93000000,93020000,93021200
Brick,10006560,Viburnum Opulus – Follaje cortado,93000000,93020000,93023700
Brick,10006561,Zantedeschia Aethiopica – Follaje cortado,93000000,93020000,93023800
Brick,10003305,Paquetes variados de plantas,93000000,93060000,93060100
Brick,10006562,Aechmea – Plantas vivas,93000000,93030000,93030100
Brick,10006563,Aeonium Arboreum – Plantas vivas,93000000,93030000,93030200
Brick,10006564,Agapanthus – Plantas vivas,93000000,93030000,93030300
Brick,10006565,Alocasia – Plantas vivas,93000000,93030000,93030400
Brick,10006566,Aloe – Plantas vivas,93000000,93030000,93030500
Brick,10006567,Alstroemeria – Plantas vivas,93000000,93030000,93030600
Brick,10006568,Anemone Hupehensis – Plantas vivas,93000000,93030000,93030700
Brick,10006569,Angelonia – Plantas vivas,93000000,93030000,93030800
Brick,10006570,Anisodontea Capensis – Plantas vivas,93000000,93030000,93030900
Brick,10006571,Anthurium – Plantas vivas,93000000,93030000,93031000
Brick,10006572,Antirrhinum Majus – Plantas vivas,93000000,93030000,93031100
Brick,10006573,Argyranthemum Frutescens – Plantas vivas,93000000,93030000,93031200
Brick,10006574,Armeria Maritima – Plantas vivas,93000000,93030000,93031300
Brick,10006575,Aster – Plantas vivas,93000000,93030000,93031400
Brick,10006576,Astilbe – Plantas vivas,93000000,93030000,93031500
Brick,10006577,Aubrieta Gracilis – Plantas vivas,93000000,93030000,93031600
Brick,10006578,Begonia – Plantas vivas,93000000,93030000,93031700
Brick,10006579,Bellis Perennis – Plantas vivas,93000000,93030000,93031800
Brick,10006580,Bidens – Plantas vivas,93000000,93030000,93031900
Brick,10006581,Bougainvillea – Plantas vivas,93000000,93030000,93032000
Brick,10006582,Brachyscome Multifida – Plantas vivas,93000000,93030000,93032100
Brick,10006583,Brassica – Plantas vivas,93000000,93030000,93032200
Brick,10006584,Bromelia – Plantas vivas,93000000,93030000,93032300
Brick,10006585,Brugmansia – Plantas vivas,93000000,93030000,93032400
Brick,10007811,Coffea - plantas vivas,93000000,93030000,93037700
Brick,10006586,Calathea – Plantas vivas,93000000,93030000,93032500
Brick,10006587,Calibrachoa – Plantas vivas,93000000,93030000,93032600
Brick,10006588,Calocephalus Brownii – Plantas vivas,93000000,93030000,93032700
Brick,10006589,Campanula Portenschlagiana – Plantas vivas,93000000,93030000,93032800
Brick,10006590,Canna – Plantas vivas,93000000,93030000,93032900
Brick,10007810,"Castaño de Australia, Castaño ornamental o Castaño australiano",93000000,93030000,93037600
Brick,10006591,Celosia – Plantas vivas,93000000,93030000,93033000
Brick,10006592,Chamaedorea Elegans – Plantas vivas,93000000,93030000,93033100
Brick,10006593,Chlorophytum Comosum – Plantas vivas,93000000,93030000,93033200
Brick,10006595,Clivia Miniata – Plantas vivas,93000000,93030000,93033400
Brick,10006596,Cocos Nucifera – Plantas vivas,93000000,93030000,93033500
Brick,10006597,Codiaeum Variegatum – Plantas vivas,93000000,93030000,93033600
Brick,10006598,Cordyline Australis – Plantas vivas,93000000,93030000,93033700
Brick,10006599,Coreopsis Grandiflora – Plantas vivas,93000000,93030000,93033800
Brick,10006600,Cortaderia Selloana – Plantas vivas,93000000,93030000,93033900
Brick,10006601,Cosmos Bipinnatus – Plantas vivas,93000000,93030000,93034000
Brick,10006594,Crisantemo – plantas vivas,93000000,93030000,93033300
Brick,10006602,Cuphea Hyssopifolia – Plantas vivas,93000000,93030000,93034100
Brick,10006603,Cupressus Macrocarpa – Plantas vivas,93000000,93030000,93034200
Brick,10006604,Curcuma Alismatifolia – Plantas vivas,93000000,93030000,93034300
Brick,10006605,Cycas Revoluta – Plantas vivas,93000000,93030000,93034400
Brick,10006606,Cyclamen Persicum – Plantas vivas,93000000,93030000,93034500
Brick,10006607,Cymbidium – Plantas vivas,93000000,93030000,93034600
Brick,10006608,Cyperus Alternifolius – Plantas vivas,93000000,93030000,93034700
Brick,10006609,Dahlia – Plantas vivas,93000000,93030000,93034800
Brick,10006610,Delphinium – Plantas vivas,93000000,93030000,93034900
Brick,10006611,Dendrobium Nobile – Plantas vivas,93000000,93030000,93035000
Brick,10006612,Dianthus – plantas vivas,93000000,93030000,93035100
Brick,10006613,Dicentra Spectabilis – Plantas vivas,93000000,93030000,93035200
Brick,10006614,Dieffenbachia – Plantas vivas,93000000,93030000,93035300
Brick,10007812,Dionaea Muscipula - Plantas vivas,93000000,93030000,93037800
Brick,10006615,Dorotheanthus Bellidiformis – Plantas vivas,93000000,93030000,93035400
Brick,10006616,Dracaena Marginata – Plantas vivas,93000000,93030000,93035500
Brick,10006617,Dypsis Lutescens – Plantas vivas,93000000,93030000,93035600
Brick,10006618,Echeveria – Plantas vivas,93000000,93030000,93035700
Brick,10006619,Echinacea Purpurea – Plantas vivas,93000000,93030000,93035800
Brick,10006620,Epipremnum Pinnatum – Plantas vivas,93000000,93030000,93035900
Brick,10006621,Euphorbia Pulcherrima – Plantas vivas,93000000,93030000,93036000
Brick,10006622,Euryops – Plantas vivas,93000000,93030000,93036100
Brick,10006623,Fargesia Murieliae – Plantas vivas,93000000,93030000,93036200
Brick,10006624,Felicia Amelloides – Plantas vivas,93000000,93030000,93036300
Brick,10006625,Festuca Glauca – Plantas vivas,93000000,93030000,93036400
Brick,10006635,Ficus Benjamina – Plantas vivas,93000000,93030000,93037400
Brick,10006626,Fittonia – Plantas vivas,93000000,93030000,93036500
Brick,10006627,Fuchsia – Plantas vivas,93000000,93030000,93036600
Brick,10006628,Gardenia Jasminoides – Plantas vivas,93000000,93030000,93036700
Brick,10006629,Gaura Lindheimeri – Plantas vivas,93000000,93030000,93036800
Brick,10006630,Gazania – Plantas vivas,93000000,93030000,93036900
Brick,10006631,Gentiana – Plantas vivas,93000000,93030000,93037000
Brick,10006632,Gerbera – Plantas vivas,93000000,93030000,93037100
Brick,10006633,Guzmania – Plantas vivas,93000000,93030000,93037200
Brick,10006634,Gypsophila Muralis – Plantas vivas,93000000,93030000,93037300
Brick,10006636,Hedera Helix – Plantas vivas,93000000,93040000,93040100
Brick,10006637,Helianthus Annuus – Plantas vivas,93000000,93040000,93040200
Brick,10006638,Helichrysum Petiolare – Plantas vivas,93000000,93040000,93040300
Brick,10006639,Heliotropium – Plantas vivas,93000000,93040000,93040400
Brick,10006640,Helleborus Niger – Plantas vivas,93000000,93040000,93040500
Brick,10006641,Heuchera – Plantas vivas,93000000,93040000,93040600
Brick,10006642,Hibiscus Rosa-Sinensis – Plantas vivas,93000000,93040000,93040700
Brick,10006643,Hippeastrum – Plantas vivas,93000000,93040000,93040800
Brick,10006644,Hordeum – Plantas vivas,93000000,93040000,93040900
Brick,10006645,Hosta – Plantas vivas,93000000,93040000,93041000
Brick,10006646,Howea Forsteriana – Plantas vivas,93000000,93040000,93041100
Brick,10006647,Hyacinthus Orientalis – Plantas vivas,93000000,93040000,93041200
Brick,10006648,Hydrangea Macrophylla – Plantas vivas,93000000,93040000,93041300
Brick,10006649,Impatiens – Plantas vivas,93000000,93040000,93041400
Brick,10006650,Jasminum Polyanthum – Plantas vivas,93000000,93040000,93041500
Brick,10006651,Kalanchoe Blossfeldiana – Plantas vivas,93000000,93040000,93041600
Brick,10006652,Lantana Camara – Plantas vivas,93000000,93040000,93041700
Brick,10006653,Leucanthemum – Plantas vivas,93000000,93040000,93041800
Brick,10006654,Lewisia Cotyledon – Plantas vivas,93000000,93040000,93041900
Brick,10006655,Lilium – Plantas vivas,93000000,93040000,93042000
Brick,10006656,Lithodora Diffusa – Plantas vivas,93000000,93040000,93042100
Brick,10006658,Livistona Rotundifolia – Plantas vivas,93000000,93040000,93042300
Brick,10006659,Lobelia Erinus – Plantas vivas,93000000,93040000,93042400
Brick,10006660,Lotus Corniculatus – Plantas vivas,93000000,93040000,93042500
Brick,10007921,Ludwigia - Plantas vivas,93000000,93040000,93048700
Brick,10006661,Lupinus – Plantas vivas,93000000,93040000,93042600
Brick,10006662,Mandevilla – Plantas vivas,93000000,93040000,93042700
Brick,10006663,Medinilla Magnifica – Plantas vivas,93000000,93040000,93042800
Brick,10006664,Miltonia – Plantas vivas,93000000,93040000,93042900
Brick,10007922,Musa - Plantas vivas,93000000,93040000,93048800
Brick,10006665,Muscari – Plantas vivas,93000000,93040000,93043000
Brick,10006666,Myosotis Sylvatica – Plantas vivas,93000000,93040000,93043100
Brick,10006667,Narciso – Plantas vivas,93000000,93040000,93043200
Brick,10006668,Nephrolepis Exaltata – Plantas vivas,93000000,93040000,93043300
Brick,10006669,Nolina Recurvata – Plantas vivas,93000000,93040000,93043400
Brick,10006670,Nymphaea – Plantas vivas,93000000,93040000,93043500
Brick,10006671,Oncidium – Plantas vivas,93000000,93040000,93043600
Brick,10006672,Orchis – Plantas vivas,93000000,93040000,93043700
Brick,10006673,Ornithogalum Thyrsoides – Plantas vivas,93000000,93040000,93043800
Brick,10006674,Osteospermum – Plantas vivas,93000000,93040000,93043900
Brick,10006681,Pachira Aquatica – Plantas vivas,93000000,93040000,93044100
Brick,10006682,Paeonia – Plantas vivas,93000000,93040000,93044200
Brick,10006683,Papaver Nudicaule – Plantas vivas,93000000,93040000,93044300
Brick,10006684,Paphiopedilum – Plantas vivas,93000000,93040000,93044400
Brick,10006657,Paquetes variados de plantas vivas,93000000,93040000,93042200
Brick,10006685,Pelargonium – Plantas vivas,93000000,93040000,93044500
Brick,10006686,Pennisetum – Plantas vivas,93000000,93040000,93044600
Brick,10007923,Peperomia - Plantas vivas,93000000,93040000,93048900
Brick,10006687,Petunia – Plantas vivas,93000000,93040000,93044700
Brick,10006688,Phalaenopsis – Plantas vivas,93000000,93040000,93044800
Brick,10007925,Philodendron - Plantas vivas,93000000,93040000,93049100
Brick,10006689,Phlox – Plantas vivas,93000000,93040000,93044900
Brick,10006690,Phoenix Roebelenii – Plantas vivas,93000000,93040000,93045000
Brick,10007924,Pilea - Plantas vivas,93000000,93040000,93049000
Brick,10006676,Ferns – Otras plantas vivas,93000000,93040000,93044000
Brick,10006677,Grasses – Otras plantas vivas,93000000,93040000,93044000
Brick,10006678,Herbs – Otras plantas vivas,93000000,93040000,93044000
Brick,10006680,Plantas acuáticas – Otras plantas vivas,93000000,93040000,93044000
Brick,10006679,Plantas vivas – Otras,93000000,93040000,93044000
Brick,10006675,Succulents/Cacti – Otras plantas vivas,93000000,93040000,93044000
Brick,10006691,Platycodon Grandiflorus – Plantas vivas,93000000,93040000,93045100
Brick,10006692,Plectranthus – Plantas vivas,93000000,93040000,93045200
Brick,10007926,Polyscias - Plantas vivas,93000000,93040000,93049200
Brick,10006693,Portulaca – Plantas vivas,93000000,93040000,93045300
Brick,10006694,Primula – Plantas vivas,93000000,93040000,93045400
Brick,10006695,Ranunculus – Plantas vivas,93000000,93040000,93045500
Brick,10007927,Rhapis - Plantas vivas,93000000,93040000,93049300
Brick,10006696,Rhipsalidopsis – Plantas vivas,93000000,93040000,93045600
Brick,10006697,Rhododendron – plantas vivas,93000000,93040000,93045700
Brick,10006726,Rosa – Plantas vivas,93000000,93040000,93045800
Brick,10006698,Saintpaulia – Plantas vivas,93000000,93040000,93045900
Brick,10006699,Salvia Nemorosa – Plantas vivas,93000000,93040000,93046000
Brick,10006700,Sansevieria Cylindrica – Plantas vivas,93000000,93040000,93046100
Brick,10006701,Sanvitalia Procumbens – Plantas vivas,93000000,93040000,93046200
Brick,10006703,Saxifraga – Plantas vivas,93000000,93040000,93046400
Brick,10006704,Schefflera Arboricola – Plantas vivas,93000000,93040000,93046500
Brick,10006705,Schlumbergera – Plantas vivas,93000000,93040000,93046600
Brick,10006706,Sedum – Plantas vivas,93000000,93040000,93046700
Brick,10006707,Sempervivum – Plantas vivas,93000000,93040000,93046800
Brick,10006708,Senecio Marítima – Plantas vivas,93000000,93040000,93046900
Brick,10006709,Sinningia – Plantas vivas,93000000,93040000,93047000
Brick,10006710,Solanum Rantonnetii – Plantas vivas,93000000,93040000,93047100
Brick,10006711,Spathiphyllum – Plantas vivas,93000000,93040000,93047200
Brick,10006712,Stephanotis Floribunda – Plantas vivas,93000000,93040000,93047300
Brick,10006713,Sutera Cordata – Plantas vivas,93000000,93040000,93047400
Brick,10006714,Tagetes – Plantas vivas,93000000,93040000,93047500
Brick,10006715,Tillandsia Cyanea – Plantas vivas,93000000,93040000,93047600
Brick,10006716,Tulipa – Plantas vivas,93000000,93040000,93047700
Brick,10006717,Vanda – Plantas vivas,93000000,93040000,93047800
Brick,10006718,Verbena – Plantas vivas,93000000,93040000,93047900
Brick,10006719,Viola – Plantas vivas,93000000,93040000,93048000
Brick,10006720,Vriesea – Plantas vivas,93000000,93040000,93048100
Brick,10006721,XBurrageara – Plantas vivas,93000000,93040000,93048200
Brick,10006722,Xcitrofortunella Microcarpa – Plantas vivas,93000000,93040000,93048300
Brick,10006723,Yuca – Plantas vivas,93000000,93040000,93048400
Brick,10006724,Zamioculcas Zamiifolia – Plantas vivas,93000000,93040000,93048500
Brick,10006725,Zantedeschia – Plantas vivas,93000000,93040000,93048600
Brick,10006774,Plántulas – listas para crecer,93000000,93110000,93110100
Brick,10006765,Mini ramos de claveles,93000000,93100000,93100100
Brick,10006771,Otros ramos de flores,93000000,93100000,93100100
Brick,10006770,Ramos combinados,93000000,93100000,93100100
Brick,10006768,Ramos de astromelia,93000000,93100000,93100100
Brick,10006764,Ramos de claveles,93000000,93100000,93100100
Brick,10006767,Ramos de crisantemo,93000000,93100000,93100100
Brick,10006769,Ramos de flores tropicales,93000000,93100000,93100100
Brick,10006766,Ramos de lirio,93000000,93100000,93100100
Brick,10006763,Ramos de rosas,93000000,93100000,93100100
Brick,10007944,Esporas - Otras,93000000,93070000,93070200
Brick,10007946,Semillas de abono verde,93000000,93070000,93070100
Brick,10007943,Semillas de cesped,93000000,93070000,93070100
Brick,10003291,Semillas/esporas,93000000,93070000,93070100
Brick,10003852,Verduras/hongos,93000000,93090000,93090100
Brick,10001330,Artículos de ropa para el cuello,67000000,67010000,67010100
Brick,10001329,Artículos de ropa para la cabeza,67000000,67010000,67010100
Brick,10001328,Artículos de ropa para las manos,67000000,67010000,67010100
Brick,10006903,Cinta para ropa / moda,67000000,67010000,67010100
Brick,10001326,Cinturones/tirantes/fajas,67000000,67010000,67010100
Brick,10001331,Complementos de ropa/accesorios florales/broches/hebillas,67000000,67010000,67010100
Brick,10001327,Pañuelos,67000000,67010000,67010100
Brick,10001354,Paquetes variados de accesorios de ropa,67000000,67010000,67010100
Brick,10002102,Paquetes variados de ropa,67000000,67010000,67011100
Brick,10001334,Faldas,67000000,67010000,67010300
Brick,10001335,Pantalones largos/cortos,67000000,67010000,67010300
Brick,10001356,Paquetes variados de prendas para la parte inferior del cuerpo,67000000,67010000,67010300
Brick,10001352,Camisas/blusas/polos/camisetas,67000000,67010000,67010800
Brick,10001350,Chaquetas/chaqueta deportiva/cárdigan/chalecos,67000000,67010000,67010800
Brick,10001361,Paquetes variados de prendas para la parte superior del cuerpo,67000000,67010000,67010800
Brick,10001351,Sudaderas/jerseys,67000000,67010000,67010800
Brick,10001332,Batas/prendas ajustadas,67000000,67010000,67010200
Brick,10001355,Paquetes variados de prendas para todo el cuerpo,67000000,67010000,67010200
Brick,10001333,Vestidos,67000000,67010000,67010200
Brick,10001339,Camisones/camisolas,67000000,67020000,67020100
Brick,10001340,Gorros para dormir,67000000,67020000,67020100
Brick,10001341,Pantalones de pijama largos/cortos,67000000,67020000,67020100
Brick,10001358,Paquetes variados de prendas para dormir,67000000,67020000,67020100
Brick,10001338,Saltos de cama,67000000,67020000,67020100
Brick,10001359,Paquetes variados de prendas deportivas,67000000,67030000,67030100
Brick,10004115,Prendas deportivas – Broches/hebillas,67000000,67030000,67030100
Brick,10004114,Prendas deportivas – Cinturones,67000000,67030000,67030100
Brick,10006840,Prendas deportivas – Otras,67000000,67030000,67030100
Brick,10004113,Prendas deportivas – Para el cuello,67000000,67030000,67030100
Brick,10001343,Prendas deportivas – Para la parte inferior del cuerpo,67000000,67030000,67030100
Brick,10001344,Prendas deportivas – Para la parte superior del cuerpo,67000000,67030000,67030100
Brick,10001342,Prendas deportivas – Para todo el cuerpo,67000000,67030000,67030100
Brick,10003709,Ropa deportiva - calcetería,67000000,67030000,67030100
Brick,10003707,Ropa deportiva - guantes,67000000,67030000,67030100
Brick,10003708,Ropa deportiva - sombreros,67000000,67030000,67030100
Brick,10001348,Calcetines,67000000,67040000,67040100
Brick,10001349,Camisetas interiores/camisas/camisolas,67000000,67040000,67040100
Brick,10002424,Combinación/enagua/viso,67000000,67040000,67040100
Brick,10002426,Ligueros/liga,67000000,67040000,67040100
Brick,10001347,Medias/bragas/calzoncillos,67000000,67040000,67040100
Brick,10002425,Pantis/medias,67000000,67040000,67040100
Brick,10001360,Paquetes variados de ropa interior,67000000,67040000,67040100
Brick,10001346,Ropa interior para todo el cuerpo,67000000,67040000,67040100
Brick,10001345,Sujetadores/corpiños/corsés,67000000,67040000,67040100
Brick,10003704,Accesorios para las prendas de protección,67000000,67050000,67050100
Brick,10005115,Accesorios/recambios de artículos de seguridad personal,67000000,67050000,67050100
Brick,10000732,Alimentación del bebé – Baberos,67000000,67050000,67050100
Brick,10005112,Caretas de protección/rejillas de protección,67000000,67050000,67050100
Brick,10005109,Cascos (eléctricos),67000000,67050000,67050100
Brick,10005110,Cascos (no eléctricos),67000000,67050000,67050100
Brick,10005107,Equipo de protección auditiva (eléctrico),67000000,67050000,67050100
Brick,10005108,Equipo de protección auditiva (no eléctrico),67000000,67050000,67050100
Brick,10005105,Equipo de protección respiratoria ambiental (eléctrico),67000000,67050000,67050100
Brick,10005106,Equipo de protección respiratoria ambiental (no eléctrico),67000000,67050000,67050100
Brick,10003586,Gafas protectoras/gafas de seguridad,67000000,67050000,67050100
Brick,10005111,Gorras/cascos,67000000,67050000,67050100
Brick,10005894,Guantes,67000000,67050000,67050100
Brick,10008243,Manta de pañales / paño de envoltura,67000000,67050000,67050100
Brick,10005116,Otros artículos de seguridad personal,67000000,67050000,67050100
Brick,10005117,Paquetes variados de artículos de seguridad personal,67000000,67050000,67050100
Brick,10003705,Paquetes variados de prendas de protección,67000000,67050000,67050100
Brick,10001394,Prendas de protección – Para todo el cuerpo,67000000,67050000,67050100
Brick,10001397,Prendas de protección para la parte inferior del cuerpo,67000000,67050000,67050100
Brick,10001398,Prendas de protección para la parte superior del cuerpo,67000000,67050000,67050100
Brick,10001395,Prendas de protección para las manos,67000000,67050000,67050100
Brick,10007933,Rodilleras protectoras,67000000,67050000,67050100
Brick,10006964,Ropa de playa/cubre traje de baño,67000000,67060000,67060100
Brick,10008068,Traje de baño - 2 piezas,67000000,67060000,67060100
Brick,10008066,Traje de baño - Parte inferior,67000000,67060000,67060100
Brick,10008067,Traje de baño de una pieza,67000000,67060000,67060100
Brick,10008065,Traje de baño-Top,67000000,67060000,67060100
Brick,10006965,Trajes de baño-otros,67000000,67060000,67060100
Brick,10007929,Aerosoles impermeabilizantes / agentes de impregnación,83000000,83010000,83010300
Brick,10002454,Aislamiento - Tableros/Rollos/Mantas,83000000,83010000,83010300
Brick,10002456,Aislamiento – Espuma de relleno suelto/pulverizado,83000000,83010000,83010300
Brick,10002460,Aislamiento – Otros,83000000,83010000,83010300
Brick,10005342,Aislamiento – Protectores de barreras/losas radiantes de calor,83000000,83010000,83010300
Brick,10005733,Aislamiento – Revestimiento/envoltura de tuberías,83000000,83010000,83010300
Brick,10007928,Barreras de vapor y foles aislantes,83000000,83010000,83010300
Brick,10002461,Paquetes variados de aislamiento,83000000,83010000,83010300
Brick,10007930,Puerta del piso,83000000,83010000,83010300
Brick,10005345,Soportes/fijaciones de aislamiento,83000000,83010000,83010300
Brick,10002670,Accesorios de apilado,83000000,83010000,83011500
Brick,10002673,Apilado/rieles – Otros,83000000,83010000,83011500
Brick,10002674,Paquetes variados de apilado/rieles,83000000,83010000,83011500
Brick,10002668,Piezas de rieles de apilado,83000000,83010000,83011500
Brick,10002669,Piso o terraza,83000000,83010000,83011500
Brick,10002671,Sistema de terrazas,83000000,83010000,83011500
Brick,10003961,Sistemas de balaustrada/rieles – No de madera,83000000,83010000,83011500
Brick,10002672,Sistemas de drenaje de apilado,83000000,83010000,83011500
Brick,10003960,Sistemas de rieles de escalera – No de madera,83000000,83010000,83011500
Brick,10008045,Aditivos de mortero / cemento / yeso / lechada,83000000,83010000,83010600
Brick,10003900,Agente de coloración/tinte del hormigón,83000000,83010000,83010600
Brick,10003899,Agentes de adhesión del hormigón,83000000,83010000,83010600
Brick,10003901,Agentes de arrastre de aire del hormigón,83000000,83010000,83010600
Brick,10008507,Arcilla/Arcilla Mortero,83000000,83010000,83010600
Brick,10008064,Arena - Cemento,83000000,83010000,83010600
Brick,10003897,Arena (hágalo usted mismo),83000000,83010000,83010600
Brick,10003904,Asfalto/hormigón/albañilería – Otros,83000000,83010000,83010600
Brick,10002529,Cal (hágalo usted mismo),83000000,83010000,83010600
Brick,10002526,Cemento,83000000,83010000,83010600
Brick,10002521,Conglomerado,83000000,83010000,83010600
Brick,10008063,Contrapiso,83000000,83010000,83010600
Brick,10003898,Creación de parches de asfalto/hormigón,83000000,83010000,83010600
Brick,10002527,Estuco,83000000,83010000,83010600
Brick,10008047,Kit de reparación de paneles de yeso / cemento,83000000,83010000,83010600
Brick,10002525,Ladrillo/bloque,83000000,83010000,83010600
Brick,10002522,Mezclas de hormigón,83000000,83010000,83010600
Brick,10003902,Mezclas de morteros,83000000,83010000,83010600
Brick,10002528,Mezclas de yeso,83000000,83010000,83010600
Brick,10007760,Nivelación de cemento / mortero,83000000,83010000,83010600
Brick,10003903,Paquetes variados de asfalto/hormigón/albañilería,83000000,83010000,83010600
Brick,10002518,Piedra para pavimento,83000000,83010000,83010600
Brick,10005632,Piezas/accesorios de repuesto para asfalto/hormigón/albañilería,83000000,83010000,83010600
Brick,10007546,Tinas de mortero / cubos de construcción,83000000,83010000,83010600
Brick,10003896,Yeso de París (Agente),83000000,83010000,83010600
Brick,10006902,Canal (canalones / drenaje),83000000,83010000,83011400
Brick,10002666,Canalización/drenaje – Otros,83000000,83010000,83011400
Brick,10005668,Cubiertas de drenaje (Canalización/drenaje),83000000,83010000,83011400
Brick,10002664,Paquetes variados de canalización/drenaje,83000000,83010000,83011400
Brick,10002665,Piezas/accesorios de canalización,83000000,83010000,83011400
Brick,10002663,Piezas/accesorios de drenaje de césped,83000000,83010000,83011400
Brick,10003956,Piezas/acoplamientos de canalón de desagüe,83000000,83010000,83011400
Brick,10007013,Rejillas de drenaje (canalones / drenaje),83000000,83010000,83011400
Brick,10003955,Tomas de corriente (canalización/drenaje),83000000,83010000,83011400
Brick,10005659,Apuntalado de techos,83000000,83010000,83010700
Brick,10002530,Columnas (Estructurales),83000000,83010000,83010700
Brick,10008281,Componentes metálicos (dimensiones/estructurales),83000000,83010000,83010700
Brick,10003942,Componentes/acoplamientos estructurales – Otros,83000000,83010000,83010700
Brick,10002533,Cuchillos de suelo,83000000,83010000,83010700
Brick,10005732,Equipo de montaje/instalación para casa móvil,83000000,83010000,83010700
Brick,10003943,Piezas/accesorios de componentes/acoplamientos estructurales,83000000,83010000,83010700
Brick,10002534,Vigas estructurales,83000000,83010000,83010700
Brick,10003925,Bloques de cristal (Sistemas de cuadrículas),83000000,83010000,83011300
Brick,10002584,Cristal,83000000,83010000,83011300
Brick,10003926,Inserciones de vidrio decorativo,83000000,83010000,83011300
Brick,10008143,Termoplástico transparente,83000000,83010000,83011300
Brick,10006900,Cubiertas / paneles de acceso,83000000,83010000,83012500
Brick,10005670,Accesorios de ferretería de fijaciones/sujeciones,83000000,83010000,83011900
Brick,10003180,Arandelas (Fijadores/Cierres),83000000,83010000,83011900
Brick,10007001,Clavijas,83000000,83010000,83011900
Brick,10003182,Clavos/Varillas (Acoplamientos/fijadores),83000000,83010000,83011900
Brick,10003170,Cojinetes/rodamientos,83000000,83010000,83011900
Brick,10003167,Cuerdas/cadenas/cables (Fijaciones/sujeciones),83000000,83010000,83011900
Brick,10003171,Enganches (Acoplamientos/fijadores),83000000,83010000,83011900
Brick,10003179,Fijadores/tacos (Fijaciones/sujeciones),83000000,83010000,83011900
Brick,10007002,Galletas de cangrejo (hágalo usted mismo),83000000,83010000,83011900
Brick,10003183,Grapas (Fijaciones/sujeciones),83000000,83010000,83011900
Brick,10003166,Juntas/arandelas,83000000,83010000,83011900
Brick,10003194,Otros elementos de ferretería de fijaciones/sujeciones,83000000,83010000,83011900
Brick,10003195,Paquetes variados de ferretería de fijaciones/sujeciones,83000000,83010000,83011900
Brick,10003187,Pasadores (Fijaciones/sujeciones),83000000,83010000,83011900
Brick,10003185,Pernos/barras de rosca,83000000,83010000,83011900
Brick,10003190,Remaches (Fijaciones/sujeciones),83000000,83010000,83011900
Brick,10003168,Resortes,83000000,83010000,83011900
Brick,10006794,Rieles de montaje,83000000,83010000,83011900
Brick,10003186,Soportes/brazos,83000000,83010000,83011900
Brick,10003165,Tensores (Acoplamientos/fijadores),83000000,83010000,83011900
Brick,10003181,Tornillos,83000000,83010000,83011900
Brick,10003173,Tubos,83000000,83010000,83011900
Brick,10003184,Tuercas (Fijaciones/sujeciones),83000000,83010000,83011900
Brick,10003916,Accesorios de repuesto para contrapuertas/protectores,83000000,83010000,83011200
Brick,10003918,Accesorios para puertas – Otros,83000000,83010000,83011200
Brick,10003191,Bisagras – Puerta,83000000,83010000,83011200
Brick,10002575,Burlete de protección atmosférica,83000000,83010000,83011200
Brick,10002578,Buzones,83000000,83010000,83011200
Brick,10005560,Carillones/timbres/zumbadores,83000000,83010000,83011200
Brick,10002572,Chapas para puertas,83000000,83010000,83011200
Brick,10002574,Cierres para puertas,83000000,83010000,83011200
Brick,10002515,Escaleras para entresuelos/áticos,83000000,83010000,83011200
Brick,10002579,Identificación para viviendas – Números/letras,83000000,83010000,83011200
Brick,10002581,Llamadores de puertas,83000000,83010000,83011200
Brick,10003914,Llaves,83000000,83010000,83011200
Brick,10003919,Paquetes variados de accesorios para puertas,83000000,83010000,83011200
Brick,10002573,Pomos/tiradores/palancas para puertas,83000000,83010000,83011200
Brick,10003906,Umbrales de puertas,83000000,83010000,83011200
Brick,10005721,Listones de madera,83000000,83010000,83010800
Brick,10003932,Madera de construcción/paneles de madera/yeso - otros,83000000,83010000,83010800
Brick,10002537,Madera tratada (Dimensión/estructural),83000000,83010000,83010800
Brick,10003933,Paquetes variados de madera/panel de madera/yeso,83000000,83010000,83010800
Brick,10005424,Postes/techos/varillas,83000000,83010000,83010800
Brick,10002536,Tablero de madera de fibra (Dimensión/estructural)Madera dimensionada/Madera estructurada/Tablón,83000000,83010000,83010800
Brick,10002540,Tablero de yeso/cemento,83000000,83010000,83010800
Brick,10007958,Tableros de construcción XPS y elementos de mosaico,83000000,83010000,83010800
Brick,10002538,Triplay / OSB / Tableros de madera,83000000,83010000,83010800
Brick,10003939,Carpintería – Ornamentos,83000000,83010000,83011000
Brick,10002507,Escaleras – Prefabricadas,83000000,83010000,83011000
Brick,10005428,Jambas (Molduras/carpintería),83000000,83010000,83011000
Brick,10003934,Molduras,83000000,83010000,83011000
Brick,10005432,Paquetes variados de piezas de molduras/carpintería para escaleras,83000000,83010000,83011000
Brick,10005431,Piezas de molduras/carpintería para escaleras – Otros,83000000,83010000,83011000
Brick,10005425,Piezas/acoplamientos de repuesto para escaleras,83000000,83010000,83011000
Brick,10006793,Plancha en la banda final para unir,83000000,83010000,83011000
Brick,10002512,Postes de arranque,83000000,83010000,83011000
Brick,10002506,Paquetes variados de productos de construcción,83000000,83010000,83010500
Brick,10006792,Alféizar de ventana,83000000,83010000,83010900
Brick,10002554,Caja de ventana,83000000,83010000,83010900
Brick,10002548,Cerrojos/pestillos para ventanas,83000000,83010000,83010900
Brick,10002557,Contrapeso para ventanas,83000000,83010000,83010900
Brick,10002543,Marcos de ventana,83000000,83010000,83010900
Brick,10008286,Mosquiteros de ventana – Piezas de repuesto/Accesorios,83000000,83010000,83010900
Brick,10002550,Mosquiteros/Cortinas contra insectos,83000000,83010000,83010900
Brick,10007039,Motorización de persianas,83000000,83010000,83010900
Brick,10005298,Operadores de ventana,83000000,83010000,83010900
Brick,10003944,Paquetes variados de piezas/accesorios para ventanas,83000000,83010000,83010900
Brick,10002547,Películas para ventanas,83000000,83010000,83010900
Brick,10003968,Persianas,83000000,83010000,83010900
Brick,10005292,Piezas/accesorios para ventanas – Otros,83000000,83010000,83010900
Brick,10002552,Pomos de ventana,83000000,83010000,83010900
Brick,10002551,Toldos – Eléctricos,83000000,83010000,83010900
Brick,10005291,Toldos – No eléctricos,83000000,83010000,83010900
Brick,10005294,Ventanas – Marco de repuesto – Madera,83000000,83010000,83010900
Brick,10005293,Ventanas – Marco de repuesto – No de madera,83000000,83010000,83010900
Brick,10005688,Abrazadera para cortinas,83000000,83010000,83012000
Brick,10003767,Accesorios de barras/guías de cortinas,83000000,83010000,83012000
Brick,10007277,Accesorios para riel de cortina,83000000,83010000,83012000
Brick,10003196,Mástiles/barras de cortina,83000000,83010000,83012000
Brick,10003202,Paquetes variados de piezas/accesorios para cortinas,83000000,83010000,83012000
Brick,10003201,Piezas/accesorios para cortinas – Otros,83000000,83010000,83012000
Brick,10003197,Rieles de cortinas,83000000,83010000,83012000
Brick,10002466,Acabado/tratamientos/revestimientos de madera,83000000,83010000,83010400
Brick,10005655,Aditivos/realzador de pintura,83000000,83010000,83010400
Brick,10005708,Brocha/Rodillo/Aplicador domésticos,83000000,83010000,83010400
Brick,10008048,Capas base / imprimaciones,83000000,83010000,83010400
Brick,10005706,Colador pintura/tinte,83000000,83010000,83010400
Brick,10005657,Conservadores/conservantes,83000000,83010000,83010400
Brick,10005730,Equipo de pintura decorativa (imitación),83000000,83010000,83010400
Brick,10005724,"Papeles, láminas y películas de protección contra polvo y pintura",83000000,83010000,83010400
Brick,10002504,Paquetes variados de pintura,83000000,83010000,83010400
Brick,10002505,Pintura – Otros,83000000,83010000,83010400
Brick,10002462,Pinturas de fines especiales,83000000,83010000,83010400
Brick,10005687,Pinturas para molduras,83000000,83010000,83010400
Brick,10003874,Pinturas/imprimaciones para viviendas,83000000,83010000,83010400
Brick,10005805,Pistolas rociadoras de aire/pulverizadoras,83000000,83010000,83010400
Brick,10002501,Quitapintura/quitabarniz/limpiadores,83000000,83010000,83010400
Brick,10003163,Abrasivos – Otros,83000000,83010000,83011800
Brick,10003162,Abrasivos minerales,83000000,83010000,83011800
Brick,10005124,Accesorios/piezas de repuesto de abrasivos,83000000,83010000,83011800
Brick,10003157,Almohadillas abrasivas/lana de acero,83000000,83010000,83011800
Brick,10003766,Capas de mortero de cemento para suelos,83000000,83010000,83011800
Brick,10005715,Cepillos de alambre,83000000,83010000,83011800
Brick,10003765,Compuesto de pulido,83000000,83010000,83011800
Brick,10003156,Papel de lija,83000000,83010000,83011800
Brick,10003164,Paquetes variados de abrasivos,83000000,83010000,83011800
Brick,10003159,Trapos/pliegos de papel de lija,83000000,83010000,83011800
Brick,10006895,Productos de Construcción – Otros,83000000,83010000,83012400
Brick,10005471,Accesorios para puertas,83000000,83010000,83011100
Brick,10003924,Paquetes variados de puertas,83000000,83010000,83011100
Brick,10002577,Portezuelas para gatos/perros,83000000,83010000,83011100
Brick,10002568,Puertas – Garaje,83000000,83010000,83011100
Brick,10002567,Puertas – Interior,83000000,83010000,83011100
Brick,10003923,Puertas – Otros,83000000,83010000,83011100
Brick,10005673,Sistemas de apertura de puerta de acceso/garaje,83000000,83010000,83011100
Brick,10005731,Decoración exterior – Faldear/apuntalar,83000000,83010000,83012300
Brick,10005705,Moldura exterior – Accesorios de revestimiento,83000000,83010000,83012300
Brick,10003969,Moldura exterior – Enchapado,83000000,83010000,83012300
Brick,10003966,Moldura exterior – Ménsula/frontón,83000000,83010000,83012300
Brick,10002677,Moldura exterior – Revestimiento,83000000,83010000,83012300
Brick,10002432,Accesorios de revestimiento para paredes/techos,83000000,83010000,83010100
Brick,10002444,Accesorios de revestimiento para suelo,83000000,83010000,83010100
Brick,10007608,Bordes,83000000,83010000,83010100
Brick,10002453,Paquetes variados de revestimiento para suelo,83000000,83010000,83010100
Brick,10002442,Paquetes variados de revestimientos para paredes/techos,83000000,83010000,83010100
Brick,10008046,Perfil de conductor de yeso / borde de esquina,83000000,83010000,83010100
Brick,10006791,Piedras para albardilla,83000000,83010000,83010100
Brick,10005722,Protectores para esquinas,83000000,83010000,83010100
Brick,10008116,Recubrimientos de acabado y textura,83000000,83010000,83010100
Brick,10006901,Rejilla de entrada / bastidor,83000000,83010000,83010100
Brick,10005370,Revestimiento de suelo – Madera Industrializada,83000000,83010000,83010100
Brick,10006841,Revestimiento para suelo – Arpillera,83000000,83010000,83010100
Brick,10002449,Revestimiento para suelo – Corcho/bambú,83000000,83010000,83010100
Brick,10002451,Revestimiento para suelo – Laminado,83000000,83010000,83010100
Brick,10002443,Revestimiento para suelo – Losas de cerámica/porcelana,83000000,83010000,83010100
Brick,10002447,Revestimiento para suelo – Madera sólida,83000000,83010000,83010100
Brick,10002446,Revestimiento para suelo – Moqueta,83000000,83010000,83010100
Brick,10002452,Revestimiento para suelo – Otros,83000000,83010000,83010100
Brick,10002450,Revestimiento para suelo – Piedra/mármol,83000000,83010000,83010100
Brick,10002448,Revestimiento para suelo – Vinilo/caucho/linóleo,83000000,83010000,83010100
Brick,10002441,Revestimientos de pared/techo – Otros,83000000,83010000,83010100
Brick,10002431,Revestimientos para paredes – azulejos,83000000,83010000,83010100
Brick,10002429,Revestimientos para paredes – Rollos,83000000,83010000,83010100
Brick,10002433,Revestimientos para paredes y techos – Laminas/paneles/losas,83000000,83010000,83010100
Brick,10002532,Rieles/Separadores,83000000,83010000,83010100
Brick,10003981,Sistemas de rejillas para techos,83000000,83010000,83010100
Brick,10007607,Zócalos/Cornisas (Molduras de corona),83000000,83010000,83010100
Brick,10008452,Zócalos/Molduras de corona - Accesorios,83000000,83010000,83010100
Brick,10007722,Agentes de examen de defectos / grietas,83000000,83010000,83012100
Brick,10003206,Cinta adhesiva - construcción,83000000,83010000,83012100
Brick,10008000,Compuesto de construcción,83000000,83010000,83012100
Brick,10003203,Lechada,83000000,83010000,83012100
Brick,10003208,Masilla,83000000,83010000,83012100
Brick,10003211,Paquetes variados de selladores/rellenadores/adhesivos,83000000,83010000,83012100
Brick,10003207,Pegamento/adhesivo,83000000,83010000,83012100
Brick,10003205,Rellenadores,83000000,83010000,83012100
Brick,10003204,Selladores,83000000,83010000,83012100
Brick,10003210,Selladores/rellenadores/adhesivos – Otros,83000000,83010000,83012100
Brick,10008001,Solución de preprocesamiento,83000000,83010000,83012100
Brick,10003977,Accesorios de techado,83000000,83010000,83011700
Brick,10002683,Losas/pizarras para el techo/Techo,83000000,83010000,83011700
Brick,10002687,Membranas para techo,83000000,83010000,83011700
Brick,10002686,Paneles/losas para techo,83000000,83010000,83011700
Brick,10002693,Paquetes variados para techos,83000000,83010000,83011700
Brick,10002688,Revestimientos para techo,83000000,83010000,83011700
Brick,10002689,Rollos de molduras para techos/ventilación,83000000,83010000,83011700
Brick,10003974,Techado – Paja,83000000,83010000,83011700
Brick,10002684,Techado en rollo,83000000,83010000,83011700
Brick,10002692,Techo – Otros,83000000,83010000,83011700
Brick,10007000,Cochera,83000000,83010000,83012600
Brick,10006998,Cochera abierta,83000000,83010000,83012600
Brick,10006999,Techo/cobertizo de patio,83000000,83010000,83012600
Brick,10002544,Claraboyas – Sin madera,83000000,83010000,83012200
Brick,10005289,Tragaluces - revestimiento de madera,83000000,83010000,83012200
Brick,10005288,Tragaluces - tubular,83000000,83010000,83012200
Brick,10003946,Ventanas - unidades individuales - madera,83000000,83010000,83012200
Brick,10002553,Ventanas – Contraventanas,83000000,83010000,83012200
Brick,10005290,Ventanas – Otros,83000000,83010000,83012200
Brick,10005295,Ventanas – Saliente/arco – Madera,83000000,83010000,83012200
Brick,10005296,Ventanas – Saliente/arco – No de madera,83000000,83010000,83012200
Brick,10005297,Ventanas – Saliente/arco – Revestimiento de madera,83000000,83010000,83012200
Brick,10005287,Ventanas – Unidades combinadas – Revestimiento de madera,83000000,83010000,83012200
Brick,10005286,Ventanas – Unidades combinadas – Revestimiento no de madera,83000000,83010000,83012200
Brick,10002542,Ventanas – Unidades de combinación – Madera,83000000,83010000,83012200
Brick,10005284,Ventanas – Unidades sencillas – Revestimiento de madera,83000000,83010000,83012200
Brick,10005285,Ventanas – Unidades sencillas – Revestimiento no de madera,83000000,83010000,83012200
Brick,10008007,Accesorios para limpiadores de pisos industriales,47000000,47220000,47220100
Brick,10008006,Limpiador de pisos industrial - Motorizado,47000000,47220000,47220100
Brick,10000740,Ambientadores – Tejido,47000000,47100000,47101500
Brick,10000696,Ambientadores/desodorantes (eléctricos),47000000,47100000,47101500
Brick,10000402,Ambientadores/desodorantes (no eléctricos),47000000,47100000,47101500
Brick,10000745,Otros ambientadores/desodorantes,47000000,47100000,47101500
Brick,10000697,Paquetes variados de ambientadores/desodorantes,47000000,47100000,47101500
Brick,10000434,Cuidado de superficies/protección,47000000,47100000,47101900
Brick,10000556,Kit quita-rasguño/reparadores,47000000,47100000,47101900
Brick,10000749,Otros cuidados de superficies,47000000,47100000,47101900
Brick,10000701,Paquetes variados de cuidados de superficies,47000000,47100000,47101900
Brick,10008145,Detergente- De mano para platos,47000000,47100000,47102100
Brick,10008147,Lavaplatos Automático - Abrillantador,47000000,47100000,47102100
Brick,10008148,Lavaplatos Automático - Aditivos/Potenciador,47000000,47100000,47102100
Brick,10008144,Lavaplatos Automático - Ambientadores/Desodorantes,47000000,47100000,47102100
Brick,10008119,Lavaplatos automático- Detergente,47000000,47100000,47102100
Brick,10008146,Lavaplatos Automático- Sal,47000000,47100000,47102100
Brick,10000445,Lavavajillas automático - Cuidado del vidrio,47000000,47100000,47102100
Brick,10008149,Tratamiento de Pre lavado de platos,47000000,47100000,47102100
Brick,10000427,Cuidado del color de la ropa,47000000,47100000,47101700
Brick,10000424,Detergentes para lavandería,47000000,47100000,47101700
Brick,10000444,Lavandería limpieza en seco,47000000,47100000,47101700
Brick,10000747,Otros productos de lavandería,47000000,47100000,47101700
Brick,10000699,Paquetes variados de productos de lavandería,47000000,47100000,47101700
Brick,10000743,Potenciadores de detergentes/blanqueadores para ropa,47000000,47100000,47101700
Brick,10000742,Productos afianzadores del tejido/almidón,47000000,47100000,47101700
Brick,10000741,Protectores para el tejido/tela,47000000,47100000,47101700
Brick,10000744,Suavizantes para ropa,47000000,47100000,47101700
Brick,10007932,Activador biológico,47000000,47100000,47101600
Brick,10000531,Blanqueador,47000000,47100000,47101600
Brick,10000442,Descalcificadores,47000000,47100000,47101600
Brick,10000441,Desinfectantes,47000000,47100000,47101600
Brick,10000405,Limpiadores de superficies,47000000,47100000,47101600
Brick,10000505,Limpiadores de superficies para bebés,47000000,47100000,47101600
Brick,10000746,Otros limpiadores,47000000,47100000,47101600
Brick,10000426,Productos de limpieza para el baño,47000000,47100000,47101600
Brick,10000440,Productos para eliminar el moho,47000000,47100000,47101600
Brick,10000443,Quitamanchas,47000000,47100000,47101600
Brick,10006234,Sanitizantes,47000000,47100000,47101600
Brick,10000446,Suavizantes de agua,47000000,47100000,47101600
Brick,10000698,Surtidos de limpiadores,47000000,47100000,47101600
Brick,10000423,Tratamientos de drenaje/destapador de tuberías,47000000,47100000,47101600
Brick,10006233,Tratamientos de los alimentos,47000000,47100000,47101600
Brick,10000702,Surtidos de limpieza,47000000,47100000,47102000
Brick,10001761,Bolsas de basura,47000000,47210000,47210100
Brick,10002125,Botes para basura/desperdicio,47000000,47210000,47210100
Brick,10006815,Paquetes surtidos de productos para almacenamiento de desechos,47000000,47210000,47210100
Brick,10006817,Productos de almacenamiento de desechos - otros,47000000,47210000,47210100
Brick,10006816,Productos de almacenamiento de desechos - piezas de repuesto,47000000,47210000,47210100
Brick,10000397,Accesorios de ayudas de limpieza,47000000,47200000,47200200
Brick,10005811,Barredoras (no eléctricas),47000000,47200000,47200200
Brick,10008124,Batidores de alfombra,47000000,47200000,47200200
Brick,10008128,Conjunto de Trapeador-Cubeta,47000000,47200000,47200200
Brick,10008123,Cubetas,47000000,47200000,47200200
Brick,10008122,Escobas/Cepillos,47000000,47200000,47200200
Brick,10008127,Escobillas de limpieza,47000000,47200000,47200200
Brick,10008129,Esponjas domésticas,47000000,47200000,47200200
Brick,10008130,Paquetes variados de ayuda para la limpieza,47000000,47200000,47200200
Brick,10000447,Toallas de papel,47000000,47200000,47200200
Brick,10008126,Trapeadores,47000000,47200000,47200200
Brick,10008125,Trapos de limpieza,47000000,47200000,47200200
Brick,10008136,Ayudas para Colgar Ropa,47000000,47200000,47200300
Brick,10008135,Bolsas de lavandería,47000000,47200000,47200300
Brick,10008134,Cestas de Lavandería,47000000,47200000,47200300
Brick,10008278,Doblador de ropa (eléctrico),47000000,47200000,47200300
Brick,10008277,Doblador de ropa (no eléctrico),47000000,47200000,47200300
Brick,10005830,Estación de planchado con vapor,47000000,47200000,47200300
Brick,10002031,Limpiadores con vapor,47000000,47200000,47200300
Brick,10008131,Perchas de ropa,47000000,47200000,47200300
Brick,10002023,Planchas (eléctricas),47000000,47200000,47200300
Brick,10002025,Prensas para ropa,47000000,47200000,47200300
Brick,10008132,Rodillo/Cepillo para quitar pelusa de la ropa,47000000,47200000,47200300
Brick,10008137,Secadores de Ropa (No Eléctrico),47000000,47200000,47200300
Brick,10008133,Tabla de planchado (No Eléctrica),47000000,47200000,47200300
Brick,10002024,Tablas para planchar (eléctricas),47000000,47200000,47200300
Brick,10006215,Dispensadores de productos de limpieza/higiene,47000000,47200000,47200100
Brick,10000694,Surtidos de productos de limpieza/higiene,47000000,47190000,47190100
Brick,10000411,Control de plagas/insectos – Barreras/trampas,13000000,13010000,13010100
Brick,10000435,Insecticidas/Pesticidas/Rodenticidas,13000000,13010000,13010100
Brick,10000754,Otros productos de control de alérgenos/plagas/insectos,13000000,13010000,13010100
Brick,10000664,Paquetes variados de control de Insectos/plagas/alérgenos,13000000,13010000,13010100
Brick,10000436,Repelentes no personales,13000000,13010000,13010100
Brick,10006853,Repelentes/ahuyentadores de animales (Césped/jardín) – eléctricos,13000000,13010000,13010100
Brick,10005362,Repelentes/ahuyentadores de animales (Césped/jardín) – no eléctricos,13000000,13010000,13010100
Brick,10005360,Abrillantador/limpiador de plantas/hojas,13000000,13010000,13010200
Brick,10004109,Fungicidas,13000000,13010000,13010200
Brick,10003227,Herbicidas,13000000,13010000,13010200
Brick,10003234,Nutrientes/fertilizantes para suelo/plantas,13000000,13010000,13010200
Brick,10003240,Otros tratamientos/productos químicos para plantas,13000000,13010000,13010200
Brick,10003239,Paquetes variados de tratamientos/productos químicos para plantas,13000000,13010000,13010200
Brick,10006734,Protección de Semillas / Mordientes,13000000,13010000,13010200
Brick,10006733,Reguladores de Crecimiento de Plantas,13000000,13010000,13010200
Brick,10008383,Lápidas,99000000,99010000,99010200
Brick,10008293,Ataúdes/Cofres,99000000,99010000,99010100
Brick,10008294,Urnas,99000000,99010000,99010100
Brick,10005626,Absorbentes (hágalo usted mismo),85000000,85010000,85010200
Brick,10005631,Piezas/Accesorios de repuesto de productos colectivos de protección,85000000,85010000,85010200
Brick,10005628,Productos antideslizantes (hágalo usted mismo),85000000,85010000,85010200
Brick,10005627,Productos antifatiga (hágalo usted mismo),85000000,85010000,85010200
Brick,10005646,Productos colectivos de protección – Otros,85000000,85010000,85010200
Brick,10005630,Red/cortinas/barreras de seguridad,85000000,85010000,85010200
Brick,10005418,Paquetes variados de Seguridad/protección/vigilancia,91000000,91040000,91040100
Brick,10005385,Alarmas de incendio público,91000000,91020000,91020100
Brick,10005386,Campanas extractoras de humo/Respiradores,91000000,91020000,91020100
Brick,10005387,Paquetes variados de productos de seguridad química/fuego ecológico/,91000000,91020000,91020100
Brick,10005384,Rampas/escaleras de escape para incendios,91000000,91020000,91020100
Brick,10005383,Retardantes/supresores de fuego,91000000,91020000,91020100
Brick,10005388,Bocinas de aire/niebla,91000000,91020000,91020200
Brick,10005389,Cinturón salvavidas/Chaleco salvavidas,91000000,91020000,91020200
Brick,10003427,Detectores de rayos (eléctricos),91000000,91020000,91020200
Brick,10005390,Embarcaciones salvavidas/flotadores salvavidas/almohadas salvavidas,91000000,91020000,91020200
Brick,10005395,Paquetes variados de productos de seguridad ambientales/desastres naturales,91000000,91020000,91020200
Brick,10005391,Pararrayos/Accesorios,91000000,91020000,91020200
Brick,10005872,Plóter electrónico náutico,91000000,91020000,91020200
Brick,10005474,Productos para derretir hielo/sal de roca,91000000,91020000,91020200
Brick,10005393,Refugios para tormentas,91000000,91020000,91020200
Brick,10005392,Sacos de arena/protectores de suelo,91000000,91020000,91020200
Brick,10005874,Sistemas de radar de navegación marítima,91000000,91020000,91020200
Brick,10005873,Software de navegación marítima,91000000,91020000,91020200
Brick,10005394,Transpondedores,91000000,91020000,91020200
Brick,10005379,Aerosoles de autodefensa,91000000,91010000,91010100
Brick,10005373,Alarmas corporales,91000000,91010000,91010100
Brick,10005376,Alarmas de equipaje personal,91000000,91010000,91010100
Brick,10005375,Alarmas de llavero,91000000,91010000,91010100
Brick,10005377,Bengalas/señales de seguridad personal,91000000,91010000,91010100
Brick,10005381,Cámaras web inalámbricas portátiles (Vigilancia inversa),91000000,91010000,91010100
Brick,10005378,Luces de seguridad personal,91000000,91010000,91010100
Brick,10005472,Mantas de supervivencia de emergencia/sacos de dormir,91000000,91010000,91010100
Brick,10005382,Paquetes variados de dispositivos de seguridad personal,91000000,91010000,91010100
Brick,10006851,Partes de reemplazo y accesorios para vehículos a control remoto,91000000,91010000,91010100
Brick,10005380,Pistolas paralizadoras,91000000,91010000,91010100
Brick,10005374,Silbatos de emergencia,91000000,91010000,91010100
Brick,10006850,Vehículos a control remoto,91000000,91010000,91010100
Brick,10005416,Cajas de seguridad,91000000,91030000,91030500
Brick,10006231,Postes separadores,91000000,91030000,91030700
Brick,10008396,Cerradura/Candado,91000000,91030000,91030900
Brick,10008496,Control de velocidad de las ruedas,91000000,91030000,91030900
Brick,10005414,Cámaras de vigilancia/grabadores de vídeo,91000000,91030000,91030400
Brick,10005411,Equipo de instalación/detección de micrófonos ocultos,91000000,91030000,91030400
Brick,10005709,Espejos exteriores convexos,91000000,91030000,91030400
Brick,10005413,Luces de seguridad,91000000,91030000,91030400
Brick,10005415,Paquetes variados de equipos de vigilancia de viviendas/negocios,91000000,91030000,91030400
Brick,10005412,Sensores de luz/movimiento/sonido,91000000,91030000,91030400
Brick,10005408,Extintores de incendio – Presurizados,91000000,91030000,91030300
Brick,10005409,Mangueras de incendio,91000000,91030000,91030300
Brick,10005407,Mantas de incendio,91000000,91030000,91030300
Brick,10005410,Paquetes variados de extintores para incendio para viviendas/negocios,91000000,91030000,91030300
Brick,10005417,Paquetes variados de seguridad/vigilancia para viviendas/negocios,91000000,91030000,91030600
Brick,10007278,Barrera de estacionamiento,91000000,91030000,91030200
Brick,10005401,Cadenas de puertas/protectores de puertas,91000000,91030000,91030200
Brick,10005725,Cintas para barreras de seguridad,91000000,91030000,91030200
Brick,10005399,Intercomunicadores de entrada para puertas/accesos,91000000,91030000,91030200
Brick,10005406,Paquetes variados de productos de seguridad perimetral/puertas/ventanas,91000000,91030000,91030200
Brick,10005400,Pestillos/candados/cerrojos para puertas/accesos/ventanas,91000000,91030000,91030200
Brick,10007007,Producto de seguridad antideslizante / disuasorio,91000000,91030000,91030200
Brick,10008497,Protección Contra Colisiones,91000000,91030000,91030200
Brick,10008498,Puerta de seguridad - industrial,91000000,91030000,91030200
Brick,10005405,Rejas/paneles/persianas antirrobo para ventanas,91000000,91030000,91030200
Brick,10005398,Sistemas de seguridad de control de acceso,91000000,91030000,91030200
Brick,10008069,Timbres inteligentes,91000000,91030000,91030200
Brick,10005402,Visores para puertas/accesos,91000000,91030000,91030200
Brick,10005396,Alarmas antirrobo,91000000,91030000,91030100
Brick,10007008,Detector de rotura de vidrio,91000000,91030000,91030100
Brick,10005397,Detectores de gas/ calor/ humo/ agua,91000000,91030000,91030100
Brick,10005473,Piezas/Accesorios de repuesto de sistemas de alarma,91000000,91030000,91030100
Brick,10000796,Arneses/correas,91000000,91050000,91050100
Brick,10000791,Control de la seguridad del bebé (eléctrico),91000000,91050000,91050100
Brick,10000634,Control de la seguridad del bebé (no eléctrico),91000000,91050000,91050100
Brick,10006818,Paquetes con variedad de productos para seguridad/vigilancia/protección del bebé,91000000,91050000,91050100
Brick,10000788,Parques de juego para bebés,91000000,91050000,91050100
Brick,10000503,Protección segura del bebé (no eléctrico),91000000,91050000,91050100
Brick,10006820,Seguridad/vigilancia/protección para bebé – otro,91000000,91050000,91050100
Brick,10006819,Seguridad/vigilancia/protección para bebé – partes de reemplazo,91000000,91050000,91050100
Brick,99999999,Clasificación temporal,58000000,58010000,58010100
Brick,10000624,Paquetes variados de segmento cruzado,58000000,58010000,58010100
Brick,10007581,Gestión empresarial y servicios de consultoría,95000000,95010000,95010400
Brick,10007580,Servicios de arquitectura e ingeniería,95000000,95010000,95010300
Brick,10007578,Servicios de contabilidad,95000000,95010000,95010100
Brick,10007582,Servicios de informática y tecnología,95000000,95010000,95010500
Brick,10007579,Servicios de publicidad,95000000,95010000,95010200
Brick,10007583,Servicios jurídicos,95000000,95010000,95010600
Brick,10007584,Construcción de edificios y servicios relacionados,95000000,95020000,95020100
Brick,10008109,Máquina expendedora,95000000,95160000,95160100
Brick,10008110,Unidad de control que funciona con monedas,95000000,95160000,95160100
Brick,10007595,Servicios Científicos y Tecnológicos,95000000,95100000,95100100
Brick,10007600,Servicios de Higiene y Belleza,95000000,95130000,95130100
Brick,10007601,Servicios Médicos,95000000,95130000,95130200
Brick,10007602,Servicios Veterinarios,95000000,95130000,95130300
Brick,10007597,Servicios de alojamiento temporal,95000000,95110000,95110400
Brick,10007596,Servicios de Comida y Bebida,95000000,95110000,95110300
Brick,10007586,Servicios audiovisuales,95000000,95040000,95040100
Brick,10008408,Servicios de garantía,95000000,95040000,95040200
Brick,10007587,Servicios de telecomunicaciones,95000000,95040000,95040200
Brick,10007593,Servicios de embalaje / almacenamiento,95000000,95080000,95080100
Brick,10007585,Servicios de limpieza,95000000,95030000,95030100
Brick,10007599,Servicios de instalación,95000000,95120000,95120200
Brick,10008511,Gestión del asbesto,95000000,95120000,95120100
Brick,10007598,Servicios de Reparación / Mantenimiento,95000000,95120000,95120100
Brick,10008510,Servicios de adquisición y arrendamiento de vehículos,95000000,95140000,95140100
Brick,10007603,Servicios de Transportación,95000000,95140000,95140100
Brick,10007605,Servicios de Viaje,95000000,95150000,95150100
Brick,10007589,Servicios de entretenimiento,95000000,95050000,95050200
Brick,10007588,Servicios educativos,95000000,95050000,95050100
Brick,10007591,Servicios ambientales,95000000,95060000,95060200
Brick,10007590,Servicios energéticos,95000000,95060000,95060100
Brick,10007592,Servicios Financieros,95000000,95070000,95070100
Brick,10007594,Servicios Postales,95000000,95090000,95090100
Brick,10005541,Cables eléctricos,78000000,78040000,78040400
Brick,10005754,Cables para computadora,78000000,78040000,78040300
Brick,10005759,Cables para la instalación del sistema de satélite,78000000,78040000,78040300
Brick,10005757,Cables para sistemas audiovisuales,78000000,78040000,78040300
Brick,10005758,Cables para sistemas de telecomunicaciones,78000000,78040000,78040300
Brick,10005674,Accesorios de marcado de cables,78000000,78040000,78040100
Brick,10005660,Accesorios para conductos de cables,78000000,78040000,78040100
Brick,10005647,Cable/hilo conductor/conducto/canaletas,78000000,78040000,78040100
Brick,10005650,Cableado/Protección de cableado/Protección,78000000,78040000,78040100
Brick,10005648,Marcadores de cable,78000000,78040000,78040100
Brick,10005651,Pasadores/arandelas/amarres para cables,78000000,78040000,78040100
Brick,10005649,Rieles de cable/retráctiles,78000000,78040000,78040100
Brick,10005667,Accesorios de circuitos electrónicos,78000000,78050000,78050100
Brick,10005661,Acoplamientos de circuitos/circuitos integrados,78000000,78050000,78050100
Brick,10005662,Componentes discretos,78000000,78050000,78050100
Brick,10005571,Cable/hilo retráctil,78000000,78060000,78060100
Brick,10005559,Cables/extensiones fuentes de alimentación,78000000,78060000,78060100
Brick,10008363,Monitores/Pantallas,78000000,78060000,78060100
Brick,10005505,Tableros de pared (Eléctricos),78000000,78060000,78060100
Brick,10005546,Trenza de empalme/toma a tierra,78000000,78060000,78060100
Brick,10005742,Verificadores electrónicos,78000000,78060000,78060100
Brick,10005599,Voltímetros/multímetros,78000000,78060000,78060100
Brick,10000546,Baterías,78000000,78020000,78021100
Brick,10005764,Cajas de baterías,78000000,78020000,78021100
Brick,10000548,Cargadores,78000000,78020000,78021100
Brick,10000704,Paquetes variados de baterías/cargadores,78000000,78020000,78021100
Brick,10005567,Clavijas/receptáculos/tomacorrientes,78000000,78020000,78020500
Brick,10005573,Conectores (Eléctricos),78000000,78020000,78020500
Brick,10000551,Enchufes,78000000,78020000,78020500
Brick,10005572,Paquetes variados de conexiones eléctricas,78000000,78020000,78020500
Brick,10005577,Accesorios/acoplamientos de distribución eléctrica,78000000,78020000,78020600
Brick,10005496,Adaptores (eléctricos),78000000,78020000,78020600
Brick,10005575,Barra/Barra de distribución,78000000,78020000,78020600
Brick,10005622,Condensadores,78000000,78020000,78020600
Brick,10000547,Convertidores/Transformadores,78000000,78020000,78020600
Brick,10005576,Cortocircuitos,78000000,78020000,78020600
Brick,10005568,Divisores,78000000,78020000,78020600
Brick,10000549,Fusibles,78000000,78020000,78020600
Brick,10005586,Interruptores,78000000,78020000,78020600
Brick,10005583,Placas/cajas de distribución,78000000,78020000,78020600
Brick,10005588,Regleteros de terminal/tiras,78000000,78020000,78020600
Brick,10005570,Relés/contactos,78000000,78020000,78020600
Brick,10005585,Supresores/protectores para picos de tensión,78000000,78020000,78020600
Brick,10005682,Temporizadores/controladores eléctricos/Controladores,78000000,78020000,78020600
Brick,10008395,Accesorios de Generación Eléctrica,78000000,78020000,78021200
Brick,10008392,Aerogeneradores,78000000,78020000,78021200
Brick,10005875,Centrales solares,78000000,78020000,78021200
Brick,10008390,Convertidores,78000000,78020000,78021200
Brick,10005211,Generadores,78000000,78020000,78021200
Brick,10008389,Paneles solares,78000000,78020000,78021200
Brick,10008391,Reguladores de carga/voltaje,78000000,78020000,78021200
Brick,10008394,Set generador de energía,78000000,78020000,78021200
Brick,10008393,Turbinas de agua,78000000,78020000,78021200
Brick,10000303,Accesorios para fumar,12000000,12010000,12010600
Brick,10008500,Base de cáñamo – Concentrado,12000000,12010000,12010800
Brick,10008501,Base de cáñamo – Pre-enrollado,12000000,12010000,12010800
Brick,10008088,Cannabis - Aceites Comestibles - vegetal o de plantas (No necesitan refrigeración),12000000,12010000,12010100
Brick,10008483,Cannabis - Alimentos no salados,12000000,12010000,12010100
Brick,10008087,Cannabis - Bebidas de jugo de frutas - Listo para beber (No necesitan refrigeración),12000000,12010000,12010100
Brick,10008482,Cannabis - Bebidas en polvo,12000000,12010000,12010100
Brick,10008079,Cannabis - Bebidas saborizadas - Listo para beber (No necesitan refrigeración),12000000,12010000,12010100
Brick,10008077,Cannabis - Biscuit / Cookie Mix (No necesitan refrigeración),12000000,12010000,12010100
Brick,10008310,Cannabis - Bocadillo salado - Listo para comer (estable en almacenamiento),12000000,12010000,12010100
Brick,10008481,Cannabis - Café,12000000,12010000,12010100
Brick,10008074,Cannabis - Chocolate / Dulces de chocolate confitados,12000000,12010000,12010100
Brick,10008484,Cannabis - Condimentos,12000000,12010000,12010100
Brick,10008073,Cannabis - Dulces / Dulces sustitutos de confitería,12000000,12010000,12010100
Brick,10008076,Cannabis - Galletas /Bizcochos - Listos para comer (No necesitan refrigeración),12000000,12010000,12010100
Brick,10008070,Cannabis - Galletas/Bizcochos (Congeladas),12000000,12010000,12010100
Brick,10008071,Cannabis - Galletas/Bizcochos (Perecederas),12000000,12010000,12010100
Brick,10008083,Cannabis - Infusiones de hierbas de frutas - Listo para beber,12000000,12010000,12010100
Brick,10008085,Cannabis - Jugo de frutas - Listo para beber (No necesitan refrigeración),12000000,12010000,12010100
Brick,10008084,Cannabis - Jugo de frutas - Listo para beber (perecedero),12000000,12010000,12010100
Brick,10008086,Cannabis - Jugos de frutas - Listo para beber (perecedero),12000000,12010000,12010100
Brick,10008078,Cannabis - Muffins / Brownies / Pasteles - Listo para comer (No necesitan refrigeración),12000000,12010000,12010100
Brick,10008075,Cannabis - Paquetes de productos de confitería / endulzantes de azúcar,12000000,12010000,12010100
Brick,10008082,Cannabis - Té / Infusiones de té de hierbas - Listo para beber (No necesitan refrigeración),12000000,12010000,12010100
Brick,10008081,Cannabis - Té / Té de hierbas - Hojas / Bolsas infundidas,12000000,12010000,12010100
Brick,10008080,Cannabis-  Potenciador del agua para bebidas (No necesitan refrigeración),12000000,12010000,12010100
Brick,10008313,Cannabis - Baño y ducha,12000000,12010000,12010200
Brick,10008094,Cannabis - Budder,12000000,12010000,12010200
Brick,10008102,Cannabis - Cartucho de vaporizador,12000000,12010000,12010200
Brick,10008091,Cannabis - Cigarrillos a base de hierbas - Sin tabaco,12000000,12010000,12010200
Brick,10008488,Cannabis - Concentrado - Otros,12000000,12010000,12010200
Brick,10008312,Cannabis - Flor Seca - Molido,12000000,12010000,12010200
Brick,10008316,Cannabis - Fresco,12000000,12010000,12010200
Brick,10008099,Cannabis - Hachís,12000000,12010000,12010200
Brick,10008311,Cannabis - Infusión sólida,12000000,12010000,12010200
Brick,10008098,Cannabis - Keif,12000000,12010000,12010200
Brick,10008101,Cannabis - Kit de vaporizador,12000000,12010000,12010200
Brick,10008315,Cannabis - Live Rosin,12000000,12010000,12010200
Brick,10008487,Cannabis - Lubricantes personales,12000000,12010000,12010200
Brick,10008318,Cannabis - Planta,12000000,12010000,12010200
Brick,10008485,Cannabis - Pre rollos con infusión,12000000,12010000,12010200
Brick,10008097,Cannabis - Resina,12000000,12010000,12010200
Brick,10008314,Cannabis - Resina viva,12000000,12010000,12010200
Brick,10008096,Cannabis - Rosin,12000000,12010000,12010200
Brick,10008317,Cannabis - Semillas,12000000,12010000,12010200
Brick,10008093,Cannabis - Shatter,12000000,12010000,12010200
Brick,10008089,Cannabis - Sólidos orales - Cápsulas / Tabletas / Cápsulas blandas,12000000,12010000,12010200
Brick,10008486,Cannabis - Supositorios,12000000,12010000,12010200
Brick,10008090,Cannabis - Tópico - Cremas / lociones para rostro y cuerpo,12000000,12010000,12010200
Brick,10008100,Cannabis - Vape Pen desechable,12000000,12010000,12010200
Brick,10008095,Cannabis - Wax,12000000,12010000,12010200
Brick,10006992,Cannabis – Aceite / Spray oral / Tintura,12000000,12010000,12010200
Brick,10006994,Cannabis pre-enrollado,12000000,12010000,12010200
Brick,10006993,Flor seca de cannabis,12000000,12010000,12010200
Brick,10006730,Accesorios para cigarrillos electrónicos,12000000,12010000,12010400
Brick,10006729,Cigarrillos electrónicos,12000000,12010000,12010400
Brick,10006313,Chicle de hierbas/rapé - Sin tabaco,12000000,12010000,12010500
Brick,10000584,Cigarrillos de hierbas – Sin tabaco,12000000,12010000,12010500
Brick,10000185,Cigarrillos,12000000,12010000,12010300
Brick,10000186,Puros,12000000,12010000,12010300
Brick,10000134,Tabaco – Para mascar/para fumar,12000000,12010000,12010300
Brick,10000268,Tabaco – Sólido,12000000,12010000,12010300
Brick,10000267,Tabaco – Suelto,12000000,12010000,12010300
Brick,10000620,Paquetes variados de accesorios para fumadores/productos de tabaco,12000000,12010000,12010700
